dataset_dog_id,blr_id,image_name
0,BLR-6001,--1WCesjS6CGTNbuCcv8NwAAACMAARAD.jpg
1,BLR-6002,-27kQ7i7TMOodSpjIF219QAAACMAARAD.jpg
4785,BLR-6903,-3TTrXL2TLSHeHu8PYtcawAAACMAARAD.jpg
5146,BLR-6952,-46Y2mftRrCmlEzefbfWpQAAACMAARED.jpg
5376,BLR-6978,-4KUPUD3S7miiE0Ezt75MgAAACMAARAD.jpg
2,BLR-6003,-4oePjYiRX-aV_Lrg7G2bAAAACMAARAD.jpg
3562,BLR-6732,-4rOCQlwT5ednnqCt8nDGwAAACMAARAD.jpg
3,BLR-6004,-6-Ry_lpQjqzZxDu3PCnKgAAACMAARAD.jpg
4866,BLR-6915,-6hUXIcMQ4eHPJSZOjA2lgAAACMAARAD.jpg
5858,BLR-7047,-6WHQxGYR3ej96FqYNv-hAAAACMAARAD.jpg
4,BLR-6005,-7WUbGMHQoGn3fpAl7WSsQAAACMAARAD.jpg
7,BLR-6008,-AmS43fuRgusYi5axPxikAAAACMAARED.jpg
2396,BLR-6580,-AneLss4TrWlctiSmAEgWAAAACMAARAD.jpg
8,BLR-6009,-As8_KWaRZ2NO_sEkUNJfgAAACMAARAD.jpg
13,BLR-6014,-cw63sDVSW-EsXazEFxPjAAAACMAARAD.jpg
9,BLR-6010,-DuiPyToQ4eFeDUBzzCF8gAAACMAARAD.jpg
2547,BLR-6601,-eiqVCVbRUWz5IAFPHniJAAAACMAARAD.jpg
2867,BLR-6634,-G70uwjFQpOupKcE5FBwqAAAACMAARAD.jpg
14,BLR-6015,-hBG_IPDTwSmrMs1wOIb9QAAACMAARAD.jpg
5145,BLR-6951,-j4hTfnxQVK7v1vSJVYpGwAAACMAARAD.jpg
2867,BLR-6634,-klaK4SPTX2NaJwGjddxcAAAACMAARAD.jpg
2817,BLR-6630,-lizwZHiQZ-e9gn19oJZpgAAACMAARAD.jpg
4073,BLR-6803,-MaD9tGjT1S3ll3Xg-nx2QAAACMAARAD.jpg
4535,BLR-6870,-OUnr-fzT02o1RlVapfaFgAAACMAARAD.jpg
10,BLR-6011,-Q7Iddl8ScWwzEwmvqvfaAAAACMAARAD.jpg
5408,BLR-6983,-QANByhxRGW9D2lGrHVlIAAAACMAARAD.jpg
3520,BLR-6723,-SJHelDESymQnkQLzxKlEAAAACMAARAD.jpg
5060,BLR-6939,-spB12UqSquw6JFHCMnVvAAAACMAARAD.jpg
2374,BLR-6575,-sRd0HOLTMi31Zl8olY0swAAACMAARAD.jpg
5366,BLR-6976,-T3kmxHsR_at5f59vfsPOgAAACMAARAD.jpg
15,BLR-6016,-tvD7MC7TnOavsCMNRMa1wAAACMAARAD.jpg
12,BLR-6013,-Yj1zKInQ-m82GtqixWWDwAAACMAARAD.jpg
2559,BLR-6602,01BHfBWoScyoxXamUICRiQAAACMAARAD.jpg
3535,BLR-6726,04DbnQwuQ9-V7aXBO2DEHwAAACMAARAD.jpg
26,BLR-6027,0aDUq2lvTm--83ctWLYX6AAAACMAARAD.jpg
16,BLR-6017,0BIGWyjLRf-C897Kili9dgAAACMAARAD.jpg
2263,BLR-6561,0B_1VvW7Tf-JbPPg_FILiQAAACMAARAD.jpg
4484,BLR-6867,0c8WDyGlRLGG6z3cakS3FAAAACMAARAD.jpg
1934,BLR-6514,0cuE2Cv9R6SjBy3sbxD0nwAAACMAARAD.jpg
3606,BLR-6739,0DrBosxjRlm7IG7Uu3fvsAAAACMAARAD.jpg
2374,BLR-6575,0dVTXL9mS52QiCwBjwd3lAAAACMAARAD.jpg
4483,BLR-6866,0eMsonI6RNeGHrgMlDEXgwAAACMAARAD.jpg
29,BLR-6030,0exEUosxQFWZh7qo5ZflXQAAACMAARAD.jpg
28,BLR-6029,0e__s4eGS6SpKGXgxChF-QAAACMAARAD.jpg
5957,BLR-7056,0GdWO5icQbKwpuwrEKLdgwAAACMAARAD.jpg
18,BLR-6019,0H3KfrmYR4ComBTewWhrbAAAACMAARAD.jpg
19,BLR-6020,0HFSLHuCQp6ZBreVp4Fa_wAAACMAARAD.jpg
3880,BLR-6776,0HmctjqsQjOHQ3-FGaEvkwAAACMAARAD.jpg
3360,BLR-6702,0iWNHmtdT3WIteY42Nt7JwAAACMAARAD.jpg
4955,BLR-6925,0JTF9de3QTu_LIa8mqq0BwAAACMAARAD.jpg
3401,BLR-6708,0JthCVaYR66NKvppWKPhVwAAACMAARAD.jpg
20,BLR-6021,0JzDsyJjS5mf_hnGozDvfQAAACMAARAD.jpg
4605,BLR-6876,0k8iH_gpQGiWVri8gxh-rQAAACMAARAD.jpg
4865,BLR-6914,0Llk4EUWTBatZ7LbwTf9cwAAACMAARAD.jpg
4760,BLR-6900,0MdWp_xwRZi4UlCqbuGhrwAAACMAARAD.jpg
21,BLR-6022,0Mvkkz39TH2tkudI1XlPMQAAACMAARAD.jpg
1857,BLR-6500,0nxret1wSGaJkpuJnsHtwgAAACMAARAD.jpg
22,BLR-6023,0Ny63zPCS9ysyd3gLgUvjAAAACMAARAD.jpg
23,BLR-6024,0O2iPDQeTK--bGSHHxHfBwAAACMAARAD.jpg
3377,BLR-6705,0oUMWZG6TbOpnNBBUI0JDgAAACMAARAD.jpg
31,BLR-6032,0p4VZIC7SIWzl8HefrOwEQAAACMAARAD.jpg
5322,BLR-6969,0QCCWEbQSyekYoFiWKnhbgAAACMAARAD.jpg
5800,BLR-7036,0RdU88SNSb2s-y4NxFgNfwAAACMAARAD.jpg
5297,BLR-6966,0sLsWmU9SKqFKOwd4cQpSwAAACMAARAD.jpg
1781,BLR-6490,0Tolu7cpRQurgl7b87DAOwAAACMAARAD.jpg
4729,BLR-6897,0tSR3cRoRluMGt590nifKwAAACMAARAD.jpg
24,BLR-6025,0V1yIHp_RXywGzQoL3mLMAAAACMAARAD.jpg
5196,BLR-6956,0W-oV3d5TIuLgT8sFEzXXgAAACMAARAD.jpg
4713,BLR-6895,0XDi4hvoT8yIL6eaXvcLywAAACMAARAD.jpg
3660,BLR-6746,0ZtjBTLARn6qt52yuQnElAAAACMAARAD.jpg
19,BLR-6020,0_8uT774TpSSHKSU0SHhyQAAACMAARAD.jpg
4040,BLR-6799,1-dWWbXST4y5ds1thWeNHQAAACMAARED.jpg
2658,BLR-6610,10yEUsTlSu29vWDDI0Jh7gAAACMAARAD.jpg
3851,BLR-6771,11IMRtN8SE-xuYblvD6gaAAAACMAARAD.jpg
3734,BLR-6755,11yV_KqvSrGfn50W16TtRwAAACMAARAD.jpg
32,BLR-6033,12IrQN56T9KopgJSKGAR8QAAACMAARAD.jpg
1806,BLR-6494,13lD9vBzRDedqvhV_BCaawAAACMAARED.jpg
33,BLR-6034,14Sk1sFPS9WFfhgKnPJImAAAACMAARAD.jpg
3401,BLR-6708,16rmbJ0XQda2W8ulca69IgAAACMAARAD.jpg
34,BLR-6035,194nygddRhu_YkApbn3okAAAACMAARAD.jpg
3526,BLR-6724,1a6zORYrSb6WKnRVTUq7gwAAACMAARAD.jpg
1834,BLR-6496,1AyXaRO3R2S6jKOt1OTS-AAAACMAARAD.jpg
4853,BLR-6913,1bW6ANgtQn6Tum8EiXFZYQAAACMAARAD.jpg
36,BLR-6037,1Cxhvj2kRTaTE7bL8MnjgQAAACMAARAD.jpg
5960,BLR-7057,1DUlr4dURtqhdRrCS69ZgAAAACMAARAD.jpg
38,BLR-6039,1E6zXUBURMC1mYhRyNeVcwAAACMAARAD.jpg
4288,BLR-6836,1EzY9oLrSjqekoB6bfKyzAAAACMAARAD.jpg
39,BLR-6040,1Fww4v8WRKub50mxQN6STQAAACMAARAD.jpg
48,BLR-6049,1gTbWOPKRxWWXV1Twp18pgAAACMAARAD.jpg
40,BLR-6041,1INpPwenQf-cISW2D6KG4AAAACMAARAD.jpg
49,BLR-6050,1jTIRxj1SO-w03azEEkYjQAAACMAARAD.jpg
5013,BLR-6934,1k8I6KVAT_WLGPtcrce1_gAAACMAARAD.jpg
41,BLR-6042,1Kb5iBYBRye4d0-Oz4znSQAAACMAARAD.jpg
5442,BLR-6989,1L0xSfSyRUiHnti6ZkebXwAAACMAARAD.jpg
2535,BLR-6599,1LKZ0le2Q2yfopXd5bQ2xAAAACMAARED.jpg
4686,BLR-6890,1lNBHCqzTDeBcILBwJp-7QAAACMAARAD.jpg
4155,BLR-6817,1lOTGhEWSLy4j0faZhNk9wAAACMAARAD.jpg
3019,BLR-6662,1mdgCTLZTRayFRSpTtnSEAAAACMAARED.jpg
2437,BLR-6586,1MiYCUu6Ruu3vrvdp4GapwAAACMAARAD.jpg
5408,BLR-6983,1mvufAu7SCa8NhvkHYYdfAAAACMAARAD.jpg
42,BLR-6043,1MZpvttoRh-drL4qedF50gAAACMAARAD.jpg
50,BLR-6051,1nB5kcEdTOG6RcPXk-WWgwAAACMAARAD.jpg
3528,BLR-6725,1nBKJQBuTJGX0hbQZNlvQAAAACMAARAD.jpg
3848,BLR-6770,1ocGkY01T7K_DAl3n-uQLwAAACMAARAD.jpg
51,BLR-6052,1oEY9xsZRbK1y_egWyUWfgAAACMAARAD.jpg
1792,BLR-6492,1oiW0N2eT0CLNKGG6LyFaQAAACMAARAD.jpg
43,BLR-6044,1OWb1h0MTvaTz2XnfN7jZQAAACMAARAD.jpg
44,BLR-6045,1PLAbwAaTceWI_L_43eI0AAAACMAARAD.jpg
52,BLR-6053,1pRUK2iNST67MzgulFB1PQAAACMAARAD.jpg
2650,BLR-6607,1RvlhAkYRWWF3Cud0tGDKwAAACMAARAD.jpg
5111,BLR-6946,1rZgjPPPS32yESkuGv3LLgAAACMAARAD.jpg
53,BLR-6054,1slKLwaqQp6OKwaa5HhGOAAAACMAARAD.jpg
1885,BLR-6506,1tBX3qJMR9yoYAgbLOn2CgAAACMAARAD.jpg
5827,BLR-7041,1u5RC96DSSGhP-caETvXfQAAACMAARAD.jpg
4921,BLR-6923,1WoGVlkkQlCDF8mctiF2sQAAACMAARAD.jpg
54,BLR-6055,1xB4LZXbT8SCNlWnwZg0MgAAACMAARED.jpg
1785,BLR-6491,1XcE6m3zSCur58X-hFtdTAAAACMAARAD.jpg
45,BLR-6046,1Xy4-13hSkOJ4A0ByMDxugAAACMAARAD.jpg
55,BLR-6056,1y81tC3tQMKcui6uNqa_MQAAACMAARAD.jpg
5720,BLR-7025,1yv1XFmYQIqGC3ETpIuU2QAAACMAARAD.jpg
5352,BLR-6973,1ZTF2PdKRUSqvSJZONDP8gAAACMAARAD.jpg
46,BLR-6047,1_JpMmcORJaT6rJy4uyj3AAAACMAARAD.jpg
4463,BLR-6862,2-H43IhGQKKZmQjIeleJcgAAACMAARAD.jpg
2641,BLR-6606,20Uy-ycjRkKSy8-ldfiG4QAAACMAARAD.jpg
5452,BLR-6990,20vALrZ-Q5mA7tqz3YUzGwAAACMAARAD.jpg
4483,BLR-6866,21BsPU1BSGyjXOZZEcyrxAAAACMAARAD.jpg
4252,BLR-6832,21L67gauQ-OW4SxHeogM9gAAACMAARAD.jpg
2718,BLR-6619,244eHycdQlqC9Ljx60B7-AAAACMAARAD.jpg
5594,BLR-7008,25CQt5_uTDeOO3DQjTJ-oAAAACMAARAD.jpg
5857,BLR-7046,25_WUrUGSRSwEQtlCIA78gAAACMAARAD.jpg
56,BLR-6057,26CHml4kShuqPfrGb7dUxAAAACMAARAD.jpg
50,BLR-6051,26Tl-eY4SwOHp7DPB8T-HgAAACMAARAD.jpg
4220,BLR-6827,27lLtp1DRTCgAWgIEDzyUwAAACMAARAD.jpg
1866,BLR-6502,27lzgXLkRhmoqlW4yBxbYQAAACMAARAD.jpg
57,BLR-6058,29cI8st5TyidxBakfetUeAAAACMAARAD.jpg
5999,BLR-7064,2A23mcKTRe6iwvdle-DnoQAAACMAARAD.jpg
3651,BLR-6745,2a6qMY-eQjmydXrNH8g-8QAAACMAARAD.jpg
2413,BLR-6584,2aNdjPnZTsK2-J1ZbRPiNAAAACMAARAD.jpg
5966,BLR-7059,2d-0eWw0TDKv5kSoh012ogAAACMAARAD.jpg
1935,BLR-6515,2dcuj_S3RfS36BisGBY8mAAAACMAARAD.jpg
62,BLR-6063,2de_YM5xQRC37gWNMrZQKgAAACMAARAD.jpg
4620,BLR-6878,2DnVgdE9RkSSHt-PPvhlIgAAACMAARAD.jpg
2033,BLR-6531,2f7hAfWkRUiV8b9RwYjoYgAAACMAARAD.jpg
63,BLR-6064,2fbw6YsuQL-0GD4brd4TDAAAACMAARAD.jpg
5704,BLR-7022,2G8MIAaDRluIS-ucQOWdigAAACMAARAD.jpg
4731,BLR-6898,2g9koxhdTpyvtJj_f1gzMwAAACMAARAD.jpg
3771,BLR-6759,2gbC7vVpRb6oLhhBtMylvQAAACMAARAD.jpg
3579,BLR-6733,2hThfX84Qg64nsG81y9RTgAAACMAARAD.jpg
5656,BLR-7017,2iEC5ZrsSa2JpfKnTQbADQAAACMAARAD.jpg
2757,BLR-6623,2iPrkh4kQti6KfXjm4XiZAAAACMAARAD.jpg
5146,BLR-6952,2J56vhKKQf-AaGDIbUu-nwAAACMAARAD.jpg
2212,BLR-6552,2JIvtjHsSSa_lu8WpZufXAAAACMAARAD.jpg
5297,BLR-6966,2JpLCNdHRWWnM2bmOYQyhAAAACMAARAD.jpg
3203,BLR-6681,2lTRptsASteCaLyYfQPYTAAAACMAARAD.jpg
2559,BLR-6602,2MRqbXiGRxibzpyfvB2YswAAACMAARAD.jpg
20,BLR-6021,2Ms3dlCkTvOiO2ZioSbdvgAAACMAARAD.jpg
3294,BLR-6691,2N2S_zsTRoaApegbtYFCGQAAACMAARAD.jpg
58,BLR-6059,2O7tVC6uS4GzCDEyF6t6kwAAACMAARAD.jpg
4445,BLR-6858,2PjLoHaNSZ6ZYV7-8Q2pCwAAACMAARAD.jpg
2733,BLR-6621,2Qawxl8BT2qzwZfWnMCFMQAAACMAARAD.jpg
4785,BLR-6903,2r-wReIqTQuDz6q1oY2dGAAAACMAARAD.jpg
59,BLR-6060,2RmlvX0TSv-QwI77cgDNdwAAACMAARAD.jpg
64,BLR-6065,2tGoIs2xTPSgXzzRCi-LpwAAACMAARAD.jpg
60,BLR-6061,2TTLGgKSTV-DprvrzanF9QAAACMAARAD.jpg
2213,BLR-6553,2u2TumHuRLebvzNSPymKMQAAACMAARAD.jpg
4357,BLR-6849,2uNj_AE2QJapekkD9zyNggAAACMAARAD.jpg
5460,BLR-6991,2vYEyuJ9QXekFhtjMD7TuAAAACMAARAD.jpg
2874,BLR-6636,2xGSIEHuQu6k-3x-Ze7F7QAAACMAARAD.jpg
2518,BLR-6596,2yWjMwbbTdqpAhULgB_0QQAAACMAARAD.jpg
65,BLR-6066,31b_Ux2HRZCuWOaS96efxwAAACMAARAD.jpg
5720,BLR-7025,32mJ2Fl5TkCqbcWzhvZbowAAACMAARAD.jpg
5965,BLR-7058,32oZCggVTXitEpu5VNf6FAAAACMAARAD.jpg
4117,BLR-6809,348RRBqbRuOPRSaEaSIXxAAAACMAARAD.jpg
1798,BLR-6493,35EY1v2rSGSYkeZ-W59BpwAAACMAARAD.jpg
5840,BLR-7044,36L3Z5XgRFWtMVjSmPOSTwAAACMAARAD.jpg
4599,BLR-6875,36TZKg6lRvib8U2iyVLNlwAAACMAARAD.jpg
4883,BLR-6917,39cfN4gEQWG4QYZMJhR3SwAAACMAARAD.jpg
4240,BLR-6829,39JJsePCTfmp_dbK6k7QJwAAACMAARED.jpg
5130,BLR-6949,3AouwJmCT_6X_B2CZeQYegAAACMAARAD.jpg
3145,BLR-6672,3aUCj_RsRGS3GtaLklKpuAAAACMAARED.jpg
70,BLR-6071,3bB4QurLSeu7J6SbDp1JowAAACMAARAD.jpg
2374,BLR-6575,3BmbW2K1SzmqENOgcpeGZgAAACMAARAD.jpg
4762,BLR-6901,3D68gUOGRaGAzGDbijKH6AAAACMAARAD.jpg
4154,BLR-6816,3FCOus6zRBu_aUpwm7keVAAAACMAARAD.jpg
72,BLR-6073,3gB2zqGmT7CWJIjmzYCmiAAAACMAARAD.jpg
3953,BLR-6783,3hMkt8qNRmi3QOrBXtLV0AAAACMAARAD.jpg
66,BLR-6067,3K-HhmgPQdS4uYPkY8WsOgAAACMAARAD.jpg
3223,BLR-6684,3kqyfiZBTOyomQKuj-DCewAAACMAARAD.jpg
67,BLR-6068,3NUALQdsSVmMyu7c7u8l0wAAACMAARAD.jpg
74,BLR-6075,3pG665G9SOCFGIDOP7VbZQAAACMAARAD.jpg
4454,BLR-6861,3prXZ83nTC6bBDE7aX8XegAAACMAARAD.jpg
74,BLR-6075,3qNCVcwwRiCeOIi8rJoYYwAAACMAARAD.jpg
75,BLR-6076,3qqQP4gyQVaY8lxdzMP3LwAAACMAARAD.jpg
4900,BLR-6918,3QYP5DOhQz21SWuBePQDPwAAACMAARAD.jpg
3934,BLR-6781,3R5zk6EzQVm_XhQtXAmGuQAAACMAARAD.jpg
4288,BLR-6836,3R9IpJ78RNWtmSUJwTLTHgAAACMAARAD.jpg
3429,BLR-6715,3RWo5sQ3QgOgkEE0IBjj5gAAACMAARAD.jpg
5092,BLR-6944,3S66LDccSSqZ_EQoRAKDTQAAACMAARAD.jpg
3294,BLR-6691,3SK2sXhGSRC6YcLQdZTeBAAAACMAARAD.jpg
5297,BLR-6966,3snmwtodTL2RTOIHRNduNQAAACMAARAD.jpg
3616,BLR-6740,3SQVraSIRQKSX8F5MxE84AAAACMAARAD.jpg
5523,BLR-6999,3T-sriyOSliWIozUkbcadQAAACMAARAD.jpg
3589,BLR-6735,3tjIw0kWRVu4ZAkxX49UAQAAACMAARAD.jpg
2390,BLR-6579,3TRtBLi8QZi0CI2DqyYc_wAAACMAARAD.jpg
5782,BLR-7034,3TWmN3cgR6O-z4Ry4M-TngAAACMAARAD.jpg
68,BLR-6069,3V35QfPWSoqzef15kCx-cwAAACMAARAD.jpg
76,BLR-6077,3zqb_KCtQAiqxLWHdfbJyAAAACMAARAD.jpg
15,BLR-6016,3_yX8wYSSMOThYbeUUxO_AAAACMAARAD.jpg
4026,BLR-6798,4-wKYH4cQW6iRVuQOgnWVAAAACMAARED.jpg
5778,BLR-7032,40cC6HWzRva34jaC_YZZAwAAACMAARED.jpg
3934,BLR-6781,40YCNGXWSb-_0lKj3kLsEwAAACMAARAD.jpg
3897,BLR-6779,44Co3RMoSiWwVdn2DCVN9AAAACMAARAD.jpg
5180,BLR-6953,4515MOzUQ2yekvnxoJ8ndwAAACMAARAD.jpg
5508,BLR-6997,45MkrLYNRwy7G02OKvI_OgAAACMAARAD.jpg
5977,BLR-7062,46wgkuZZT6eVVCnVPQgrpgAAACMAARAD.jpg
77,BLR-6078,47ymwyd1QsqbViNjyNjN1wAAACMAARAD.jpg
5702,BLR-7021,4AGq8NKSRuOp1uokfOiJnwAAACMAARAD.jpg
5322,BLR-6969,4ARiNX6cSNCv0ZreAa447AAAACMAARAD.jpg
78,BLR-6079,4AwrU-mNQX-oaQn9fjtY3AAAACMAARAD.jpg
3403,BLR-6709,4Bs3xpz1TxapOJCKkAJbpAAAACMAARAD.jpg
4198,BLR-6822,4bu9T-vETz-A4Ht7S7FCLgAAACMAARAD.jpg
2274,BLR-6562,4BVX-oOsSOm3rQm3fFhZpQAAACMAARAD.jpg
4620,BLR-6878,4C-QrnWMRWyxfP1gSeZVggAAACMAARAD.jpg
5070,BLR-6940,4C8b2yJ8TGKGBVDc37sNWAAAACMAARAD.jpg
79,BLR-6080,4EvdwbH3Sm2P6OuejmZ8nwAAACMAARAD.jpg
88,BLR-6089,4izpQY_ORsWeQ-ha7MGRFgAAACMAARAD.jpg
80,BLR-6081,4Jr3oK0pTGecuoM12qlLngAAACMAARAD.jpg
81,BLR-6082,4Ke-2XvdThmYKxN8eRLK4QAAACMAARAD.jpg
5628,BLR-7012,4KQpBzyZSamVwTWTXe2TfwAAACMAARAD.jpg
5836,BLR-7042,4mdzWDyRQ82GuQWRmzSQBQAAACMAARAD.jpg
89,BLR-6090,4mw6SVoISymW8c1gMoCXHgAAACMAARAD.jpg
4599,BLR-6875,4NKg6nmVQA2OeLiFOj77jAAAACMAARAD.jpg
2654,BLR-6609,4Okkvm1DSZ-_nGArf76s3AAAACMAARAD.jpg
90,BLR-6091,4oOeoXTiSS-xAMxYrQjtywAAACMAARAD.jpg
3053,BLR-6666,4pHfMYhuT_GThbscBXt3igAAACMAARED.jpg
5842,BLR-7045,4PnTMDonSgyab2bzQ-yK9wAAACMAARAD.jpg
91,BLR-6092,4qj8yk7XTWq2gJ_KWt96OAAAACMAARAD.jpg
92,BLR-6093,4rPGYMJvQ3GQauzM9Luh6AAAACMAARAD.jpg
2150,BLR-6547,4Rw8Sf0uSZWOmoMnKHUXEQAAACMAARAD.jpg
5145,BLR-6951,4sBWMR4tRTyY9qDXjZifzgAAACMAARAD.jpg
4320,BLR-6842,4strULsDR_O_b_SlVwSVzQAAACMAARAD.jpg
82,BLR-6083,4Sur526FQg2TfGd-CTbX5wAAACMAARAD.jpg
4306,BLR-6840,4TDlbeYtQvmmM1Q8xpZ89gAAACMAARAD.jpg
69,BLR-6070,4tfSMnLASTaEY3XqHy050gAAACMAARAD.jpg
83,BLR-6084,4TKEDc2OT8GQpE_7fCwL0QAAACMAARAD.jpg
2855,BLR-6633,4UCiGOSlTEOx2rSheu1rRQAAACMAARAD.jpg
84,BLR-6085,4W3Wk2rOQrWE8ZHS3mnxhAAAACMAARAD.jpg
5523,BLR-6999,4WkGU5EtQmyjKu4cmUeSTwAAACMAARAD.jpg
3584,BLR-6734,4wqLHxcyScWES5oeXhLzawAAACMAARAD.jpg
85,BLR-6086,4XLT9us-QKC9CLt1PyczfwAAACMAARAD.jpg
86,BLR-6087,4XryRPFfR2GrA0zsgnlshQAAACMAARAD.jpg
4677,BLR-6887,4YDtYglMS6qh24_X9VuMAQAAACMAARAD.jpg
5704,BLR-7022,4zN2JMNhQYWDS2AtX0u64wAAACMAARAD.jpg
87,BLR-6088,4_SXKLB7Toqtwvygy8UB-wAAACMAARAD.jpg
5836,BLR-7042,5-dDbF_HS_O0O2_34lIV9AAAACMAARAD.jpg
5086,BLR-6943,5-gI0TT6TX2ghkEtCJDuzAAAACMAARAD.jpg
93,BLR-6094,5249-aaOSPOBubU1PG33kAAAACMAARAD.jpg
2349,BLR-6574,555YCUAfS3SwDR9pCPSoLgAAACMAARAD.jpg
5706,BLR-7023,55fo6TlLS8mFijkrYINs0AAAACMAARAD.jpg
94,BLR-6095,588egRH4RkKOqPcnfgHmpQAAACMAARAD.jpg
3893,BLR-6778,59ydf7ldRfSPmONcy8lorgAAACMAARAD.jpg
2213,BLR-6553,5baMxXDYSeWj892kr6TpwwAAACMAARAD.jpg
96,BLR-6097,5cm0SI-BT3WYpFEhiHAzRwAAACMAARAD.jpg
4605,BLR-6876,5D329NxWSsOXjsi8wVFy9wAAACMAARAD.jpg
79,BLR-6080,5dO2KH9RS-eNA_vrdB6VCAAAACMAARAD.jpg
4622,BLR-6879,5ELS4DamS2iWiH-RdH7dAwAAACMAARAD.jpg
5721,BLR-7026,5Ex230jYRSyT4TtBSWJ8EwAAACMAARAD.jpg
2486,BLR-6592,5h8eC_9RTXqWYqH30VekugAAACMAARAD.jpg
4605,BLR-6876,5hBKGAF5TI6zowS8W_eXmwAAACMAARAD.jpg
97,BLR-6098,5hf0-w5vSOKIy7eIDvTvRwAAACMAARED.jpg
4911,BLR-6920,5Hj-EsBZRSa6pq-apaeeugAAACMAARAD.jpg
5677,BLR-7020,5H_5JzzcTemv0Pp6LV4d1AAAACMAARAD.jpg
5012,BLR-6933,5i78OFiYScSOmrXHO2a3TwAAACMAARAD.jpg
98,BLR-6099,5k-EFqClRSK9zhxI9tfGVwAAACMAARAD.jpg
4502,BLR-6869,5k47bF14SYuu7_a9RQ3Q5AAAACMAARAD.jpg
3342,BLR-6699,5k4sjzVGR3KGbXsJaMWZDwAAACMAARAD.jpg
2129,BLR-6544,5kA1dgVnQMais2cz-mDKAAAAACMAARAD.jpg
5523,BLR-6999,5Kqaxb7vTP-RT9bpPOBBLAAAACMAARAD.jpg
3526,BLR-6724,5LxErIEPQm-Lsa92fDafJAAAACMAARAD.jpg
95,BLR-6096,5MLvZOmWQQ20wEB_mybxoQAAACMAARAD.jpg
99,BLR-6100,5o3iuoWfSz-WdQ7lp72YJwAAACMAARAD.jpg
5876,BLR-7051,5Oscl8XJRRC2rytTlGL-0AAAACMAARAD.jpg
3403,BLR-6709,5Q2Ts_ESTcifrZw9lNOKGQAAACMAARAD.jpg
5380,BLR-6979,5sNWXkTPQA6_HA9MbdUqAgAAACMAARAD.jpg
2713,BLR-6617,5sR1xN3XTRWZuabwkogZhwAAACMAARAD.jpg
5770,BLR-7031,5tv9hCixSeCiHja6EI7b6AAAACMAARAD.jpg
1936,BLR-6516,5ur7bM9eQ7W_9xVNafI7xQAAACMAARAD.jpg
5196,BLR-6956,5Uwa-VHdSN6GxhSLTaSKyQAAACMAARAD.jpg
4664,BLR-6885,5V17-tgwS_GZj4crtUJOYwAAACMAARAD.jpg
3502,BLR-6720,5VqQBipoSguI0apuimaH8gAAACMAARAD.jpg
2043,BLR-6533,5VTlsERYSQqGUOwEFrUUawAAACMAARAD.jpg
4298,BLR-6838,5W6m0ozARzyZYFHHsRUWdAAAACMAARAD.jpg
3823,BLR-6767,5wG_HgRkS2mfjDWm3bdD0wAAACMAARAD.jpg
4246,BLR-6830,5wmCuKTVQz63kssWOt4DYQAAACMAARAD.jpg
4865,BLR-6914,5wO3PunXR8OmxANQHHozGwAAACMAARAD.jpg
4938,BLR-6924,5X94PL_0Q6WRqdxg324CLwAAACMAARAD.jpg
5571,BLR-7003,5XLMPSSFS8ey6aeWTJPROgAAACMAARAD.jpg
5861,BLR-7049,5xr55tW6SGCb4W78k-0IXwAAACMAARAD.jpg
30,BLR-6031,5xyaF3KWROmlAB-9CGFaaQAAACMAARAD.jpg
4911,BLR-6920,5y4H8p_wQlGXq8KM57YIzwAAACMAARAD.jpg
3865,BLR-6774,5yX-40d0QcKPJmxRysxA6gAAACMAARAD.jpg
3701,BLR-6751,5zxCNHTRSX6xWrbnOdarkAAAACMAARAD.jpg
100,BLR-6101,6-CEG_PITNiy5JJQFrPeGgAAACMAARAD.jpg
101,BLR-6102,621wi4EwS42dYynnR_l34wAAACMAARAD.jpg
3513,BLR-6722,64nZ4nC0T7G-40-p0-XPMgAAACMAARAD.jpg
1857,BLR-6500,654js6N5R2SihWFxkIp5EwAAACMAARAD.jpg
5145,BLR-6951,65ncEDgyRD2zG9hDS805ZAAAACMAARAD.jpg
3360,BLR-6702,66MqsTM2StGpxi3pexcDpgAAACMAARAD.jpg
94,BLR-6095,673NfuzZTmiVu038Ac2gZwAAACMAARAD.jpg
4680,BLR-6889,68sUwl39RMiMuX12kslF3wAAACMAARAD.jpg
107,BLR-6108,6awDKm3ZSdWj9ZmfR6BsMgAAACMAARAD.jpg
4614,BLR-6877,6CLfUeSHSySjPIF9a_7hGQAAACMAARAD.jpg
3997,BLR-6793,6d4_co6OTRmCOiclIsCC1wAAACMAARAD.jpg
108,BLR-6109,6ekJxaktSuSvUiMbeWBbrAAAACMAARAD.jpg
5971,BLR-7060,6FeS5IF9S-6wW1rE2DkkNgAAACMAARAD.jpg
4734,BLR-6899,6g7YRqFtSxSSDLJJl_e0IgAAACMAARAD.jpg
5971,BLR-7060,6g8v5a03RwKTmcG_80RgNwAAACMAARED.jpg
102,BLR-6103,6H1QjZy-TG2uuqDZRNXLEgAAACMAARAD.jpg
5480,BLR-6992,6hmVKTJvTteOt_RWa_91fAAAACMAARAD.jpg
3067,BLR-6667,6hVSiiDISC6Rj-hif261ZAAAACMAARAD.jpg
2345,BLR-6572,6I1N5a15SySZlloMMwdrkgAAACMAARAD.jpg
103,BLR-6104,6J14ivvYSRqWNkrZHC2xJgAAACMAARAD.jpg
1785,BLR-6491,6K1t43AoQDGWw8fU2Jyu-gAAACMAARAD.jpg
104,BLR-6105,6Kd5QDnARGmypFb30qCpogAAACMAARAD.jpg
4026,BLR-6798,6KU4O1_VSo-1wT5nVfY9qQAAACMAARAD.jpg
105,BLR-6106,6LQuaL7aS6eSyWnGj2BOGQAAACMAARAD.jpg
3249,BLR-6686,6OEy-bLNRH2gG17teH331QAAACMAARAD.jpg
106,BLR-6107,6OR6TfihQsK5cRm1KR_3lQAAACMAARAD.jpg
5440,BLR-6988,6pXevbBYTQWPPKgto-RWJwAAACMAARAD.jpg
2472,BLR-6590,6P_eSvMxQQSoAElFUQJHpAAAACMAARAD.jpg
2695,BLR-6614,6Q4vxoh1SPOGcjxCpAHVBwAAACMAARAD.jpg
109,BLR-6110,6rEULL0tS9KKsUmJy-Fp6QAAACMAARAD.jpg
5840,BLR-7044,6RjEAJmWRo2IAW2PEigq5wAAACMAARAD.jpg
110,BLR-6111,6rtjaCu-QMSM8SfgzE_CbAAAACMAARAD.jpg
49,BLR-6050,6RWnbX2cQ6K6fNqRw__MlwAAACMAARAD.jpg
2955,BLR-6648,6s3CzzcWR7yJ4ZK5RxzmqgAAACMAARED.jpg
5770,BLR-7031,6s492Y5LR5Kto8OzVdvpHQAAACMAARAD.jpg
2996,BLR-6659,6s5RFRJnSR-wHtuJMs_tYwAAACMAARAD.jpg
3865,BLR-6774,6Ta7H7kPToytbEYZMdO1ywAAACMAARAD.jpg
111,BLR-6112,6tXLIt0ARzSHnUrSSjNbkwAAACMAARAD.jpg
3724,BLR-6753,6U4EIcWDTzqJ2eXd7Cxi1AAAACMAARAD.jpg
4247,BLR-6831,6udypm5US5G1k8xEgwNyhgAAACMAARAD.jpg
112,BLR-6113,6w5JvhZrR1SYbUt7RnMZVwAAACMAARAD.jpg
4760,BLR-6900,6wHdh2AGS42n79YRUHdqqQAAACMAARAD.jpg
5012,BLR-6933,6WiNJzCPS3C9yNJTe3unUQAAACMAARAD.jpg
4252,BLR-6832,6WriP3ThSyKoISn8fSP4qgAAACMAARAD.jpg
113,BLR-6114,6xedCjWaRHiWGPtjcs2AdgAAACMAARAD.jpg
3323,BLR-6694,6z5-sRnDQ6eaEbrhpPYYhgAAACMAARAD.jpg
5060,BLR-6939,6zkjsZK8S5CmhotEcSCHOQAAACMAARED.jpg
4046,BLR-6801,6zRQ7QkBS5meAJd65o7JOgAAACMAARAD.jpg
114,BLR-6115,70ioJ8o2SxOX-FFrW5vuqQAAACMAARAD.jpg
4220,BLR-6827,71D1bsrvQYaskDMKvKKGxAAAACMAARAD.jpg
115,BLR-6116,71YSaELuSuyRTAz7UL9K8gAAACMAARAD.jpg
1956,BLR-6520,72Bh-1HKTZamhXTAy3pU3QAAACMAARAD.jpg
4198,BLR-6822,74s4WPp7TCqm6KRIXmFsxQAAACMAARAD.jpg
116,BLR-6117,75595eQcSGmjkaicsOP74gAAACMAARAD.jpg
3445,BLR-6717,75CnFUSZT428q905hhpJ6gAAACMAARAD.jpg
5130,BLR-6949,75fUlg4TTl2mniZjrGuqswAAACMAARAD.jpg
117,BLR-6118,76z1U1-FQTq8dVUd9rWdiwAAACMAARAD.jpg
119,BLR-6120,79rNIVn4T6-caEkiNSPDawAAACMAARAD.jpg
118,BLR-6119,79TX8q5RR_OzcEWDiZfrvAAAACMAARED.jpg
5960,BLR-7057,7ACCezYsSqiEz-zehRjeGAAAACMAARAD.jpg
5124,BLR-6947,7acgIydjTzSRdRI7JrDCNgAAACMAARAD.jpg
5656,BLR-7017,7B--srC_TKKKH1ccdVhHJQAAACMAARAD.jpg
4762,BLR-6901,7bCpeIgJQlaFfuvFtHjmBAAAACMAARAD.jpg
122,BLR-6123,7blOhGwvSuaVCz6K_Ou4OQAAACMAARAD.jpg
123,BLR-6124,7cJ9a1ewQ02fhYLqSKuSvwAAACMAARAD.jpg
3660,BLR-6746,7F5GgZ6eTpmFpOIfeUU-3AAAACMAARAD.jpg
4664,BLR-6885,7F8yQJBzR6mJl_vR4Y-t-gAAACMAARAD.jpg
4234,BLR-6828,7g6LLgGaSNSzb4XQtWoU0wAAACMAARAD.jpg
2072,BLR-6537,7hEcrAtpQzitGygy8RDuuwAAACMAARAD.jpg
4155,BLR-6817,7IQAgAAUTsCFCTy_kdpmqQAAACMAARAD.jpg
4912,BLR-6921,7IVgLDf8SkWdglkslZVOGAAAACMAARAD.jpg
3606,BLR-6739,7Izx53g6QAuWvDiCyXL7EgAAACMAARAD.jpg
4017,BLR-6795,7J49QT9OR2Sg364S4PDRjwAAACMAARAD.jpg
4320,BLR-6842,7LCh9fS3QEaqXOT5QWAPSwAAACMAARAD.jpg
2633,BLR-6605,7lK0Fz1JTiKhdMOhlHIp5QAAACMAARAD.jpg
4252,BLR-6832,7MvEUvEdTsuGaa5jVxv9ZwAAACMAARAD.jpg
3156,BLR-6673,7nF3azREShSYbcs-dXQ3zQAAACMAARAD.jpg
5196,BLR-6956,7ouVXHpBRy6iL2jnRrI_IwAAACMAARAD.jpg
4502,BLR-6869,7oV5gbU5R8GoYVjxUlOyywAAACMAARAD.jpg
4341,BLR-6846,7pbeqIYxS9mOHr26K22DIwAAACMAARAD.jpg
99,BLR-6100,7PcrW92GR_69VQoRRS27_gAAACMAARAD.jpg
5041,BLR-6937,7PepMbOJTpeNqKW72njwJAAAACMAARAD.jpg
4913,BLR-6922,7Poe-L_WTD-M5dr41OZcIAAAACMAARED.jpg
3979,BLR-6788,7RWb871WT2K7iFu5ofZhvAAAACMAARAD.jpg
1933,BLR-6513,7sG-d5TXQhGrHUrrUWRzOAAAACMAARAD.jpg
5286,BLR-6963,7SlYt3XYTn-fzeoSIUZAMQAAACMAARAD.jpg
2043,BLR-6533,7thc9GjbQNubXORSdVhq5wAAACMAARAD.jpg
124,BLR-6125,7uI0C9G-RMGbfitynex8QAAAACMAARAD.jpg
4713,BLR-6895,7UQu2zBFRI-Z7OXw6YmjBgAAACMAARAD.jpg
120,BLR-6121,7UWUNnUWR2a90eSuNWGQZQAAACMAARAD.jpg
2428,BLR-6585,7vGGp0xuSfuMp2eN2XOtrAAAACMAARAD.jpg
125,BLR-6126,7vXkRRmwS_emXKpX_tTrrAAAACMAARED.jpg
2337,BLR-6571,7XFUIXvKShOr-p3EROGTsAAAACMAARAD.jpg
4819,BLR-6907,7XXHZWeoQW2Se7ikKK6BAAAAACMAARAD.jpg
5932,BLR-7053,7YkNrZhwSFKUwj4wGuhjBwAAACMAARAD.jpg
121,BLR-6122,7ZkUDcBWTLCETyBUTSsBMgAAACMAARAD.jpg
126,BLR-6127,8-PkP37ZSJmYN3tWwfIMkAAAACMAARAD.jpg
52,BLR-6053,81QKOyOpRhylU0vjkjQEBQAAACMAARAD.jpg
4018,BLR-6796,82cv6kXIQR6Mt0kNK2HBlQAAACMAARAD.jpg
4164,BLR-6819,82gmqE_ESpKi-BPQXsP2UgAAACMAARAD.jpg
127,BLR-6128,82X8GSEDTT6OLao8aea5sAAAACMAARAD.jpg
4760,BLR-6900,82_WcIX2Q9WZG7kPyE5UQgAAACMAARAD.jpg
5649,BLR-7015,87Ud4sAjRnikKgOBK4lZ0AAAACMAARED.jpg
4641,BLR-6880,87x_iY83T0uaNT9xWjTBtQAAACMAARAD.jpg
131,BLR-6132,8aRTtqmRQEqB_F_eofY65wAAACMAARAD.jpg
4955,BLR-6925,8B43x_87R26Tz2V4SMXqhAAAACMAARAD.jpg
5827,BLR-7041,8bqSm5suQB-TkC66R2F-lgAAACMAARAD.jpg
5998,BLR-7063,8BujMxsVRvWOAhf1DW4HXgAAACMAARAD.jpg
3269,BLR-6689,8ccLjMRiR22wQUV1bKeH6gAAACMAARAD.jpg
5319,BLR-6968,8CjNEafYRx2e6KuvPVEGswAAACMAARAD.jpg
8,BLR-6009,8f-IUpl5S2-IQZux0VQReAAAACMAARAD.jpg
3268,BLR-6688,8F9pVTV9RgKC6xOtN76NkAAAACMAARAD.jpg
5840,BLR-7044,8fDO2NZcTqetpeRD2liw8gAAACMAARAD.jpg
5584,BLR-7005,8fs2CGxZSHWmR6HKmPb5sAAAACMAARAD.jpg
2347,BLR-6573,8fsKNw1_RXWqycQlyEaAygAAACMAARAD.jpg
61,BLR-6062,8FUNnya8RdGpxExJaWm5TgAAACMAARAD.jpg
128,BLR-6129,8Gceror8TkyabUUoen-gAQAAACMAARAD.jpg
4448,BLR-6859,8H52fyFgSdG1mXKXQBBirAAAACMAARAD.jpg
3067,BLR-6667,8hpECcmUSr6yZmkbOiGx_AAAACMAARAD.jpg
5838,BLR-7043,8HPPNmXFR0O3msRIxa8WnQAAACMAARAD.jpg
5957,BLR-7056,8iDXzLM4RtOtrlot95uL0AAAACMAARAD.jpg
1874,BLR-6504,8in1TG3UTKu8d1tW-dszLQAAACMAARAD.jpg
3961,BLR-6784,8ixPq5SAR7KzlFJvIyodxQAAACMAARAD.jpg
3697,BLR-6749,8kARUQ51Q2qBAaQMZXs_MAAAACMAARAD.jpg
1781,BLR-6490,8lDjXIJZRCW2b_XhVJX7dgAAACMAARAD.jpg
132,BLR-6133,8nwEFnh1QF2CbWuOTHNHsAAAACMAARAD.jpg
5352,BLR-6973,8oB1RGWWSm-Y_NHMnxDXIAAAACMAARAD.jpg
4393,BLR-6851,8OuPvTJOQemgEISdt9v07QAAACMAARAD.jpg
5130,BLR-6949,8plp7VDYRLmdvt-Ajn_wEwAAACMAARAD.jpg
129,BLR-6130,8Py0vt62Q8C9zZxD726dOwAAACMAARAD.jpg
5779,BLR-7033,8QdADX6zQ3mS9dmE-VCOBgAAACMAARAD.jpg
5966,BLR-7059,8qks6YhlRy-wDJtrkIZaIgAAACMAARAD.jpg
5718,BLR-7024,8quPjI33SE-iyYx4UOnjkQAAACMAARAD.jpg
5784,BLR-7035,8Qw6qRpuSFiqsPEqj_LOpwAAACMAARAD.jpg
5670,BLR-7018,8Qwjp3LcQ3iDOb7i9kMsegAAACMAARAD.jpg
2738,BLR-6622,8ro1WzkwQs-DuGa8LDHzUAAAACMAARAD.jpg
5814,BLR-7038,8Sk3KFu_QmSMZX_JxB-X2QAAACMAARAD.jpg
5145,BLR-6951,8sqQ5VfoQBeUUIi6LQ7vPAAAACMAARAD.jpg
4656,BLR-6883,8TubuMDgRqmLoSCr65M5gAAAACMAARAD.jpg
5805,BLR-7037,8uu1FfYMQXe3pxQOcXQR9gAAACMAARAD.jpg
2031,BLR-6530,8Vfx4vhiR-O1Ej7w-It8DgAAACMAARAD.jpg
133,BLR-6134,8xBsYu54SSOuElB4WEk6PgAAACMAARAD.jpg
4402,BLR-6853,8XguVFrHQWK0qqkUjKUmOQAAACMAARAD.jpg
3182,BLR-6676,8xm2ittOQq6lNOdTu_JlSAAAACMAARED.jpg
5302,BLR-6967,8yIj9xLqSZmSd_RgwtYGOwAAACMAARAD.jpg
5584,BLR-7005,8YOY346kShKHirgD61-n-gAAACMAARAD.jpg
130,BLR-6131,8Yz2MTtiSaWvbd8vwBTvkQAAACMAARAD.jpg
4097,BLR-6806,8Z2z5ibGRvqdwbHKL-AZNAAAACMAARAD.jpg
4107,BLR-6807,8zsRZOxXSpqpiXoICobIfwAAACMAARAD.jpg
4044,BLR-6800,9-c9gK6lRaqpP4zt7ZzZFAAAACMAARAD.jpg
134,BLR-6135,92rVAv1mR4-vlS1G-U175QAAACMAARAD.jpg
135,BLR-6136,94FFvmA_RqCiHMvan2sQxwAAACMAARAD.jpg
5824,BLR-7040,95yWrxU0SHOjvzfmAl1GjwAAACMAARAD.jpg
4287,BLR-6835,99FTas6oTK21UTzGXCnnAAAAACMAARAD.jpg
5012,BLR-6933,9A5gQbyMQVihb4K_U_Xj2AAAACMAARAD.jpg
101,BLR-6102,9AYQMl-wRh6scZ-7eWYOYAAAACMAARAD.jpg
3026,BLR-6664,9BBPX1wMQzuEjfBEqLDxXAAAACMAARAD.jpg
47,BLR-6048,9bjBn2ezRO2d0EfshswHVQAAACMAARAD.jpg
5070,BLR-6940,9bJMlcpURwyeVZpfhH_1_wAAACMAARAD.jpg
136,BLR-6137,9BN3zUEnRsGR2eTJDCMK3AAAACMAARAD.jpg
2716,BLR-6618,9bvPu1-OSIuZAuk0eeUGUwAAACMAARAD.jpg
4599,BLR-6875,9cMtRFu3TUCvVanDcFOEDgAAACMAARAD.jpg
40,BLR-6041,9cN_Vmy-SdmC6I9HkOHGaQAAACMAARAD.jpg
2993,BLR-6657,9cz2lg0LQW-syd-thHE5uAAAACMAARAD.jpg
1909,BLR-6508,9czlY3sRRC6Q8gDddSRuvgAAACMAARAD.jpg
117,BLR-6118,9dNV6nFySi2v1hfNLGT7OAAAACMAARAD.jpg
5335,BLR-6970,9DU7wooXQaSTTYarhxNX2wAAACMAARAD.jpg
5824,BLR-7040,9EtIyANfQc61eEfskXaVGQAAACMAARED.jpg
2831,BLR-6631,9FzB-ZUVSIKi6BLWh-ZlmgAAACMAARAD.jpg
2285,BLR-6566,9G2Ke8hLTjeJ1UdoxH-EnAAAACMAARAD.jpg
4287,BLR-6835,9g68i2zORguCGfWcZ1BcRAAAACMAARAD.jpg
4280,BLR-6834,9GroXZNLSoy1p2uEkRpdWAAAACMAARAD.jpg
5503,BLR-6996,9HtyRDXRTWCVxgRLyC3tAAAAACMAARAD.jpg
5588,BLR-7006,9J8kZFgORGyv8BM07KbPVQAAACMAARAD.jpg
12,BLR-6013,9Jk3jsLBRT-kgaJa0QWJNAAAACMAARAD.jpg
4017,BLR-6795,9KOLUNUNSWq92nYA8HIdNQAAACMAARAD.jpg
2869,BLR-6635,9KsyFyD5R-i-ZQsq_LI5sAAAACMAARAD.jpg
2472,BLR-6590,9mg-GoQ0RGOBTm9BJsmWygAAACMAARAD.jpg
3991,BLR-6791,9Nlq5MuUTJKVUDZXPSiwBAAAACMAARAD.jpg
2048,BLR-6534,9NmD18AgRpK6nCSEXQhauwAAACMAARAD.jpg
141,BLR-6142,9o9J2AVcQYmm26rquX6GiwAAACMAARAD.jpg
5973,BLR-7061,9OMvA3NtSGCRN6ymcLH-cAAAACMAARAD.jpg
137,BLR-6138,9P_J45qIS2aLPMhSvxdi0QAAACMAARAD.jpg
138,BLR-6139,9R4nQX-4SQqSSylyda56eQAAACMAARAD.jpg
4654,BLR-6882,9rMuvy18RieaAYT879b_OgAAACMAARAD.jpg
3736,BLR-6757,9rpV88xPSKCAZM9GmwDo0wAAACMAARAD.jpg
139,BLR-6140,9SCfr0lYTbmnLACb9HuP5gAAACMAARAD.jpg
4729,BLR-6897,9SF74A4US2SXI5RriZbh7QAAACMAARAD.jpg
2349,BLR-6574,9TkkJCkvRD-SirBew7D-YAAAACMAARAD.jpg
5180,BLR-6953,9TlTAiDzSFiFRkg_6bxWzwAAACMAARAD.jpg
140,BLR-6141,9Uiv3OtxQbmSM5egLplCPwAAACMAARAD.jpg
142,BLR-6143,9ujomu1XTzSE8yhDFk98cgAAACMAARAD.jpg
4018,BLR-6796,9vyUBN7hSq67KBdVUBx8rgAAACMAARAD.jpg
4824,BLR-6909,9x09v_g5R269sDCUaaMV-AAAACMAARAD.jpg
5857,BLR-7046,9Z0hAJwqQ_Sp0MUIGh4b1wAAACMAARAD.jpg
1806,BLR-6494,a0NOVEVNTsaiS5nIbfB8mAAAACMAARAD.jpg
4913,BLR-6922,A1AcK0R2SjuRz1S4jIoTYQAAACMAARAD.jpg
5814,BLR-7038,A2fZWAEeTfWyTqA6MlIezgAAACMAARAD.jpg
4161,BLR-6818,A4I7GGB4SAev6NXaBAHMPwAAACMAARAD.jpg
1455,BLR-6174,A4t664kFT1aBdPMoWGwprQAAACMAARAD.jpg
1456,BLR-6175,A6zlGF_DQPanGDBaHNzEjwAAACMAARAD.jpg
1733,BLR-6452,a83Xk5lgToWhhSBapz-bvwAAACMAARAD.jpg
1457,BLR-6176,A8vwHHBgR4eNRwwr7eqMRQAAACMAARAD.jpg
4429,BLR-6857,A949mvUhSKiOXWNWs69J3AAAACMAARAD.jpg
2521,BLR-6597,a9781G6zQ-CMwsBo0qCLRgAAACMAARAD.jpg
1491,BLR-6210,a98wvHqnQyuY-r21rlx0CQAAACMAARAD.jpg
4217,BLR-6826,A9yVYHZqRg-jAG3qhaTfvQAAACMAARAD.jpg
5816,BLR-7039,aa7CED-ZTiSSG_-WFIoMkwAAACMAARAD.jpg
4217,BLR-6826,aa7zyHXDTpG_izVQrADmtwAAACMAARAD.jpg
3989,BLR-6790,AaiyEHf2Sx6oG7jjpQEQewAAACMAARAD.jpg
24,BLR-6025,aAo2mqHzQMC2yv7xSV4f4QAAACMAARAD.jpg
3674,BLR-6747,ab8HIIiZTqG5-rsdSStVDQAAACMAARAD.jpg
4164,BLR-6819,abR7ngufRYOI0cLYqPt5BAAAACMAARAD.jpg
5284,BLR-6961,ACfmzqVgRFC1UJDMYqPeeAAAACMAARAD.jpg
4273,BLR-6833,acmQGfJjSh-_Ni_z8Lf1lQAAACMAARAD.jpg
1458,BLR-6177,ACQZrcGXRya75kOh4EqHVAAAACMAARAD.jpg
1736,BLR-6455,acXsnzxGSJ-9RlcFxcdI-AAAACMAARAD.jpg
57,BLR-6058,AdmM6jNdSXy9L7GsHCmKCwAAACMAARAD.jpg
1697,BLR-6416,ae3Y7IpgSNyk5uRNE7pGiwAAACMAARAD.jpg
5508,BLR-6997,AEidmOH5Q9-pLlwcjqVNmAAAACMAARAD.jpg
2472,BLR-6590,AeTgejFWTI2FfYJG-3L8AQAAACMAARAD.jpg
2716,BLR-6618,Af1UlajXRA22ZxkSwSKNhAAAACMAARAD.jpg
5770,BLR-7031,AG7rU6obTP2cA80UVvA9VgAAACMAARAD.jpg
1869,BLR-6503,agDN0HDERsSZSAVM85EWFgAAACMAARAD.jpg
5041,BLR-6937,AGgqZi4TSdW6Je8LWZ1fpgAAACMAARAD.jpg
4004,BLR-6794,Agi4UEFKShan4g7Eq2h_sQAAACMAARAD.jpg
2408,BLR-6583,AgPRe07VS_OJG3W1KMPxTAAAACMAARAD.jpg
3599,BLR-6737,AhhoCSOsSzyjz74-B8gqgAAAACMAARAD.jpg
1459,BLR-6178,AI47oan4TeSxp_QpnNg9QwAAACMAARAD.jpg
4679,BLR-6888,aiRgcQYQR5yMDC3-LqZuawAAACMAARAD.jpg
1460,BLR-6179,AJAf_1nnRVeOUlb7tp-5GAAAACMAARED.jpg
1734,BLR-6453,aJcoK199Tne1C1zuSyzvbgAAACMAARAD.jpg
4301,BLR-6839,ajjExgsJT92cP-sIGlg_vQAAACMAARAD.jpg
11,BLR-6012,aKeb2TpgRXCFb3aPc7y1cwAAACMAARAD.jpg
1722,BLR-6441,aKup7PbHS3q9dAH9XHVVagAAACMAARAD.jpg
4809,BLR-6905,al2ocbzyTUWDg0FKcP2U5wAAACMAARAD.jpg
3813,BLR-6765,aLAOgZ2uRR6FUaQM_EP1IAAAACMAARAD.jpg
1492,BLR-6211,alAzIzqHRVyCA60240kzSwAAACMAARAD.jpg
1461,BLR-6180,ALIbTbFCQgOFFOSMOyt0QwAAACMAARED.jpg
3599,BLR-6737,aMdbbxOtTC6mfC9Pi6DgGQAAACMAARAD.jpg
1462,BLR-6181,AMEWyYNuSVGHSWJheOiexgAAACMAARAD.jpg
4402,BLR-6853,AMFtHePASOaLjuEv9xhPBAAAACMAARAD.jpg
1463,BLR-6182,AMhBKyaeS6eo5aVQyBEwnQAAACMAARAD.jpg
1735,BLR-6454,aMIK7LIfSaewco6T6wvhhwAAACMAARAD.jpg
3744,BLR-6758,AmX2Gh__Tju_71iDcpKJIwAAACMAARAD.jpg
5286,BLR-6963,aMZEn9NGR4abRgwpHjpb-wAAACMAARAD.jpg
2225,BLR-6555,anG6OGtWSZ2Uq2a-1080bAAAACMAARAD.jpg
4403,BLR-6854,aNPfjfF3QWGZ8onua5zHZQAAACMAARAD.jpg
4335,BLR-6844,AP6TmcB0R0OsiJbb-H3LawAAACMAARAD.jpg
4115,BLR-6808,APlem9R5SeCFOyNWDkoBpgAAACMAARAD.jpg
5180,BLR-6953,aQ1QottZS2mx3NHjyULwlwAAACMAARAD.jpg
2207,BLR-6551,Aq8RbNa-SBuIbLGNHXPR9wAAACMAARAD.jpg
1912,BLR-6510,aqLVZ_TATeOt4Iu_xXbF0AAAACMAARAD.jpg
3813,BLR-6765,AqXchAkcRZO7PC4XWF5gzQAAACMAARAD.jpg
1723,BLR-6442,ar15CFbjQ52ArG3ZxdZUngAAACMAARAD.jpg
6,BLR-6007,aRf1VxctTU-hDMezmgAeKQAAACMAARAD.jpg
4844,BLR-6912,aS5xiiXhQ9SUAVmz8b0eowAAACMAARAD.jpg
1699,BLR-6418,aSABwxqbReuV8gX9vkQF3gAAACMAARAD.jpg
4107,BLR-6807,AsGUVzDEQUK6vtqilTO2pAAAACMAARAD.jpg
4680,BLR-6889,AsUi7oBETO6UuraNHNi8AQAAACMAARAD.jpg
4987,BLR-6929,ASvW6aMbS2qhtigU73KrrAAAACMAARAD.jpg
1737,BLR-6456,atUYzHHgSVWkvD69h1kgLQAAACMAARAD.jpg
1464,BLR-6183,AuClH1R2R8C1RuoYf9NGUQAAACMAARAD.jpg
1530,BLR-6249,auCRE80uTt-OMAVnFrFhLAAAACMAARAD.jpg
3593,BLR-6736,AUFUyIzdQh29WRYzcykyXwAAACMAARAD.jpg
4853,BLR-6913,awqUXpyMQ2CthGYabOhphAAAACMAARAD.jpg
1465,BLR-6184,Ax7ZEOHtS0ak1yD9srjZBAAAACMAARAD.jpg
5588,BLR-7006,AXFWEPoeRAiHJEyMgSYpKAAAACMAARAD.jpg
5957,BLR-7056,AxQOGcN4RkCPWfcMhYgBuQAAACMAARAD.jpg
4680,BLR-6889,axqOOdqGQiS2tT5gJu_AswAAACMAARAD.jpg
4731,BLR-6898,AZ1pmgb6RmqQLRHupmcYtgAAACMAARAD.jpg
2934,BLR-6645,aZQUIsOYQHG2e3qRGNQQYAAAACMAARAD.jpg
4338,BLR-6845,B0dlmq6uSCOKxxmIKHa66AAAACMAARAD.jpg
5083,BLR-6942,B2qHC4UNTOWzz8vgCSzaDAAAACMAARAD.jpg
5721,BLR-7026,B4vLF17OQ7iz0JDSOsJBYwAAACMAARAD.jpg
4734,BLR-6899,b67u9_t2SxWYfbvwInJBPQAAACMAARAD.jpg
1466,BLR-6185,B6uYe7L2RtuObAMMplrGGAAAACMAARAD.jpg
5591,BLR-7007,B6vyySR2SYuM3honl_wTkQAAACMAARAD.jpg
1695,BLR-6414,b7Mj3G9nTOaITwhItuRXWgAAACMAARAD.jpg
4762,BLR-6901,B9E-kfgCQtK_yX-aIN-sRQAAACMAARAD.jpg
3209,BLR-6682,BaI01fTrTVCU5SdupY6g8AAAACMAARAD.jpg
98,BLR-6099,BBbW-C1LRW65XyRXxv2UTgAAACMAARAD.jpg
3888,BLR-6777,BBlM4d5fRoGEQ0WGaxbUXQAAACMAARAD.jpg
3003,BLR-6660,bClgVSqFQQqGiFFK0oA10QAAACMAARAD.jpg
5957,BLR-7056,bcn92ETmR3OJk3KR9IsmiQAAACMAARAD.jpg
2517,BLR-6595,bCRnpOcCSsOgyu7ZqtZ8KQAAACMAARAD.jpg
5319,BLR-6968,beIzNdi0SCi-Jp_biwkjRgAAACMAARAD.jpg
3989,BLR-6790,BEskcUShT0WPfEfAYSjjCgAAACMAARAD.jpg
2,BLR-6003,BFA2N6-BR2aFcqHRAosZggAAACMAARAD.jpg
5720,BLR-7025,bFGitjnDRq-tq8QMMSegPgAAACMAARAD.jpg
1471,BLR-6190,BfLpdt3vReqC6eeztepsSAAAACMAARAD.jpg
10,BLR-6011,BFrYDvJtTs2QjfYVjHjaJAAAACMAARAD.jpg
5376,BLR-6978,bHPDNt7ZQIyQKY5Q9-C8yAAAACMAARAD.jpg
3405,BLR-6710,BHuTY1EPQKya8LtwZ30M0AAAACMAARAD.jpg
4046,BLR-6801,bh_Yb8CCTaOznldSGmU8GQAAACMAARAD.jpg
46,BLR-6047,bI1IQ9OSSreYcDKtspUqCQAAACMAARAD.jpg
5631,BLR-7013,BieKW3AnT7yzHj1qpyQpNwAAACMAARAD.jpg
5319,BLR-6968,biIb4y-MQEegyYrrq9g7uQAAACMAARAD.jpg
5297,BLR-6966,BiMDFV31So-HbkgzkNWK4gAAACMAARAD.jpg
1739,BLR-6458,bk3xU5pcRf-KYWmdYBfqzwAAACMAARAD.jpg
2437,BLR-6586,bK9rmr2aRe6J8NlReDfN_gAAACMAARAD.jpg
3341,BLR-6698,BKHg6KS7Qvy-Bp7usWegbwAAACMAARAD.jpg
3562,BLR-6732,bkWDAmckTlSLYpY5UgTyXAAAACMAARAD.jpg
3829,BLR-6768,BLeEhoOLQo-PFKfvx47-HgAAACMAARAD.jpg
1467,BLR-6186,BLfubprlShi9jLAO-5FnCAAAACMAARAD.jpg
5720,BLR-7025,bLTeDYoJSBixVjfTNNJNCwAAACMAARAD.jpg
2895,BLR-6640,BMbS2HVtQz6-vYB9nv_ZcgAAACMAARAD.jpg
5722,BLR-7027,bMTOZCIyTXCpPa4ub3bHTQAAACMAARAD.jpg
5706,BLR-7023,BmtxLNdXTdqX4SH1-mkYHQAAACMAARAD.jpg
1502,BLR-6221,bn35mD0lQ4uFZy_ENqrDDAAAACMAARAD.jpg
5342,BLR-6971,Bn8w5NUwQdSCPSROnSgbggAAACMAARAD.jpg
14,BLR-6015,BnhIj1knTS6mWBEEEUtseQAAACMAARAD.jpg
3283,BLR-6690,bNI1emvDQLCu-niM7VJl6gAAACMAARAD.jpg
5836,BLR-7042,BnMTwNDZTDic7PE_4wP9cwAAACMAARAD.jpg
5111,BLR-6946,BOmsuVroQPCziVVdPOgIVwAAACMAARAD.jpg
1471,BLR-6190,BqnShoHOQsqv0kMYs1288QAAACMAARAD.jpg
1468,BLR-6187,BR6D2IbVStqt4llT_hVFIAAAACMAARAD.jpg
107,BLR-6108,br9YoFyoQiaHGx-Vo7q_OgAAACMAARAD.jpg
1469,BLR-6188,BRBd98gzSTiYvpO3SQAnKgAAACMAARAD.jpg
4938,BLR-6924,brqn8AxDRPe10QKPP1F0-AAAACMAARAD.jpg
28,BLR-6029,bRTtheSZSmmYF1ioTxt0agAAACMAARAD.jpg
765,BLR-6157,BRWY6k1aSz2TMGiFKvWLVAAAACMAARAD.jpg
5965,BLR-7058,bSowLH_QSz-W1UMpKjz0owAAACMAARAD.jpg
5218,BLR-6958,bt3Ul8LSTpysXSY3Lby9iQAAACMAARAD.jpg
5427,BLR-6986,btBii8NYT82Eab4ipCZHRgAAACMAARAD.jpg
1738,BLR-6457,bUABOnYPR1GKZPYKrwMxaAAAACMAARAD.jpg
1470,BLR-6189,BUm2rigfR1OWAJ3v7bAQDQAAACMAARAD.jpg
4115,BLR-6808,BUmRHtQ7TjS-SVV1fRHKYQAAACMAARAD.jpg
2396,BLR-6580,BuNN97MRQcCz3fGnadhcKQAAACMAARAD.jpg
1806,BLR-6494,Buo77H_hQUOkyHmz8otyQAAAACMAARED.jpg
1866,BLR-6502,bV-hnNDwTf-33yZYLYgAdQAAACMAARAD.jpg
1472,BLR-6191,Bv4tfSpQQbCXL7WjQU1fDQAAACMAARAD.jpg
2910,BLR-6642,BV6UMIXeRFGlJSDXgKdjXwAAACMAARAD.jpg
5,BLR-6006,bVawogFLRMGgpEn-gggk4wAAACMAARAD.jpg
4865,BLR-6914,BVDlO7QURnKXCHgHcEipRQAAACMAARAD.jpg
3584,BLR-6734,bVHcTTL3RQGIyOssUwQtjwAAACMAARAD.jpg
3965,BLR-6785,bWrVKQMHQ3yT7HepRrK54QAAACMAARAD.jpg
5086,BLR-6943,bZPRXQ8ARw2B5xrV50o6xwAAACMAARAD.jpg
1473,BLR-6192,BzUNpMMdQFyQkLdlV53svQAAACMAARAD.jpg
4559,BLR-6872,C-1CJR1WRfuhJJb_Qm68TAAAACMAARAD.jpg
3140,BLR-6671,c0YeO1JSSkOl2_nn_C-5EQAAACMAARAD.jpg
4987,BLR-6929,c1bsxYH9TCiXssaRwWChowAAACMAARAD.jpg
3651,BLR-6745,C31ai8TvSt6Aw7nn7WL8EAAAACMAARAD.jpg
5452,BLR-6990,C4kD2aFjSBCiM29zADgIegAAACMAARAD.jpg
4050,BLR-6802,C5EBRkvvRWKKksg7YqRYUwAAACMAARAD.jpg
5770,BLR-7031,C5W99xn9Rpmnq-8QffgzswAAACMAARAD.jpg
1909,BLR-6508,C6hv_lcwQN-Nn1g2zp2_BwAAACMAARAD.jpg
5960,BLR-7057,C7LFRq-yQ3al5ElDQWDhUAAAACMAARAD.jpg
1474,BLR-6193,C8JSANdmTkC13ywqDCFgCQAAACMAARAD.jpg
1475,BLR-6194,C8TazVwiSM-CR0ZKZ8Am6AAAACMAARED.jpg
5013,BLR-6934,C9fbo4oXQqiimGkgywDZawAAACMAARAD.jpg
71,BLR-6072,c9vEZwXtRyO1Dr4tu5XrvQAAACMAARAD.jpg
3100,BLR-6669,CAaN-fthQWOyiwQim6VHOAAAACMAARAD.jpg
2278,BLR-6564,caQRZBtZSBifQYofuRIU7wAAACMAARAD.jpg
3502,BLR-6720,CaZJjLndTA2kv47qCGcpCgAAACMAARAD.jpg
5295,BLR-6965,cCQqL-WIQSGv2ms-U9TwWAAAACMAARAD.jpg
3400,BLR-6707,CD-mQD7yTP-C2_F5xSVBdAAAACMAARAD.jpg
4498,BLR-6868,cDuYO87OR8KYO3u50YiHeAAAACMAARAD.jpg
1478,BLR-6197,CfKv21PwT-i2xZi5qaAfAAAAACMAARAD.jpg
5286,BLR-6963,CFSwx5f8SoWV_YtSipuafQAAACMAARAD.jpg
84,BLR-6085,cfVYgviqQsCzfjXKlhxUPgAAACMAARAD.jpg
2486,BLR-6592,CFxGlTFCSMqEVNHDNFHTPwAAACMAARAD.jpg
3294,BLR-6691,cf_Ugc6JRYSrPlt8WTW0qAAAACMAARAD.jpg
1476,BLR-6195,CGcHiPReS927jUTUlyNxCwAAACMAARAD.jpg
2929,BLR-6644,cgcXZOVzTXy1Soom6I15DAAAACMAARAD.jpg
5869,BLR-7050,CGF0IrWnSRGBFZV0QP-bbAAAACMAARAD.jpg
2147,BLR-6546,cgUJh_KsQiK9ereFpiG4gwAAACMAARAD.jpg
33,BLR-6034,chNJGYMLS8O7edkLMidvpQAAACMAARAD.jpg
5086,BLR-6943,chz-iAJxQCyq0jmc_YIVoAAAACMAARAD.jpg
4911,BLR-6920,cj5bR7V7REe4NTTmWWLMgAAAACMAARAD.jpg
13,BLR-6014,Cj5Y0AZMSrOgo-jlMzzcPgAAACMAARAD.jpg
5130,BLR-6949,CjjKYKHuSV-SPLZkNnGsFQAAACMAARAD.jpg
3676,BLR-6748,cJl8B2jjSyaKRqpEJMWTEgAAACMAARAD.jpg
3094,BLR-6668,ck9zbtoaSXybIc94A_kSRQAAACMAARAD.jpg
5757,BLR-7029,CKbkmQ4qQU2iTWtu0-Ek3gAAACMAARAD.jpg
5452,BLR-6990,clLxQ0bwSdupR-4HynPAfQAAACMAARAD.jpg
4044,BLR-6800,ClmIDy_AT2SozAhOJPWa-QAAACMAARAD.jpg
1741,BLR-6460,cmCMBeDVSiuJdByJ-0eFVwAAACMAARAD.jpg
4383,BLR-6850,CMgTsPq7S72mkwFNB7n9wQAAACMAARAD.jpg
4341,BLR-6846,cN2uBBLhRry_Q2whUeE6EgAAACMAARAD.jpg
4341,BLR-6846,cNRJBz7fR1OyMyI8iYg7IgAAACMAARAD.jpg
1740,BLR-6459,cO83HP7PSICTuooXrDSeBwAAACMAARAD.jpg
140,BLR-6141,CoKUiVwKQCyRq3CzkH2c4wAAACMAARAD.jpg
5654,BLR-7016,cOr4Q-vIToudfDTJK_hYsQAAACMAARAD.jpg
3819,BLR-6766,cPAWgG14Q_KymaXKh2gUcwAAACMAARAD.jpg
4155,BLR-6817,cPpssp2xQam6_5J3vRWESgAAACMAARAD.jpg
1726,BLR-6445,cPXeT-9bRQuF3bv7m6np3gAAACMAARAD.jpg
3022,BLR-6663,CPyzlu2hSaKV8_XOkn2D_QAAACMAARED.jpg
1724,BLR-6443,cqbV660mSHeQSuELld4KNgAAACMAARAD.jpg
5759,BLR-7030,crE-yGuKTyaiQLaA4borcAAAACMAARAD.jpg
5649,BLR-7015,crnZHu4lQMmj6VWzCaw6TgAAACMAARAD.jpg
3251,BLR-6687,CsgGgwI4RWyc46RKXAtLMgAAACMAARAD.jpg
5749,BLR-7028,CsysDwi5QjeJ03Wvg2F9SAAAACMAARAD.jpg
3599,BLR-6737,cU3SujOLS9OPOo9w_8JvzgAAACMAARAD.jpg
5411,BLR-6984,Cv4q_CkHS_eCzOjxZv00_QAAACMAARAD.jpg
1834,BLR-6496,Cvl0uE1AQ3iH3TZj1wLg7gAAACMAARAD.jpg
39,BLR-6040,cvPmlgBJTHymCPZD9SWipQAAACMAARAD.jpg
27,BLR-6028,cvremTAXQcSBaCd8ATRaVAAAACMAARAD.jpg
1477,BLR-6196,CXNW0JeDTMaJABeidHCmkAAAACMAARAD.jpg
4150,BLR-6815,CXyh_lz3Rd69HiZE31su8gAAACMAARAD.jpg
1479,BLR-6198,Cy7Xh3ZKTqKrIhFjK6H60AAAACMAARAD.jpg
1480,BLR-6199,Cyujg6tHS123VaL_tKCx9wAAACMAARAD.jpg
4866,BLR-6915,czHIhka9REGuUf3unZEFtQAAACMAARAD.jpg
1895,BLR-6507,CZktQs9-QEmjaNb6o24TlgAAACMAARAD.jpg
5285,BLR-6962,c_SJ1XreSFC5M-eVmmFApAAAACMAARAD.jpg
5010,BLR-6932,c_WjmvvyT02TIIdzb6axJgAAACMAARAD.jpg
4320,BLR-6842,d-RPytZIR2ugXn8Z62sk0QAAACMAARAD.jpg
5070,BLR-6940,D0OVd8JtQC62OxbEXRtLbQAAACMAARAD.jpg
1856,BLR-6499,d1jmD_qNQ0KW3BICmXZ4zwAAACMAARAD.jpg
1781,BLR-6490,d1sSMlRGTjqe1gx-bbo6swAAACMAARAD.jpg
4483,BLR-6866,D2EnM3OVQHWZCqp7imjMaAAAACMAARAD.jpg
4017,BLR-6795,D37N3EydSO-WztWFGibXpAAAACMAARAD.jpg
3771,BLR-6759,D3deQkugSO6LZeXmIXHpVgAAACMAARAD.jpg
5041,BLR-6937,d3fyU1csRm-TUwVmWhhfZQAAACMAARAD.jpg
1742,BLR-6461,d5lusY6ESHePsFBtLZAAlAAAACMAARAD.jpg
5499,BLR-6994,d6cq3A66Q4iBo-xvZpaImwAAACMAARAD.jpg
3323,BLR-6694,d7Zf8kW9TxSyD6KqcfA1jAAAACMAARAD.jpg
1481,BLR-6200,D8YdL-SsQZ25owE4Knx0RAAAACMAARAD.jpg
1478,BLR-6197,D9t9NkgYRzupJuesOGFFxgAAACMAARAD.jpg
5342,BLR-6971,d9tuz5DXQOK76K4ObeZeMgAAACMAARAD.jpg
3355,BLR-6701,da5HCm8xQnuCW_6EhpYyHAAAACMAARAD.jpg
1482,BLR-6201,DA5L_xzIR3W3CnO6wt4kPAAAACMAARAD.jpg
3513,BLR-6722,da7NxuohQO6TrY7nNQ3-EQAAACMAARAD.jpg
1458,BLR-6177,DAizUGVvTWCdPU3KweaAdAAAACMAARAD.jpg
4689,BLR-6892,DbovyuegTlaBIELdHb9UUgAAACMAARAD.jpg
5440,BLR-6988,dCZwJU1lTA-LcKSY52EcTgAAACMAARAD.jpg
2345,BLR-6572,dC_EKn71SiWE8B2jjV6OyQAAACMAARAD.jpg
5020,BLR-6936,dDgdjh0VSpiNvmLk82HhAwAAACMAARAD.jpg
5408,BLR-6983,ddr6ef_uQqK1m0qwzDdJSgAAACMAARAD.jpg
5706,BLR-7023,dE5D0FnIS42ZuBi1OUZO3AAAACMAARAD.jpg
5503,BLR-6996,degcbCt2QhSBB6gzoX0KdAAAACMAARAD.jpg
5196,BLR-6956,DEkqfYF3QYO_IqQ_Es8K7QAAACMAARAD.jpg
5020,BLR-6936,df8OgWfVReKxuNO2cBjpFgAAACMAARAD.jpg
47,BLR-6048,dFbCm0MjTAWJCZ7E8aABZgAAACMAARAD.jpg
5386,BLR-6981,dFbelYNwQVKu1593oLTp3gAAACMAARAD.jpg
2633,BLR-6605,Dgf7jtnfQ9GdD-0ieQ5ENwAAACMAARAD.jpg
5932,BLR-7053,dGG2aRuKRkqEOETt9YkP4gAAACMAARAD.jpg
4423,BLR-6855,dGmB1S3YR1SOL-vjnesU4wAAACMAARAD.jpg
1743,BLR-6462,dGVAR_HSRqebxOXyWPSd9AAAACMAARAD.jpg
4073,BLR-6803,DH1sNPBIRAuKzt2u0qifYAAAACMAARAD.jpg
3401,BLR-6708,diXz9GjUQ8O6n2zyiq_3ogAAACMAARAD.jpg
2903,BLR-6641,DIyPxdISQNeWNTJ-aBKk1AAAACMAARAD.jpg
4900,BLR-6918,Dj4HOBGrQXO9B4NqBKDzDwAAACMAARAD.jpg
1500,BLR-6219,dj8Go5XcTmmgWHMpqd-e-wAAACMAARAD.jpg
21,BLR-6022,DjO8wTNMR_ieqYCe-ePJoAAAACMAARAD.jpg
1487,BLR-6206,DjSkiQDFQbCA1jFAX6o39gAAACMAARAD.jpg
1489,BLR-6208,Dkgi6XjdRdOkTGSgqsr53gAAACMAARAD.jpg
1488,BLR-6207,DkKx3yaWSnen5aDYm0lnfAAAACMAARAD.jpg
5408,BLR-6983,DKmg21TITUOXhwcmBJ50-AAAACMAARAD.jpg
1467,BLR-6186,dkORxcBaR_yee-k6FCfVmAAAACMAARAD.jpg
1517,BLR-6236,dLbF22WJR8aK1EOOKz2xGQAAACMAARAD.jpg
4900,BLR-6918,DloBWfa5R-aTtPRPUD1x2wAAACMAARAD.jpg
3997,BLR-6793,dlUgDkDmRF6zf2zibXZMdAAAACMAARAD.jpg
136,BLR-6137,DLWO8JJrRiqesOKutnp8gQAAACMAARAD.jpg
1483,BLR-6202,DLZVPeVCRUWyU79R98aBYAAAACMAARAD.jpg
4448,BLR-6859,DMNDcOY0RR2ZYhexZOqZBAAAACMAARAD.jpg
5440,BLR-6988,Dn3lmMp1Q5C_uLN0MrCibgAAACMAARAD.jpg
82,BLR-6083,Dnf0Jn0CRdWiIIaixMDIsgAAACMAARAD.jpg
4921,BLR-6923,dNf1G7FOQrGOjUjQwg9rlgAAACMAARAD.jpg
5706,BLR-7023,dNTm6a6ZQU-tMrEpqKmLXwAAACMAARAD.jpg
5876,BLR-7051,do9fiCurQMewDq6x14MTlgAAACMAARAD.jpg
1739,BLR-6458,doGYJxplRXynOBArWpE-lQAAACMAARAD.jpg
1490,BLR-6209,DohFw64NRPKo8O8mm5WB0wAAACMAARAD.jpg
1491,BLR-6210,DpIprnmwRc6VakcaISeOPQAAACMAARAD.jpg
1910,BLR-6509,dp_JDcuzQ5mAei7F95bCCwAAACMAARAD.jpg
3415,BLR-6712,dqSoGs7GTqOXRnsGRBuVSQAAACMAARAD.jpg
5003,BLR-6931,DrgoCAY0Rz69BEJgJWH1eAAAACMAARAD.jpg
4663,BLR-6884,dRHsw_JtQeipYQIkZAhgjAAAACMAARAD.jpg
5656,BLR-7017,dRX2p0mwRrumfcxLhB9tHAAAACMAARAD.jpg
2087,BLR-6541,ds2tL7OcQH-4a79W7W5hUQAAACMAARAD.jpg
5857,BLR-7046,dsoIAzfXQvGCsWjUbb4X8AAAACMAARAD.jpg
5876,BLR-7051,dsoua9awQ96zA43Lqf2KVgAAACMAARAD.jpg
1479,BLR-6198,dSsXqRt7SvCAv0k-uQUkfQAAACMAARAD.jpg
5218,BLR-6958,DtOanm5ISS2lJ5aZGJenuwAAACMAARAD.jpg
5999,BLR-7064,dTUY37UVRheaLCsCQ6X01AAAACMAARAD.jpg
4216,BLR-6825,DuApSC9ISZmGZyepMCRZzQAAACMAARAD.jpg
3863,BLR-6773,DVC91NoRSsSznalEearShQAAACMAARAD.jpg
2262,BLR-6560,DvkHFJYwRi6x3bVZpOeg6QAAACMAARAD.jpg
1484,BLR-6203,DVsMc-UBQB2zoLcRNMaokwAAACMAARAD.jpg
1745,BLR-6464,dwH602gNRjK1sobVYgK5dgAAACMAARAD.jpg
3348,BLR-6700,dwoML0IOQguBEh7bwn-R9gAAACMAARAD.jpg
5460,BLR-6991,DWypY0vmQR-G_oCn6-mGPAAAACMAARAD.jpg
1744,BLR-6463,dWzmd4d7QYmj6WGXx__DhwAAACMAARAD.jpg
2616,BLR-6604,DXgSUP4QQdK-g3sFJRXaUQAAACMAARAD.jpg
1492,BLR-6211,DxXl7S2QTuaayQg-Bm39VQAAACMAARAD.jpg
1508,BLR-6227,dy0iOSwgRZGlfbvpAm_22QAAACMAARAD.jpg
5722,BLR-7027,dyxtW91GQ3m1hwcxGe6xNQAAACMAARAD.jpg
4677,BLR-6887,dYyCLuMKQe27BKgb7C_NvAAAACMAARAD.jpg
1486,BLR-6205,DZa0jq6jS4K8nLLOctO_ugAAACMAARAD.jpg
129,BLR-6130,DZaYo6XVR66T0yynhsYoFQAAACMAARAD.jpg
1869,BLR-6503,DzgeJhXBRcqlZ2GVVaojoQAAACMAARAD.jpg
131,BLR-6132,dzmOx_EpRVub9gHydlNVdwAAACMAARAD.jpg
35,BLR-6036,Dzn0BHWiThaVsOIXPZvCWAAAACMAARAD.jpg
4044,BLR-6800,dZo5CdsASoawgtya75MMmwAAACMAARAD.jpg
1485,BLR-6204,DZYpm-pAQQmS2LKqsQlc3AAAACMAARAD.jpg
3190,BLR-6678,d_BsfI4gSeyuos-kR6KSHAAAACMAARAD.jpg
3309,BLR-6692,d_t8iaU5RRayYPn-na_yDwAAACMAARAD.jpg
5436,BLR-6987,e-GRsAEeTMy9JZPAynxMfQAAACMAARAD.jpg
1711,BLR-6430,e3-cwxW9QW2wMRzIgwTaIAAAACMAARAD.jpg
3865,BLR-6774,E30z9Y5nS5mcL8pF9J7eJgAAACMAARAD.jpg
3961,BLR-6784,e4zUOiGvQPigqwo5Pp3KLAAAACMAARAD.jpg
5071,BLR-6941,E5fuUIZLSUSrfGEBpoTDhwAAACMAARAD.jpg
2718,BLR-6619,E5jkZvUxQPyyl1dGMRFNBQAAACMAARAD.jpg
1493,BLR-6212,E6Bu9nywSc29ZzjRE59fTgAAACMAARAD.jpg
5110,BLR-6945,E6UkX58pTDumgBY-L8nBhAAAACMAARAD.jpg
4050,BLR-6802,E7m2RnQ3RyuYWBEcnv_LMgAAACMAARAD.jpg
2817,BLR-6630,e9dUnbJ7QMai2qk6sx_wGgAAACMAARAD.jpg
3326,BLR-6695,E9m18GFETiWO0Ao8UqyRwgAAACMAARAD.jpg
2523,BLR-6598,eaIF8QDRTYW40LuVs2Wu8QAAACMAARAD.jpg
1494,BLR-6213,EAPFqwAIRL-7oNVe9bulgAAAACMAARAD.jpg
3776,BLR-6760,eAYV5ef7RVuIzDE-itmdKwAAACMAARAD.jpg
4312,BLR-6841,EbCdnP66QjGC2AU1ulLqZQAAACMAARAD.jpg
3341,BLR-6698,Ebh1BCq6RpCrx-MSzDChqAAAACMAARAD.jpg
4295,BLR-6837,ebigy6WlTI6ZRBJEsKc3uwAAACMAARAD.jpg
5145,BLR-6951,Ebw7vYkeRq2K709sPCZBLwAAACMAARAD.jpg
3646,BLR-6744,Ec-GWSp4TumVP3cXrrJfVgAAACMAARAD.jpg
4822,BLR-6908,ECEk7_9BSYeRpQu7Q6vd0wAAACMAARAD.jpg
1698,BLR-6417,eCODwyslSWasMbM9gQmJ_AAAACMAARAD.jpg
2076,BLR-6538,Ecta9KVjT9WdGkDQ-AfF4AAAACMAARAD.jpg
1495,BLR-6214,EC_SSOPbRoCOSV-P4p6xoQAAACMAARAD.jpg
1495,BLR-6214,EDAZ0ENwQgSB5nhjcC4yEgAAACMAARAD.jpg
1895,BLR-6507,EDJnsxJeSLuEYIi_Chrb1QAAACMAARAD.jpg
5805,BLR-7037,ee9SWo2zTeyS2Xh3WfHGaQAAACMAARAD.jpg
1496,BLR-6215,EE9zZ8pUTRuSapotBEPMigAAACMAARAD.jpg
5442,BLR-6989,EG4FRRKzQKuXtH8yElUumAAAACMAARAD.jpg
2382,BLR-6578,EgbLrztHTEOIf8bXlhTp5gAAACMAARAD.jpg
2934,BLR-6645,egD59s4ARzWOBN4myMbZWAAAACMAARAD.jpg
5876,BLR-7051,eHBYLvENTQGKAnE0v0CurwAAACMAARAD.jpg
2337,BLR-6571,EHZt4dmtRGmhfe0nFajgzAAAACMAARAD.jpg
2650,BLR-6607,eijKX-NFTGK7ZFvvwXt9sgAAACMAARAD.jpg
1465,BLR-6184,EikOxJ15S-atlgQUk6A-GgAAACMAARAD.jpg
5704,BLR-7022,EIpoK14ATmCiS-H_pM6kvAAAACMAARAD.jpg
5071,BLR-6941,EiVg9kUqQZu1qFK5pwJuIAAAACMAARAD.jpg
2833,BLR-6632,EIXHY2eCSNWsvluXDYSR0AAAACMAARAD.jpg
5827,BLR-7041,Ej2g9nnhTLyYvf0RFPPZMgAAACMAARAD.jpg
4423,BLR-6855,eJewK48SQ1yDBz9xUBfwzAAAACMAARAD.jpg
1,BLR-6002,EJoldD9BQa-1oWZ57aRkpwAAACMAARAD.jpg
5083,BLR-6942,eJVxf5hvQRO-fSQGRtfO5AAAACMAARAD.jpg
5670,BLR-7018,ejYUJjUrTHmLuE2JKdcsRgAAACMAARAD.jpg
5263,BLR-6960,EKUWKaxOQK68sSN73yAGWwAAACMAARAD.jpg
5571,BLR-7003,El33Yi4bT62TsnZrydTVywAAACMAARAD.jpg
4772,BLR-6902,el9DFII0Tcms4Hi0NOAudAAAACMAARAD.jpg
1707,BLR-6426,eLBAIrkaRVe-H0Kv0_GD8wAAACMAARAD.jpg
5501,BLR-6995,Eld30Rj1QH69xm_IP9pUugAAACMAARAD.jpg
5838,BLR-7043,elfhVqTdQpWv6R3PsHqMjQAAACMAARAD.jpg
5977,BLR-7062,elFmGazMSCiTA9cBKwcuMwAAACMAARAD.jpg
2225,BLR-6555,ElKl8ruPTO6OEhMUhKmlwwAAACMAARAD.jpg
1497,BLR-6216,ElPW0KggTNeHxMBZ5GxYqwAAACMAARAD.jpg
75,BLR-6076,Em6Xu5WRQiCBPAow6O_RnwAAACMAARAD.jpg
5411,BLR-6984,eMrS7LvuS1KQW40SedrswQAAACMAARAD.jpg
1498,BLR-6217,EnDbuQcNQxmoRlp96icb5wAAACMAARAD.jpg
3851,BLR-6771,enhtcOq4QViKY7uFFuZyhAAAACMAARAD.jpg
1678,BLR-6397,eNmm7WhrTbmFlugsQxlvUAAAACMAARAD.jpg
2318,BLR-6568,EpCN03zlS_yWFLpW90ncAAAAACMAARAD.jpg
5656,BLR-7017,eQT1_8OmRpKNZ41LUV90mQAAACMAARAD.jpg
4654,BLR-6882,Er5MymNZRfGy9Q1ppEdMFQAAACMAARAD.jpg
2276,BLR-6563,erhtrm-lToaheyIvOkugqwAAACMAARED.jpg
1687,BLR-6406,erpA7q74SJaRdkcyoR2ATwAAACMAARAD.jpg
3819,BLR-6766,eruPBCl2QmK-1bRDZwdWawAAACMAARAD.jpg
2018,BLR-6528,eskfiQDzSLmwCiUP-J_ksgAAACMAARAD.jpg
1521,BLR-6240,et75wYjfTnm0h2pHGZ1J1wAAACMAARAD.jpg
2011,BLR-6527,ETfzUaJeQTi00-oOoYnmdAAAACMAARAD.jpg
1733,BLR-6452,eTw9E0VvSGWnBlYP7bRxiAAAACMAARAD.jpg
5973,BLR-7061,eub05Tg8Ri20vTxIGswtRwAAACMAARAD.jpg
5302,BLR-6967,EUE-QNQoQHOKBzPqW0TqhwAAACMAARAD.jpg
3498,BLR-6719,EuNsnL3OQIaKrFW-FfZSIwAAACMAARAD.jpg
2081,BLR-6539,EUoyowMnTVWJP315lnMh0wAAACMAARAD.jpg
5869,BLR-7050,eVAexCuGQ-2ZHt6vXBAIlwAAACMAARAD.jpg
1746,BLR-6465,eW9V3EoXStib9V2uqp3ClwAAACMAARAD.jpg
5335,BLR-6970,EWjT5ZloSBaxBE1qOa379AAAACMAARAD.jpg
1531,BLR-6250,ewYrSsQqQKCtkfzPKoRmqAAAACMAARAD.jpg
4535,BLR-6870,ewzgEvfXQnyWaj9iWvBvxgAAACMAARAD.jpg
5124,BLR-6947,EXI-rCGqSLOzTlPmvmhB4gAAACMAARAD.jpg
1745,BLR-6464,eXxu17ujQdihem-fMsBp9QAAACMAARAD.jpg
4089,BLR-6804,Ez-U-fYlSxurldZ3cBzjkAAAACMAARAD.jpg
5222,BLR-6959,EZGEZUvDTVahr9QEhIfbfwAAACMAARAD.jpg
1747,BLR-6466,ezPOn2FGSBm8YdAlTiZmyQAAACMAARAD.jpg
5010,BLR-6932,EZUd9_DBT3Ou5kUOb-r6ngAAACMAARAD.jpg
4026,BLR-6798,EzVrqORCQcqgN9myhmm09gAAACMAARAD.jpg
2162,BLR-6549,F-f5_lokQxysOJm2POJslAAAACMAARAD.jpg
5436,BLR-6987,f3e9cxcBRmCJndEX2p-ZPwAAACMAARAD.jpg
5569,BLR-7002,F466TxvFRfqm3Vv-bZBHAgAAACMAARAD.jpg
5800,BLR-7036,f4a1-1TxSRStvQAki3vjjQAAACMAARAD.jpg
3428,BLR-6714,f4onmQkNQtekB3uFRteK0AAAACMAARAD.jpg
268,BLR-6145,F5Zh80AsSzC9yvUZ1MQVEgAAACMAARAD.jpg
2033,BLR-6531,F64c7CNlQwuApbSTfWEK7wAAACMAARAD.jpg
5941,BLR-7054,f6GMYs9cRVe3Vy5EDVVBpgAAACMAARAD.jpg
126,BLR-6127,F70tpw3dRVO8KjDgI5VDcQAAACMAARAD.jpg
2718,BLR-6619,f7EED57XSTGasuyeanCHrgAAACMAARAD.jpg
1748,BLR-6467,f9jA6bZZRaqZ8OGwr2LwLAAAACMAARAD.jpg
5302,BLR-6967,F9LKttzFQU-_vpsteA4wTgAAACMAARAD.jpg
53,BLR-6054,FAS-i0c-Ry6CnQfZRFGJygAAACMAARAD.jpg
1978,BLR-6522,faZn5WVAQ72BshpOXb_3swAAACMAARAD.jpg
1950,BLR-6518,fB956fJWT32YdC0leQLnRQAAACMAARAD.jpg
4301,BLR-6839,fbc7WlIORUOByeAvlEWrxwAAACMAARAD.jpg
1098,BLR-6165,Fc2iiqpERjqMa6_BkqAA8QAAACMAARAD.jpg
4654,BLR-6882,FCagrPuuQeaq7CdZj0lTGgAAACMAARAD.jpg
5677,BLR-7020,fcg3fFELSXuinicx0-hYRQAAACMAARAD.jpg
1499,BLR-6218,FDCJxSn-QYqG90NxDKs-mgAAACMAARAD.jpg
5359,BLR-6974,fDf9Z24YTeGfYDvykvQZSwAAACMAARAD.jpg
2162,BLR-6549,fDhUOumgSSSs3acksRIpXAAAACMAARAD.jpg
4716,BLR-6896,FF-1wvJET2SlM2FiFmoU2QAAACMAARAD.jpg
5499,BLR-6994,FFVDb_hHRTmJT8V8oVlK0gAAACMAARAD.jpg
1225,BLR-6166,fG5ktDozQlO-MvDutSW2gQAAACMAARAD.jpg
2874,BLR-6636,fhR941v_RB-KGh6p2nebHwAAACMAARAD.jpg
2048,BLR-6534,FIjI4IruTl2sDBdLpkymPQAAACMAARAD.jpg
1792,BLR-6492,fiPk_1uwRfa8kmpZR47IDwAAACMAARAD.jpg
2782,BLR-6626,Fj5wkBYtSxeyoxRYga5wGwAAACMAARAD.jpg
5124,BLR-6947,fjGBm6jeT4WxCV-pabsp2wAAACMAARAD.jpg
5677,BLR-7020,FjU3DCiVRJi-p0oNR-tAGgAAACMAARAD.jpg
104,BLR-6105,FjzZQoP8T7m1GmjO-7SkLQAAACMAARAD.jpg
4987,BLR-6929,fK2Z9gAPRPeB6b64eJH1NAAAACMAARAD.jpg
3338,BLR-6697,FKV9SP57S7GOsuof4IhwlgAAACMAARAD.jpg
1524,BLR-6243,flKCvELiSti6EClhChP08gAAACMAARAD.jpg
4216,BLR-6825,fLqMHjdRTSCx1XxpNM338gAAACMAARAD.jpg
4679,BLR-6888,FmfSp7Y_T-OpV9DjoG2YDwAAACMAARED.jpg
2979,BLR-6653,fnaMK6MbSbCl7yBMZ6dYDQAAACMAARAD.jpg
1466,BLR-6185,fNQTxuFnQ_ii-6hJHdwyggAAACMAARAD.jpg
3361,BLR-6703,FnWsQyfTR3OOt-e916NEYgAAACMAARAD.jpg
1502,BLR-6221,FpCOFmiYQb2OVWMzbGFqswAAACMAARAD.jpg
3405,BLR-6710,Fpjhf_UoTR-LpxjgzprT5wAAACMAARAD.jpg
4020,BLR-6797,fpo_lNwwQHmc55OfWPYp9QAAACMAARAD.jpg
4686,BLR-6890,fPxyWaFiQNa_h2FOg3YoWAAAACMAARAD.jpg
3623,BLR-6741,Fq1HkzxoQaiBeRzbOZOi0QAAACMAARAD.jpg
5654,BLR-7016,FqkFbyh3S-iRdiuoyQkTsQAAACMAARAD.jpg
5814,BLR-7038,FqQ7Yv3sQqamD1XqNUNQeQAAACMAARAD.jpg
2437,BLR-6586,fQTRxYJKQ7qqW6m6spSyQwAAACMAARAD.jpg
4246,BLR-6830,FQxnoa4qTr6ZAeq6LC679AAAACMAARAD.jpg
5838,BLR-7043,frarTD7lTOqgeRc7RMPqNQAAACMAARAD.jpg
2895,BLR-6640,frcN6tW0QPO_7wiJWXsIzgAAACMAARAD.jpg
5824,BLR-7040,frdTcr-kQKe_ugKUa32pmwAAACMAARAD.jpg
4465,BLR-6863,friCNox5QHC7u141bYB-_wAAACMAARAD.jpg
3333,BLR-6696,frZh2SFFS8S7s3W-MfmGvwAAACMAARAD.jpg
5202,BLR-6957,FsHzs7xGQ8qEiIcWc5_vcQAAACMAARAD.jpg
2521,BLR-6597,fskAew-_TOuFXvWQg5uZuwAAACMAARAD.jpg
1500,BLR-6219,FTcM9WHqQNuP2bgRklRZqQAAACMAARAD.jpg
5584,BLR-7005,FtGxgcSDRMGCD4Rija8SwgAAACMAARAD.jpg
1503,BLR-6222,FtITz9-lQUipSiULnONSXQAAACMAARED.jpg
2874,BLR-6636,ftTZ_FZlTqiHmA8TVjxIgwAAACMAARAD.jpg
122,BLR-6123,ftuEBPM4TqeUFbo1F5_VjQAAACMAARAD.jpg
3338,BLR-6697,FUGyEVr3SPuCO95k7Ebq1wAAACMAARAD.jpg
5654,BLR-7016,Fv9FYvAkQc6AGTP11upBrwAAACMAARAD.jpg
4141,BLR-6813,FVCUhDZHQYWq6_uIwR9YPAAAACMAARAD.jpg
4809,BLR-6905,fVez8tNRTOmgBK3N0HF3wwAAACMAARAD.jpg
4320,BLR-6842,fvKqbGnjSHamLezBL6BxRwAAACMAARAD.jpg
4220,BLR-6827,fVpAWVpBQM2GK7CAfHa67gAAACMAARAD.jpg
2833,BLR-6632,FwnGx0c6SzeFUDP6b5_euwAAACMAARAD.jpg
3544,BLR-6729,FWouOG6iSzWpyJ2c6nHjVAAAACMAARAD.jpg
1673,BLR-6392,fXaYbEWlRYWti9ASCkOOXQAAACMAARAD.jpg
1675,BLR-6394,fXDwsspzRv-q4W6veBFS-AAAACMAARAD.jpg
1750,BLR-6469,fxGWaZccRP-nm-PKf2oTJAAAACMAARED.jpg
1489,BLR-6208,FXWpSfuvRsyZNO5l5KxOugAAACMAARAD.jpg
2158,BLR-6548,FY1NtzPtTEWr8bunqpjYtAAAACMAARAD.jpg
1501,BLR-6220,FY6Ss9d6T9-xM3eY_s5W7gAAACMAARAD.jpg
3428,BLR-6714,fYo3u2RZQ8uBxtlXj_3oDwAAACMAARAD.jpg
5386,BLR-6981,fZp4p13qT5egN5BAZ6-OiQAAACMAARAD.jpg
1749,BLR-6468,fZsX1TDoRASlOh6GjyYvuQAAACMAARAD.jpg
2969,BLR-6650,FZwpiQ-2SV2_hpdC8ZFGYAAAACMAARAD.jpg
5800,BLR-7036,FzycvDuPSGu-ef2sruqE3wAAACMAARAD.jpg
1855,BLR-6498,f_5OW9npQxSJA8635ecYqgAAACMAARAD.jpg
4993,BLR-6930,F_OJyS8mRlGqstVl--fKqwAAACMAARAD.jpg
1504,BLR-6223,G-ejN2KmTDG-xZupGckuuwAAACMAARAD.jpg
3631,BLR-6743,G-MSAzgASrGgCWRr-CSISgAAACMAARAD.jpg
5858,BLR-7047,g1oOHJOvS4qxd5DGYu64FgAAACMAARAD.jpg
2633,BLR-6605,G24WhZl1Q2q2WoJpbMhhwAAAACMAARAD.jpg
4483,BLR-6866,g3EVRUubTxO9fI3OpZdbVQAAACMAARAD.jpg
5020,BLR-6936,g4I1lSczRjKaacZjI5NohwAAACMAARAD.jpg
2349,BLR-6574,g5c66O_TSBCbX_ERNfkNgwAAACMAARAD.jpg
5364,BLR-6975,g7DVx7UmRhKscCXfp35tfQAAACMAARAD.jpg
90,BLR-6091,G7PidNTjRp2iTxVjoAJZnAAAACMAARAD.jpg
2695,BLR-6614,G8c-2EIMRW2jAtyVqKjVjQAAACMAARAD.jpg
130,BLR-6131,G91VGsjiRVaRqWf6gB_H8AAAACMAARAD.jpg
1505,BLR-6224,GAHgd6CVQGGvYrFl2W7XCQAAACMAARAD.jpg
1506,BLR-6225,GAhJFW-TRdWLk4Cu6ZsjVQAAACMAARED.jpg
7,BLR-6008,GaHS4xtJRXi4HDSd5y7nmAAAACMAARED.jpg
4357,BLR-6849,Ga_yKGGVQTa2MvO9QE76UQAAACMAARED.jpg
1736,BLR-6455,gB4WbmiIRqStIfpk7FBgWAAAACMAARAD.jpg
1511,BLR-6230,GcFMeDJjQYu_jeF6_BiZrAAAACMAARAD.jpg
1920,BLR-6511,gCNf02uRRESZ0GxBV6gJOgAAACMAARAD.jpg
4040,BLR-6799,gD3luQfDS6yDzMiEGLexBQAAACMAARAD.jpg
2910,BLR-6642,gdM3O8gURteqr7iNFJRFdwAAACMAARAD.jpg
3094,BLR-6668,GDwpHSD-SxGWl_LkAdqybAAAACMAARAD.jpg
5043,BLR-6938,Geg-rKvHTCCvl001CCNa5QAAACMAARAD.jpg
5130,BLR-6949,GFjpkrUgS2W0MVKqCQWecgAAACMAARAD.jpg
1507,BLR-6226,GFJusJ-gSBS4XoKOyozYjQAAACMAARAD.jpg
5427,BLR-6986,gFP0utlLQh25AE96PUgLqwAAACMAARAD.jpg
5111,BLR-6946,GfXqmDK8SHKC2Y1gh0tJSAAAACMAARAD.jpg
2903,BLR-6641,GgJ2xrptS6-rBlR7Lg6XBwAAACMAARAD.jpg
3203,BLR-6681,gGLMO4ycRAKoe8tpSN8sgQAAACMAARAD.jpg
3103,BLR-6670,GGT8BzViQ7y2DnrFZk4xQQAAACMAARAD.jpg
3676,BLR-6748,gGtVXsUMS7CufhWjoMeSjwAAACMAARAD.jpg
1508,BLR-6227,GHhdmpfTRiKsbQi4pcQwQQAAACMAARAD.jpg
3520,BLR-6723,ghryWrvfQsSTkwRRAxATyQAAACMAARAD.jpg
3731,BLR-6754,GIgIeD5PS5Cm0npAdSRqmwAAACMAARAD.jpg
5827,BLR-7041,gioGl7mwSCab39gMX8ARnAAAACMAARAD.jpg
1486,BLR-6205,giTIkHuBS76hQJ4_8Q0XZgAAACMAARAD.jpg
56,BLR-6057,gJA2I1mQSFOVPDlsXYN6VQAAACMAARAD.jpg
1512,BLR-6231,GjVl3Se4SyGhX2-4zE05KwAAACMAARAD.jpg
4592,BLR-6874,GKdzWeG-TqiCgxuoQc0dYwAAACMAARAD.jpg
5941,BLR-7054,GkKIt_19Rh2gdu0uxH4mbgAAACMAARAD.jpg
4115,BLR-6808,GlIsDT_WRSWIVnyDx40cogAAACMAARAD.jpg
4448,BLR-6859,GMqG44y4ROKKD-4Zp98lIQAAACMAARAD.jpg
4686,BLR-6890,gMtMMLGySGyBrlJIhXcxuQAAACMAARAD.jpg
4620,BLR-6878,gNid0qwgQqmMnKibme-woAAAACMAARAD.jpg
1518,BLR-6237,gNinLsvbTL6LbAxSL3nALQAAACMAARAD.jpg
1720,BLR-6439,gNu7bxVaRwK78tRdLm1XsAAAACMAARAD.jpg
1950,BLR-6518,go8mqGDnRxG_96wB-F6puwAAACMAARAD.jpg
5390,BLR-6982,Gp69dCBDRDu-I50vjuqsrwAAACMAARED.jpg
1710,BLR-6429,gPFLw6MVST6i57FHJNY3kQAAACMAARAD.jpg
3981,BLR-6789,gPLUd4xsT5e_MQaftylzdwAAACMAARED.jpg
1721,BLR-6440,gpt9nkriROmjxBEi7tNHbwAAACMAARAD.jpg
5702,BLR-7021,gpZWgwFPRP-Iq02OHwMZPgAAACMAARAD.jpg
1509,BLR-6228,GQNoS3D0T_2uxIvSPO6xXgAAACMAARAD.jpg
2018,BLR-6528,Gseu-UR0Sx-thWPDEzzpCQAAACMAARAD.jpg
5770,BLR-7031,gssR255rQKW-hXQD0Y7E_AAAACMAARAD.jpg
4,BLR-6005,Gs_VXfglQ1uqNELmSMQ2AQAAACMAARAD.jpg
4822,BLR-6908,gtGKFEldSOS5ubFOuShbHwAAACMAARAD.jpg
1703,BLR-6422,gUB599FIQ0iKUz-ft8QknQAAACMAARAD.jpg
4141,BLR-6813,guDGJMjiR1qQUdubrZ-cKQAAACMAARAD.jpg
1554,BLR-6273,gvjqEucCSaiVbyZjVkmt9AAAACMAARED.jpg
5588,BLR-7006,gVTs-mkXSzyJBDbal4FbcAAAACMAARAD.jpg
4577,BLR-6873,GvV3gK82QgiPJQLqU62rUAAAACMAARAD.jpg
5622,BLR-7010,GwOYXAEDRLeyg7wC_0LgDwAAACMAARAD.jpg
3913,BLR-6780,gX95WEvOTu2GuxB-IT8mhgAAACMAARAD.jpg
5508,BLR-6997,GxaU5Yq1QHiY9w4GTkaPmwAAACMAARAD.jpg
1751,BLR-6470,gXA_TD6MTBq1j7CJZjFV7gAAACMAARAD.jpg
5569,BLR-7002,gXY9cDrjStOlgjwqh6GD0AAAACMAARAD.jpg
5941,BLR-7054,Gy5X3mM5RdSB0CqW4GSoGwAAACMAARAD.jpg
3428,BLR-6714,gyeN5i6XTj2nDGF-eZM9xgAAACMAARAD.jpg
448,BLR-6150,gyjQCsf8TeKQ75hQD_UzVwAAACMAARAD.jpg
5180,BLR-6953,gyzFqwINR5W8LC-Oztxt1wAAACMAARAD.jpg
105,BLR-6106,gz78UdEIQWO5X35p2Y4C1AAAACMAARAD.jpg
1510,BLR-6229,GZeM55iNRPyezoZecoCghQAAACMAARAD.jpg
1484,BLR-6203,gZTYCGcbTk26HuFE68NUxwAAACMAARAD.jpg
5359,BLR-6974,g_5GJzXtS92ztk5Vd2XiOQAAACMAARAD.jpg
3838,BLR-6769,G_jO4Tp5R6OYX_fKDIUv-gAAACMAARAD.jpg
4772,BLR-6902,H-hsann2SBy9hkRTlgJn_wAAACMAARAD.jpg
5411,BLR-6984,H-tUXFuGQWayGvNDyHeVXwAAACMAARAD.jpg
4822,BLR-6908,H0Df0b8pSUmAXEFvohX2pwAAACMAARAD.jpg
4702,BLR-6893,h19DSvzpSaaUkUnxiRc_QAAAACMAARAD.jpg
5060,BLR-6939,H1CX9bS-SSm5s8zFIy5K2AAAACMAARAD.jpg
3269,BLR-6689,H1Ds0brSSnWDF45wlwtg5AAAACMAARAD.jpg
1752,BLR-6471,h1GSLCc7So6WnpJHzvZ2nwAAACMAARAD.jpg
1753,BLR-6472,h4sMVdRHQdGuWX1PKSxY7wAAACMAARAD.jpg
1463,BLR-6182,h5KqKZzRT1Gmoomh5vfKDwAAACMAARAD.jpg
1967,BLR-6521,H80AjugdSTmmfjhvC5SIywAAACMAARAD.jpg
1513,BLR-6232,H8bnWJB7TcuTlzJw5rmOnQAAACMAARAD.jpg
1553,BLR-6272,h9FbHKWuRVajkEODCPs61wAAACMAARAD.jpg
1754,BLR-6473,hAgHbvH8Tc-eMHAcsaZvewAAACMAARAD.jpg
3473,BLR-6718,HAlPMF6bRuyQ5GKm1m7UEwAAACMAARAD.jpg
2882,BLR-6639,hb3BRhm_SVSS-WDviY0qXwAAACMAARAD.jpg
1715,BLR-6434,hBRZzm-5R3imDUmUdKzq8QAAACMAARAD.jpg
3823,BLR-6767,HcsarOQzQrOE11zy_cnxnwAAACMAARAD.jpg
4046,BLR-6801,HcWlGBuwTmW7Yz1_yxxSXwAAACMAARAD.jpg
5778,BLR-7032,hc_8dM3TTzeQxx1wn6w2ogAAACMAARAD.jpg
1076,BLR-6164,hdBC0fY1SIWPHoyYjpNL2wAAACMAARAD.jpg
1746,BLR-6465,hdflO06sT_ysltJHccfSPwAAACMAARAD.jpg
42,BLR-6043,hE-Z3_geTWGpLPjokd6nigAAACMAARAD.jpg
1548,BLR-6267,heBQDY-ARhqLYvmee2MuDwAAACMAARAD.jpg
5814,BLR-7038,HekMXIAUTl2HXeAFu4VTAgAAACMAARAD.jpg
4280,BLR-6834,HExH-FwqSviGrxKedMCCKQAAACMAARAD.jpg
1518,BLR-6237,HffzVbhQQp-YMxqR1Tkn1wAAACMAARAD.jpg
5571,BLR-7003,HFm4UepBTJ6ciYrnDTnaiwAAACMAARAD.jpg
4865,BLR-6914,Hf_jSwzLSV6anQll88qSJAAAACMAARAD.jpg
3268,BLR-6688,HG4n8eUZQd-yysqooUwvHwAAACMAARAD.jpg
4050,BLR-6802,HgQXBjV-Tzq0_7TT864AngAAACMAARAD.jpg
2040,BLR-6532,HH80M9GpR1qjAmAgkBX8wgAAACMAARAD.jpg
3283,BLR-6690,hHEMaiCfRNOYYFaQHDIN6wAAACMAARAD.jpg
3813,BLR-6765,hHJAWPJNT4WqzAAz8Be97gAAACMAARAD.jpg
4559,BLR-6872,HHmjSwSbS0KqTv80IyIDUAAAACMAARAD.jpg
4535,BLR-6870,HHYjwjhPTQGZ1UdJAKY0CQAAACMAARAD.jpg
2087,BLR-6541,HiCl_rb_R02Yx64xad4rkAAAACMAARAD.jpg
30,BLR-6031,HidaYynLQNu5b-d8L-sbZgAAACMAARAD.jpg
4115,BLR-6808,HipllTnrROGS-WpQZr73cwAAACMAARAD.jpg
1455,BLR-6174,HKF1kVrhQm6QbuwJoEPNOwAAACMAARAD.jpg
3360,BLR-6702,HKf8C-aaRKGDMhedlNzr7wAAACMAARAD.jpg
1519,BLR-6238,HksLd8AEQ9OXfGip9GdRdQAAACMAARAD.jpg
5285,BLR-6962,HkXODLdqR3u05ELawrh6FAAAACMAARAD.jpg
4117,BLR-6809,HlegUcRFQF6iE-cQYOBNcwAAACMAARAD.jpg
1520,BLR-6239,HlGQx0VKQmi1TLpeQ750wgAAACMAARAD.jpg
3940,BLR-6782,hlLA39mfQBymo7IsoSaOdwAAACMAARAD.jpg
1747,BLR-6466,hMFjlFiZS5iVi8YaJGUSmgAAACMAARAD.jpg
5858,BLR-7047,HMN8oNTtTIaofpt7eRl3dwAAACMAARAD.jpg
3333,BLR-6696,hNX7cT-tQ1u6WQtnLBhg-gAAACMAARAD.jpg
5966,BLR-7059,HO658TQUQEWkFzwQclWO6QAAACMAARAD.jpg
916,BLR-6159,HOjBtvmpSaSUtxFELLRHUwAAACMAARAD.jpg
1864,BLR-6501,hOrVPWOCSEyxUXciArACsQAAACMAARAD.jpg
5816,BLR-7039,hoWp7-3lQi-3jCssfpyVaAAAACMAARAD.jpg
4004,BLR-6794,hPnFzQ7RRyONGjr_QrIv5QAAACMAARAD.jpg
5757,BLR-7029,HqCc8PT8QMalF5QdbcP9UwAAACMAARAD.jpg
5814,BLR-7038,HqDGqYKiSIyabK5pfkisgQAAACMAARAD.jpg
1514,BLR-6233,HR5l2Hk6TzC4_G2o2jhIsAAAACMAARAD.jpg
5180,BLR-6953,Hr9V3bX4Ru-UxocyaBDhrwAAACMAARAD.jpg
2654,BLR-6609,hRLTxnhbSJue1HbaMYwQGgAAACMAARAD.jpg
2984,BLR-6656,HrXE1eIGS5KI6UpX5IAFXAAAACMAARAD.jpg
4463,BLR-6862,Hs1ZEyqtTYmaLgaBq_PvOAAAACMAARAD.jpg
1456,BLR-6175,HSCimDw8QqCuv_toBL3IIwAAACMAARAD.jpg
3528,BLR-6725,hsZNfCYXTT6IDyEi4WVmdwAAACMAARAD.jpg
3429,BLR-6715,htPZNJCyRGqTsR1Nnfos9AAAACMAARAD.jpg
3342,BLR-6699,HTthGP9uSrmHKV3p4ac6zAAAACMAARAD.jpg
3771,BLR-6759,hTUWuxjLQLatnweU0UusOwAAACMAARAD.jpg
4806,BLR-6904,hTWeLp5OTNiXXnt62-WDDgAAACMAARAD.jpg
2390,BLR-6579,hTWN4xH2TaasNvKHf-t_7AAAACMAARAD.jpg
1910,BLR-6509,HUf9fA0zTiapfMBydVyGtwAAACMAARAD.jpg
493,BLR-6152,hUrTycxVRWOxMeNDfnbpBAAAACMAARAD.jpg
5784,BLR-7035,HuSWm8MwS8C21fYeSVVyagAAACMAARAD.jpg
2993,BLR-6657,HvPoeofURauYOi72oRbifAAAACMAARAD.jpg
1549,BLR-6268,hw0E8r8tRQmorTrTZ6HWeQAAACMAARAD.jpg
1515,BLR-6234,HWNANFS7SHa0l24KI9ncRgAAACMAARAD.jpg
2285,BLR-6566,hXIaNPnDQme6pDsVWvVZjgAAACMAARAD.jpg
1755,BLR-6474,hy5GeHU0SQm71dohZcj_5wAAACMAARAD.jpg
1516,BLR-6235,HYcjr6YYTw-Ng0f9ExA4IAAAACMAARAD.jpg
2929,BLR-6644,HyN7szDHTluC8dKD__kT4QAAACMAARAD.jpg
132,BLR-6133,hZJNrwsRTxmvvl_S-a5jywAAACMAARAD.jpg
4702,BLR-6893,hZROOrdCSqGp_swMeWgdkwAAACMAARAD.jpg
5636,BLR-7014,H_R9uwtCTDuerXsDoBJ_7AAAACMAARAD.jpg
4161,BLR-6818,h_Wr1QgdQy2aS1qznCYqhQAAACMAARAD.jpg
5706,BLR-7023,I-4jbqVlSyeXyWm3u8uXGQAAACMAARAD.jpg
1706,BLR-6425,i-FUOi6PQLu_s9IysZnt3AAAACMAARAD.jpg
1740,BLR-6459,i-rLZLGMSASqbyGiOqk3YAAAACMAARAD.jpg
5499,BLR-6994,i0n561GtSHy63jhtU8z7xQAAACMAARAD.jpg
1709,BLR-6428,i1DNiAtGSomIF8aZpCiKUwAAACMAARAD.jpg
4141,BLR-6813,I2wEm5ACTkaAyF52Al6aOQAAACMAARAD.jpg
1521,BLR-6240,I2_5OMZRTNuN8UWJCzufZQAAACMAARAD.jpg
3528,BLR-6725,i3XvPmmLTty9catSNuCJnwAAACMAARAD.jpg
2067,BLR-6536,I49gNzn7RnGDuB9FUHNhzQAAACMAARAD.jpg
5436,BLR-6987,I4dAJD5mSbGNrivx5X4WbgAAACMAARAD.jpg
2973,BLR-6651,i6AYh_dYTy-P9pYFqbqH3gAAACMAARAD.jpg
2903,BLR-6641,I6YTZ_rzTiqnOl36TT7m2wAAACMAARAD.jpg
1039,BLR-6163,i810dUL4SaK1Lx3xzTTGFAAAACMAARAD.jpg
5977,BLR-7062,i9DxLNTFRVa_ErPFgVJ3uAAAACMAARAD.jpg
2086,BLR-6540,I9zl1ZXQQDOA_-6PxQPl9wAAACMAARAD.jpg
5322,BLR-6969,iaklXLZ8QVGAL9Pqihu78AAAACMAARAD.jpg
5295,BLR-6965,iaSqXGVJSmGAPS6Ax7OolgAAACMAARAD.jpg
1781,BLR-6490,iAT5TIVJR0y77Yi92FyU4QAAACMAARAD.jpg
1522,BLR-6241,IAvyD0AiQ4OwkmalJT3MTAAAACMAARAD.jpg
2309,BLR-6567,IAzIGdi1TYeMrXVN7OPx9gAAACMAARAD.jpg
4549,BLR-6871,Ib5WqeaTQX2A2_pY0pOvSAAAACMAARAD.jpg
2502,BLR-6593,IbNKWbyFSpmkX37kjmz9vwAAACMAARAD.jpg
3897,BLR-6779,IC1uwshuSxediKm1-kTg5AAAACMAARAD.jpg
2794,BLR-6627,ic91gndkSgSprJYmzXlt3gAAACMAARAD.jpg
1526,BLR-6245,Icd67HphRdix2wfNUktcFAAAACMAARAD.jpg
2147,BLR-6546,ICem_kMzT1qoz8zYH64D3wAAACMAARAD.jpg
5571,BLR-7003,Ich_aoBiRNaZvyqiKz5x1QAAACMAARAD.jpg
5083,BLR-6942,IdH-BDRMTx6rUpCZplSH1AAAACMAARAD.jpg
4772,BLR-6902,idN1IjsTRSeO7-y7C3l1zQAAACMAARAD.jpg
4599,BLR-6875,iE9OKE_NTWKRdk6-oiigAAAAACMAARAD.jpg
1676,BLR-6395,ieCfa_iHTeivCv17vvdxeQAAACMAARAD.jpg
3605,BLR-6738,IECSqrZIRyyH9hTfvlZaPwAAACMAARAD.jpg
4383,BLR-6850,IFBO8lF2S2unc-3oMuDYNQAAACMAARAD.jpg
1756,BLR-6475,iFkqo8tmRfudl3PMSZigngAAACMAARAD.jpg
1785,BLR-6491,Ig1gLrn2T9uc1D0bn3MMjwAAACMAARAD.jpg
5956,BLR-7055,igBDl6ziSdODf-fpbtEL1wAAACMAARAD.jpg
1477,BLR-6196,igHuIG7IS8SUynFpYHe_ywAAACMAARAD.jpg
5625,BLR-7011,iHeFsL3kRaCAcO0AHdSHKgAAACMAARAD.jpg
1528,BLR-6247,IhjFdR_QS1W3SBgkh4GNNAAAACMAARAD.jpg
1527,BLR-6246,IhRK6Kc4Q7iuiUsttGK-SQAAACMAARAD.jpg
5452,BLR-6990,iIPclheBSaCbq1bwCWOruAAAACMAARAD.jpg
3829,BLR-6768,IJ8amjRARFOaNbFGGa_vbQAAACMAARAD.jpg
4117,BLR-6809,IjbfbV5lTEWz9roSXNT18wAAACMAARAD.jpg
4669,BLR-6886,IJe9Fo_CR_m2JyqhvrbKDQAAACMAARAD.jpg
5956,BLR-7055,IJnfoTCGRzy_PnKxNA20FAAAACMAARAD.jpg
4403,BLR-6854,IjrRb8jdRm2MvWQpBK7t2gAAACMAARAD.jpg
4200,BLR-6823,Il2Flg_LSYu7IontBB6ICAAAACMAARAD.jpg
5704,BLR-7022,IlaouobwQyib5LO0My4xMAAAACMAARAD.jpg
5534,BLR-7000,ilh4pYpzQzmZmqO-lDFiNAAAACMAARAD.jpg
5335,BLR-6970,ilQ4Q3JiQ_KvzutCT8aeTgAAACMAARAD.jpg
2514,BLR-6594,ilUXFzRaRVuStUPr_aU9qQAAACMAARAD.jpg
2048,BLR-6534,iM2-Air_SN2KvgCeJUefbQAAACMAARAD.jpg
1523,BLR-6242,IMz698zuQry6ZXzk8-XW0wAAACMAARAD.jpg
4844,BLR-6912,in2H3TBiQayktVga87nSRAAAACMAARAD.jpg
2030,BLR-6529,iNkD5A2FSamluTNqsUN5awAAACMAARAD.jpg
2980,BLR-6654,IofIcSRnT6KDWlx9v9npRAAAACMAARAD.jpg
4429,BLR-6857,iOm2Jb0STsGxq8LB1X1dRAAAACMAARAD.jpg
5263,BLR-6960,IOpkVSO7TwOt2CO3ZabTawAAACMAARAD.jpg
2676,BLR-6612,ioz2Xhl7QECo6qWDSU2V0wAAACMAARAD.jpg
138,BLR-6139,IPC4Hu3sRymuoCu2dX_NbgAAACMAARAD.jpg
5286,BLR-6963,iQ73YRcsT0SlSBurlTmMUgAAACMAARAD.jpg
1524,BLR-6243,IS7fJ2kqR1qRw9vUOW2UQwAAACMAARAD.jpg
1551,BLR-6270,is7VrVxxTsymiLKUXw-qCQAAACMAARAD.jpg
5960,BLR-7057,IsIe7tHGSEe9XWBTYTZTqwAAACMAARAD.jpg
4020,BLR-6797,isP3jzjmTiOXqUyJkphdtwAAACMAARAD.jpg
4760,BLR-6900,IsYRL_gtTH6NsmgRCkZ0ywAAACMAARAD.jpg
1497,BLR-6216,IT5LC0l-Qu-eYtNt4a9ykQAAACMAARAD.jpg
1525,BLR-6244,ITe94uS8QmCAlfB325IXMgAAACMAARAD.jpg
3606,BLR-6739,ItMI9HNZTRCGw5ZzGwSpaQAAACMAARAD.jpg
3623,BLR-6741,ItoYAO7yQouk1llqOd16CQAAACMAARAD.jpg
1529,BLR-6248,IuO6HPG6RbO9Sx53nWLVIQAAACMAARAD.jpg
5965,BLR-7058,IvmXxLWaQd-LKBYjjNz-zwAAACMAARAD.jpg
3579,BLR-6733,ivy5nIK5SN2iWvUZBRIM9QAAACMAARAD.jpg
1864,BLR-6501,Iw8qJKMGQCuUk8x1j7Ml1QAAACMAARAD.jpg
1757,BLR-6476,iWnBj4pNSxG30JZ5ygsiOQAAACMAARAD.jpg
1531,BLR-6250,IwvoqBI5TWeJoTAF8YTJlAAAACMAARAD.jpg
1530,BLR-6249,IwYzHbxQROW8eTlE-XigkQAAACMAARAD.jpg
5521,BLR-6998,iXrh0-LSRbu526oHRNcwAwAAACMAARAD.jpg
3502,BLR-6720,iXrJgKA7R2ehJnmQz28hewAAACMAARAD.jpg
4465,BLR-6863,iXyBi055SDKf3MA_L6Ed1gAAACMAARAD.jpg
3631,BLR-6743,iY9yWc3QTcOx6n-kOIIz7gAAACMAARAD.jpg
2237,BLR-6558,IyBqjXDfR6-40lodvSOtKwAAACMAARAD.jpg
2772,BLR-6624,Iyl26noOTsuV-wN8Kuq41wAAACMAARAD.jpg
4866,BLR-6915,iYqEYnIsQNisYyCRt8IltAAAACMAARAD.jpg
89,BLR-6090,IYyXaJ7DRaeEifuqKLBw2AAAACMAARAD.jpg
1474,BLR-6193,IzcrgHfmRxCqY0BdYB5NfgAAACMAARAD.jpg
1684,BLR-6403,iZI1e3NBRiucMTT6L1BSJQAAACMAARAD.jpg
5202,BLR-6957,Izn0ps_hRziHDnUMgimERAAAACMAARAD.jpg
1519,BLR-6238,I_LdsF4AQ7SOYbHv_Q_UfQAAACMAARAD.jpg
5973,BLR-7061,i_qZgpvUQ6CuKFZzKixaaQAAACMAARAD.jpg
5319,BLR-6968,J-2ZF9soTBaMuymgEQLrWgAAACMAARAD.jpg
102,BLR-6103,J-uirbPTSd6Whut6AjOGHAAAACMAARAD.jpg
5842,BLR-7045,j00zrtFURoqtClI52lMJUAAAACMAARAD.jpg
5222,BLR-6959,j0A_kxGNRjG4H8rMhQs5pwAAACMAARAD.jpg
4306,BLR-6840,j0ixfcdNQWOx5hwK2fnAzAAAACMAARAD.jpg
1532,BLR-6251,J0X_L8jNTdCUJExbqWkZVgAAACMAARAD.jpg
5957,BLR-7056,J1CtsgliQ_Wz7dWKjUh9SwAAACMAARAD.jpg
5842,BLR-7045,J1O8TQTwTPSajGqg9HcALwAAACMAARAD.jpg
5359,BLR-6974,j1tIphj2TgySgZPQSoJRUwAAACMAARAD.jpg
3851,BLR-6771,j2aPohm2RuCcIGUorq9xDwAAACMAARAD.jpg
2716,BLR-6618,j43dmrxOTXi9a5kcttwc8AAAACMAARAD.jpg
5779,BLR-7033,J4N-el7oSxaafAyjuSBgGAAAACMAARAD.jpg
1855,BLR-6498,J7LW_jA6SwqaYUvbBwOhXQAAACMAARAD.jpg
3251,BLR-6687,J7ROJohaSwewyHiDO-6vsQAAACMAARAD.jpg
1533,BLR-6252,J7TdR3nsRqGAYzYjONxzEQAAACMAARAD.jpg
1534,BLR-6253,J8iR6WWcShaPm7ZxDfSLGQAAACMAARAD.jpg
5999,BLR-7064,J9zK50Y5RvujoRzPnQkXBAAAACMAARAD.jpg
3309,BLR-6692,JAOjHjHcS4CauObgq-ZYAAAAACMAARAD.jpg
4216,BLR-6825,jarH4KeVQTy5Ce6vcrSVfgAAACMAARAD.jpg
1690,BLR-6409,jave6pCdRQG7iNjr9v1OiwAAACMAARAD.jpg
2710,BLR-6616,Jb8OW3r0QAuj3LtnfdErpQAAACMAARAD.jpg
4463,BLR-6862,jbu4A1eCRkepxO8KQjT9ogAAACMAARAD.jpg
1731,BLR-6450,jBYoOB5JTFiLI8_gghEmYgAAACMAARAD.jpg
2702,BLR-6615,jC7bkvpKSo-LkP0KBvn-eAAAACMAARAD.jpg
5012,BLR-6933,jcHG94u8QjC13uxy5S9T5gAAACMAARAD.jpg
1523,BLR-6242,Jf8aLDfJQBWBpzMnsDSmEgAAACMAARAD.jpg
5582,BLR-7004,JFv4UXpRRaKtzSKP2kc8EAAAACMAARED.jpg
203,BLR-6144,jfZa22ynRtutL9wWpHmiugAAACMAARAD.jpg
4605,BLR-6876,JgbkZ-1qSOqUlK9wGrKX2QAAACMAARAD.jpg
2710,BLR-6616,JH-F-aK2ThW0EThAUk4krAAAACMAARAD.jpg
3997,BLR-6793,jhBry7OiQ4W6TULmery0CQAAACMAARAD.jpg
2880,BLR-6637,jhekVEvSRfuIU1k-_oLlJQAAACMAARAD.jpg
4663,BLR-6884,jIHRCHkASPOMbKiRwUIpswAAACMAARAD.jpg
5932,BLR-7053,JikNLX13RouEBv1bQPnkMAAAACMAARAD.jpg
3838,BLR-6769,jIq8ly_MSJSOALumHWsq0gAAACMAARAD.jpg
2929,BLR-6644,jiy5v5qeThOBdodbn-_RxwAAACMAARAD.jpg
4549,BLR-6871,jiywbtG3RwOnV4EsFl_i0AAAACMAARAD.jpg
2650,BLR-6607,JjIOCMlvTg6TWp7Mao1GHAAAACMAARAD.jpg
5838,BLR-7043,jjWLPK10Q3S11BG3fnopQgAAACMAARAD.jpg
2923,BLR-6643,jKdup7lYQ4yL3W7WDLHCywAAACMAARAD.jpg
5779,BLR-7033,jljP-9JORDyajV3g_xwG_wAAACMAARAD.jpg
1511,BLR-6230,jlol6d0aTT-9OtOVHyvH9QAAACMAARAD.jpg
111,BLR-6112,JmJmVhI3QKSzut9bU7jmBQAAACMAARAD.jpg
3158,BLR-6674,Jms_iX3JTCGOFiGG5ZOxvQAAACMAARAD.jpg
5636,BLR-7014,jn5DUfy6SdGNumPJVEJ_pAAAACMAARAD.jpg
4338,BLR-6845,jNKzJ-0uRDCDNHc4R4N_LAAAACMAARAD.jpg
2381,BLR-6577,jObjxdD7Te6MIp8q54e2-AAAACMAARED.jpg
2319,BLR-6569,jpAIuBDaSOChMZLptFGYhwAAACMAARED.jpg
5070,BLR-6940,jpytpmRTSxCXANg6tS5IZwAAACMAARAD.jpg
3321,BLR-6693,JQ8j09WsQnSlLrOeub9apAAAACMAARAD.jpg
1535,BLR-6254,JQG1KHcTRPGepTwtTm435AAAACMAARAD.jpg
1536,BLR-6255,JQlKxS4sTqG5RsIt_oFdWAAAACMAARAD.jpg
3660,BLR-6746,JQWS0PGVTK6mPX4AOT4KMwAAACMAARAD.jpg
5111,BLR-6946,jR9rVHswSmWHtZjdJ1qpCwAAACMAARAD.jpg
5180,BLR-6953,Jsa4sYvRQI-QUQZZDF5KiAAAACMAARAD.jpg
5092,BLR-6944,JSlRKmZWSFaiUZf49sZwNwAAACMAARAD.jpg
1798,BLR-6493,jSnDuSdxSOCmYPeRckbodwAAACMAARAD.jpg
5342,BLR-6971,Jtr7a7o0QDmIFQC8NLn39AAAACMAARAD.jpg
4921,BLR-6923,JuTejs98SHCD0J1rwFM0aAAAACMAARAD.jpg
5628,BLR-7012,JuZecnM8SX-aFwF6_S36uQAAACMAARAD.jpg
3100,BLR-6669,Jv32K8v-TKm0MJZ5YawdFAAAACMAARAD.jpg
5770,BLR-7031,jV3ehro-TYitsrnBzUlcVgAAACMAARAD.jpg
4020,BLR-6797,JVfxk3X9QGyyl3LrwMhfrgAAACMAARAD.jpg
1538,BLR-6257,Jvi_uAx6SNuCSuIyOc_QEgAAACMAARAD.jpg
1483,BLR-6202,jvz9yIoERLCm2WPaxN-DLAAAACMAARAD.jpg
3646,BLR-6744,jW6uf1QPQvC1fDWuYi2m8gAAACMAARAD.jpg
4641,BLR-6880,jwIf46glS7aEUQEtPygIuwAAACMAARAD.jpg
4677,BLR-6887,jWxDFnPVTpCtqDOVhGhbZAAAACMAARAD.jpg
1527,BLR-6246,JydQNtz6Rbi3xwUKc9JICwAAACMAARAD.jpg
1539,BLR-6258,JyTOnomRSAid1Ap7bI4BugAAACMAARAD.jpg
1758,BLR-6477,jYY4oGUdRZ6nf0oOa4TJtwAAACMAARAD.jpg
1537,BLR-6256,J_hsEgOaQ2mFlzhPdLthMwAAACMAARAD.jpg
1482,BLR-6201,J_mTkLulR8maeKKDyFtKQQAAACMAARAD.jpg
2207,BLR-6551,K0DKMcMaQJ-1fLcPxKjHLgAAACMAARAD.jpg
2984,BLR-6656,k2VuXgchSsmzW9Rai2_KswAAACMAARAD.jpg
5971,BLR-7060,K36qV-IBRmOVon1zVvZi5gAAACMAARAD.jpg
5295,BLR-6965,K39uT5ExSeauYakexPI9pgAAACMAARAD.jpg
1785,BLR-6491,K3sINDG5Spi7ysmkZrO-aAAAACMAARAD.jpg
4401,BLR-6852,K6JJhnOqR9SrT-faJ_bPmwAAACMAARAD.jpg
1912,BLR-6510,kAdqAUQASuS7_RGZgWn2FAAAACMAARAD.jpg
5836,BLR-7042,Kaf40bOpT5G9tQ2a92m9aQAAACMAARAD.jpg
1755,BLR-6474,kAOUJ1UhSL2954PU1fu1PgAAACMAARAD.jpg
3616,BLR-6740,kBhoftcJT7e3AR8B7rwNrwAAACMAARAD.jpg
2276,BLR-6563,kC0DhUsBSAWyNZm652IrSAAAACMAARAD.jpg
4393,BLR-6851,kcCFQJKFQWaRukukBgooTgAAACMAARAD.jpg
1540,BLR-6259,KCtj0psuQuWm6KLniTpB0AAAACMAARAD.jpg
5960,BLR-7057,kD-WZuK9Rae4NoG1n7HHwAAAACMAARAD.jpg
5521,BLR-6998,KdsgK0tfSTqrS5d5G_UX-gAAACMAARAD.jpg
23,BLR-6024,kd_uZtDlRaifqsuyJyohOAAAACMAARAD.jpg
26,BLR-6027,kE3l861gSMWXBi25FmbHSAAAACMAARAD.jpg
3026,BLR-6664,KEbmq1C5SDiw4DbimJfvcQAAACMAARAD.jpg
1541,BLR-6260,KEi0oI2NRP2a6F09nB6TzgAAACMAARAD.jpg
4866,BLR-6915,KEiexuH3QDGjXll2GoPb2wAAACMAARAD.jpg
4423,BLR-6855,kezb_NplTjGExhzcs2uMPQAAACMAARAD.jpg
2881,BLR-6638,kfV661fXTRWkcoziE6QSfAAAACMAARAD.jpg
114,BLR-6115,kh9msp5cRq2RQPAwJXRqwwAAACMAARAD.jpg
1995,BLR-6524,kHKJ7Ye1TsO49s4N0PVeHgAAACMAARAD.jpg
2727,BLR-6620,KhyQCK33SOqv3kZbY13vpAAAACMAARED.jpg
5838,BLR-7043,KhYwboiXREiuD9ad__7GDwAAACMAARAD.jpg
4729,BLR-6897,Ki-KsAEIQ2mRLGsZBFmwMQAAACMAARAD.jpg
5779,BLR-7033,kI8JptLQRmKD74_JZNiHXQAAACMAARAD.jpg
3377,BLR-6705,kigRdq38R2STF0aShK5J1QAAACMAARAD.jpg
4689,BLR-6892,KiZUnXHUTeGlB70iDueK9gAAACMAARAD.jpg
5521,BLR-6998,kj8Gd4cGTLWqoRGrG2aqdQAAACMAARAD.jpg
4484,BLR-6867,KJE7XwW-TdCjE2jcEf2mwAAAACMAARAD.jpg
1490,BLR-6209,KjxZdPJgQDSjHffQQJtBewAAACMAARAD.jpg
2150,BLR-6547,KKSjZdHuTrGHYc8npw4JOwAAACMAARAD.jpg
1760,BLR-6479,kl5D2npMReK7rr1dFtbfIgAAACMAARAD.jpg
4656,BLR-6883,KM0JjnBGTbmteHIDUTq6NAAAACMAARAD.jpg
1759,BLR-6478,kM9YuiKgSXmA9qg48IkD6wAAACMAARAD.jpg
4731,BLR-6898,KmF5RCEnTCiudapQIV8DmQAAACMAARAD.jpg
5335,BLR-6970,Kmik6u8rSAOP85owfOynygAAACMAARAD.jpg
2031,BLR-6530,KMS3DXexR3uD8mU3G-qW2AAAACMAARAD.jpg
3676,BLR-6748,Kn8XqtIhSryOhVcmBoV3oAAAACMAARAD.jpg
1533,BLR-6252,Ko09ZlxpRU-9KUuVMLYsMQAAACMAARAD.jpg
5419,BLR-6985,koDz_hE3RxuamTIi03knaAAAACMAARAD.jpg
5501,BLR-6995,kPbuuBCzTvumWfFhfetDQAAAACMAARAD.jpg
1714,BLR-6433,kPeki8rJTX29CTX5FTjACwAAACMAARAD.jpg
1781,BLR-6490,Kpo2dxkOSMGLuUAARIF44QAAACMAARAD.jpg
4869,BLR-6916,KpwDjE_oThagCVr4xziHhQAAACMAARAD.jpg
4246,BLR-6830,kq8zHbPFR4OHYihzRRUgJgAAACMAARAD.jpg
1792,BLR-6492,krGBsWt7QZq2UlEFwetRGQAAACMAARAD.jpg
106,BLR-6107,KS3E64lsTLGLY4H8AipyxwAAACMAARAD.jpg
1528,BLR-6247,kSEY4k_dTiOeQGyIeqRpXQAAACMAARAD.jpg
4280,BLR-6834,KsnEXz06TIyPwi04USsMjwAAACMAARAD.jpg
3526,BLR-6724,ksSppSkvQ0S5whILabI3ugAAACMAARAD.jpg
5071,BLR-6941,ktu8BvVLTkK_GbQopUj1NgAAACMAARAD.jpg
4912,BLR-6921,KudGaQtcSeqVEmP7y9nQNQAAACMAARAD.jpg
5966,BLR-7059,kVx_E1ohTniMFhLQU_YaagAAACMAARAD.jpg
5625,BLR-7011,kXvo9eWdTUmjYfBJIhdYpgAAACMAARAD.jpg
3543,BLR-6728,KybL_cK9QeWRMEd780Uy_gAAACMAARED.jpg
1542,BLR-6261,KYK7wE_URu-jWlUdAW5VSAAAACMAARAD.jpg
65,BLR-6066,KyU_NncnTYW9p18jCzDUKAAAACMAARAD.jpg
3226,BLR-6685,L-B-MGhURF6i1ZAZUFdMbwAAACMAARED.jpg
1532,BLR-6251,L0XW12mxRjSBgydoODBhDAAAACMAARAD.jpg
2514,BLR-6594,L1LTops8SNmaGmKiShKhkgAAACMAARAD.jpg
2994,BLR-6658,L1qfFCg_RA6Uz5jbj-3OfAAAACMAARAD.jpg
3422,BLR-6713,l3GV1aYoRqiaTsr3ueRrYAAAACMAARAD.jpg
4383,BLR-6850,L3T9rgNrR9i0Hyd-_iJ3AAAAACMAARAD.jpg
5427,BLR-6986,l5IvmX2vQ86d51CWneEXUgAAACMAARAD.jpg
3209,BLR-6682,L5PCE_1IQje4hrxsKKf1xgAAACMAARAD.jpg
3707,BLR-6752,l7LlQEUyRtKxBMqdL4p38AAAACMAARAD.jpg
4018,BLR-6796,l8dqKRedTb2VtXBTs4nTyAAAACMAARAD.jpg
2220,BLR-6554,L8Dv8dXoQ-asYjNetIZTcQAAACMAARAD.jpg
5442,BLR-6989,l92AhUyNRTGlK--HnTNTrgAAACMAARAD.jpg
3361,BLR-6703,L9ogxAMxSF2b0P7SmRGcWQAAACMAARAD.jpg
3701,BLR-6751,Lb30IMwHRPmIOGnynSRCMQAAACMAARAD.jpg
1545,BLR-6264,Lb8wKJOjRRWWtt6C1d2sDAAAACMAARAD.jpg
5352,BLR-6973,lbwfVmF_TJ2ji2_cMMVNUwAAACMAARAD.jpg
1967,BLR-6521,lCK57cWrQ2C5iUlVu6hScgAAACMAARAD.jpg
110,BLR-6111,LDfT0mNhSGi7xnzpKXvDuQAAACMAARAD.jpg
1545,BLR-6264,lDHa9-8aS7CB22rVk7E_1wAAACMAARAD.jpg
2454,BLR-6588,LDuNGO_wT-e7R55RJof6lAAAACMAARAD.jpg
5193,BLR-6954,LDVxjVgETl2AvDeRrlqk7wAAACMAARAD.jpg
1543,BLR-6262,LES5N_edSlSFJJM9HG8zWQAAACMAARAD.jpg
1544,BLR-6263,LF1_EJvXR22NlR_TqG6wVgAAACMAARAD.jpg
5784,BLR-7035,lFnXbsgySbe-RMVrti88KQAAACMAARAD.jpg
1557,BLR-6276,lFQKKIZUTgyqEkMgsTkMvwAAACMAARAD.jpg
95,BLR-6096,lgHanubVQAKWsiCtVVolIAAAACMAARAD.jpg
91,BLR-6092,Lgvj6lJ9TMih61uTWQfJFQAAACMAARAD.jpg
4324,BLR-6843,LH9oz53FSE61fYjbS59VPgAAACMAARAD.jpg
2278,BLR-6564,lhkIfBJNSUyF3e8KGhYlfQAAACMAARAD.jpg
5335,BLR-6970,lhPHbdisTWq-5pSxK0yH9AAAACMAARAD.jpg
141,BLR-6142,liA36NMaSiaCbIQ2suzNEQAAACMAARAD.jpg
3103,BLR-6670,Lid_GZtURTmfqdtMMlnJDQAAACMAARAD.jpg
4938,BLR-6924,linQkK50TleoBYRjeVshwgAAACMAARAD.jpg
1546,BLR-6265,LjbcuCEmR02mLZmj2xCHGQAAACMAARAD.jpg
4335,BLR-6844,lJEjDWEUTjyJC2WpMkKLBAAAACMAARAD.jpg
1457,BLR-6176,ljqXvzTfTX-BCaXVWKKpCgAAACMAARAD.jpg
5973,BLR-7061,lk6TjulLSlK2EtPG2bOT1wAAACMAARAD.jpg
5857,BLR-7046,LkTAGmb3TGuGGZHU52brUQAAACMAARAD.jpg
4549,BLR-6871,lKUXYwhdSoK6Xmh-144tYwAAACMAARAD.jpg
4298,BLR-6838,lkZqIT6ORkKCCJ31bE6_UwAAACMAARAD.jpg
1679,BLR-6398,ll0duvwZRIqA0rl0VAT2UwAAACMAARAD.jpg
3967,BLR-6786,LlbX6IOxTyyTUT4lZR7g5gAAACMAARAD.jpg
1727,BLR-6446,llH7jW1FQoKYReoV4PF4ggAAACMAARAD.jpg
2910,BLR-6642,LLrZ56b4TWWEUnVDqO79GAAAACMAARAD.jpg
73,BLR-6074,lLTl5XePR4SzC-RVord1CwAAACMAARAD.jpg
5145,BLR-6951,LLuC0S_GQ8aX3VndbIQUCQAAACMAARAD.jpg
5130,BLR-6949,LmcE2TDuT7Sqxv9zQcOygwAAACMAARAD.jpg
63,BLR-6064,lMGZ8QDKRwuvo00qlLpysgAAACMAARAD.jpg
5784,BLR-7035,LNlPtwVGSl-ipHGlshPDWAAAACMAARAD.jpg
5003,BLR-6931,lNvCLm5cQl-Q_X9HP4oIsQAAACMAARAD.jpg
2733,BLR-6621,lny1-uiMRpOT9IS7RmWTuQAAACMAARAD.jpg
34,BLR-6035,Lo3UGSr8RD6LqcVOA3XY6gAAACMAARAD.jpg
1534,BLR-6253,lQENuOuzTL-61qFaoDlkBgAAACMAARAD.jpg
2934,BLR-6645,lQGfovacRMCmdlPpW5sQXQAAACMAARAD.jpg
4393,BLR-6851,LQQ6v0-qShWn4NjzED7hpAAAACMAARAD.jpg
5263,BLR-6960,lrO19_mxTfe8XDmltDXGAwAAACMAARAD.jpg
3934,BLR-6781,LrvxzSDtSRGsQBjRTn3d5AAAACMAARAD.jpg
1496,BLR-6215,LsXe40XNSuS2vtnHs0WZWAAAACMAARAD.jpg
4713,BLR-6895,LTa6utJ0RO29O6VyB5Vi8QAAACMAARAD.jpg
100,BLR-6101,LTeNv9IfQseoaoYM_1zBvAAAACMAARAD.jpg
3981,BLR-6789,ltm-g4XsRROuNbdmTlPZlgAAACMAARAD.jpg
4306,BLR-6840,LtOCkqZ-TEy7srAKO-MINgAAACMAARAD.jpg
1730,BLR-6449,luDU3aLpTpSpla5IZEQqMgAAACMAARAD.jpg
4247,BLR-6831,lwQmkmspRIumEKk9vTOLcQAAACMAARAD.jpg
2685,BLR-6613,LxTv16HHTVetc07dY7kMTAAAACMAARAD.jpg
3731,BLR-6754,lY3RC9HzSNGnxSEIZsEfYgAAACMAARAD.jpg
1547,BLR-6266,LyEYseadQv6kl-bFHQ6MSQAAACMAARAD.jpg
5759,BLR-7030,lYGQmBMSTy-dsdIl44yVLQAAACMAARAD.jpg
2969,BLR-6650,LzyTon_fSwu7twPWvvCxEAAAACMAARAD.jpg
1546,BLR-6265,l_LodMXESX-dVBVf23SwEAAAACMAARAD.jpg
3823,BLR-6767,M-Qjm4fkRJeY8XHFLqnenAAAACMAARAD.jpg
5973,BLR-7061,M00cOfTlQD-7SbSDoVEZiwAAACMAARAD.jpg
1756,BLR-6475,m0wCDn57TJC1veZt4ck3owAAACMAARAD.jpg
135,BLR-6136,m2cvZeDEQFO3uG9GwNa9fAAAACMAARAD.jpg
2521,BLR-6597,M3RDHjqyS6GSeaJzyDZNhgAAACMAARAD.jpg
4164,BLR-6819,m3sKaWOCRBOJir2b96ywKwAAACMAARAD.jpg
3651,BLR-6745,M5qyXN0IQDmFV__iZ5mxEQAAACMAARAD.jpg
2076,BLR-6538,M5ul-_f3RVWx0pB95oVZtgAAACMAARAD.jpg
4654,BLR-6882,m7XO4HTQQGSydr59Di7_8QAAACMAARAD.jpg
2067,BLR-6536,M80BKG57TIuBahH-TExZcAAAACMAARAD.jpg
4161,BLR-6818,M8a40erBQkquDEliHgYD5wAAACMAARAD.jpg
3067,BLR-6667,maRssFoBQ4SXuAgRGY33kwAAACMAARAD.jpg
3269,BLR-6689,MAZkSLUgRyqdZEapYd_CpwAAACMAARAD.jpg
2713,BLR-6617,MC23vSxfQk6VGs2Vg-pgKQAAACMAARAD.jpg
4200,BLR-6823,McEUxHK0SQKgmlv6VfB-WgAAACMAARAD.jpg
4204,BLR-6824,MCF7n2CQQGqrrFqMCTfggwAAACMAARAD.jpg
1909,BLR-6508,MCgIJ-YNR8u_tyj5l-MeZAAAACMAARAD.jpg
3989,BLR-6790,MDL4onQXQLmBkOnpWW9CAwAAACMAARAD.jpg
4429,BLR-6857,MdMjCMHtQN20l6rGiVTecAAAACMAARAD.jpg
1549,BLR-6268,MdxCo5dGRuy0vH6PRSdIUwAAACMAARAD.jpg
1537,BLR-6256,ME1iGYI0ST6q1_4m3W8ejAAAACMAARAD.jpg
4095,BLR-6805,MeJoy4WORoKUQxFyjXaDvwAAACMAARAD.jpg
4198,BLR-6822,MEkeAvD3Tyyam1Th3tA9ywAAACMAARAD.jpg
5411,BLR-6984,mETAiqHWQamH60DZuz6SzAAAACMAARAD.jpg
2738,BLR-6622,mETBUvDtQOKsED9FKLhWngAAACMAARAD.jpg
2408,BLR-6583,MfLV7wcIRa2ubW54lemx8AAAACMAARAD.jpg
2881,BLR-6638,Mfx5Bz4QSGiUsEkwrlaMDQAAACMAARAD.jpg
5782,BLR-7034,MfYoqfAzSxyKWkDANp68IQAAACMAARAD.jpg
4577,BLR-6873,MFyTb_3IRka4Su414NgZtgAAACMAARAD.jpg
4772,BLR-6902,MgTMi07eSFi3L7iSkyS7JQAAACMAARAD.jpg
3623,BLR-6741,MHjlGbxhSzuQ2VpANQpddwAAACMAARAD.jpg
1792,BLR-6492,Mh_i4FbxTIKnC43KETL1DAAAACMAARAD.jpg
5110,BLR-6945,mIhEIo7CQKmLLZNAp24-vgAAACMAARAD.jpg
2816,BLR-6629,mIKknZGLTlSuFDDxtGrMJgAAACMAARAD.jpg
1781,BLR-6490,miLuamg6Tx-rWnXEs7jOuwAAACMAARAD.jpg
4824,BLR-6909,MinebCMtQW2lsPOxABOwXQAAACMAARAD.jpg
1550,BLR-6269,Mjh6ClhGQb2DF6OmxswK4wAAACMAARAD.jpg
3579,BLR-6733,mJqaIc3uTWu3S03N37c0ygAAACMAARAD.jpg
4853,BLR-6913,Mke6AvcrSTS-Jrbkkk-XiAAAACMAARAD.jpg
5858,BLR-7047,MkS_FJIUSj-AkfBJ2KVoEwAAACMAARAD.jpg
3543,BLR-6728,MMt_iAgARf6T_Obg6vz_zAAAACMAARED.jpg
5083,BLR-6942,moIW3CE-RwqzJ88rp4q6UAAAACMAARAD.jpg
2980,BLR-6654,mPcftR-5RuWn8HXAKsqb4QAAACMAARAD.jpg
2973,BLR-6651,mqaa1X44QRuX6B1_OhvVEQAAACMAARAD.jpg
519,BLR-6154,MQIVSnBdReuOTJi9h2j2VAAAACMAARAD.jpg
5380,BLR-6979,mQwoJYB4Rpu0YodRnP95SwAAACMAARAD.jpg
1548,BLR-6267,MRCsueZCSfOPp5Mwz5zzewAAACMAARAD.jpg
5284,BLR-6961,MrK_juuaSNuPsnM_DraTFQAAACMAARAD.jpg
4454,BLR-6861,mrU5K4XKSMeZ3H2dA30VBAAAACMAARAD.jpg
5364,BLR-6975,MSc6JTqSQlixq0vnBvKD_AAAACMAARAD.jpg
2381,BLR-6577,mSLxtW2kTJe0RLnh8P0oUAAAACMAARAD.jpg
1551,BLR-6270,MsnDcdBaTFu1_3aDvJQiNQAAACMAARAD.jpg
72,BLR-6073,MStjIU5rRQWb4MVuPu0QaQAAACMAARAD.jpg
1939,BLR-6517,MuqhkR_BRDelFDRh2Ov3tgAAACMAARAD.jpg
1934,BLR-6514,MUx9VGjCQPCJ8p16BxarXQAAACMAARAD.jpg
1792,BLR-6492,MvlC4_YQQyC5q87K7IILAQAAACMAARAD.jpg
4312,BLR-6841,MvuEY0FJQjCoVkqTzzqlawAAACMAARAD.jpg
4020,BLR-6797,mVWFTj63ReWdZujcQ_y_zwAAACMAARAD.jpg
3535,BLR-6726,mVX_PQHxT_GtiLV6OSMxwwAAACMAARAD.jpg
1742,BLR-6461,mW72QSHUSJinaauNzzpPcQAAACMAARAD.jpg
1792,BLR-6492,MWbaDJE0RIu14TlZUHNOLQAAACMAARAD.jpg
4018,BLR-6796,mWSbbshNQtSsnJsgsqABEQAAACMAARAD.jpg
17,BLR-6018,MWSUcvwnTUKsblBW4G47AwAAACMAARAD.jpg
86,BLR-6087,mWVr7Q4PSYyuR3vZB4QPzgAAACMAARAD.jpg
2158,BLR-6548,mXFaqJbpQsWE0nEoRw9OigAAACMAARAD.jpg
5359,BLR-6974,mxI0QyXFRRSskvUEsKKMfQAAACMAARAD.jpg
4424,BLR-6856,mxRN7-97R5aAMWoQKjZX6QAAACMAARAD.jpg
4341,BLR-6846,my0vKqmoShCrv6ZTaI8T_AAAACMAARAD.jpg
2757,BLR-6623,mYKg4ZfTRhaRadQbLCkbLwAAACMAARAD.jpg
3190,BLR-6678,MylHboYQRtexxAZq84JHbAAAACMAARAD.jpg
1552,BLR-6271,MyZGFfIORPuFfYRuDI6YJQAAACMAARAD.jpg
5083,BLR-6942,MzMXTpXlQxOcZ4o_W-GHFwAAACMAARAD.jpg
5411,BLR-6984,MzP5D2wKRai_eDNn05GpTgAAACMAARAD.jpg
5622,BLR-7010,m_5zhRkbSMu5vw7llt8mkwAAACMAARAD.jpg
4731,BLR-6898,M_HJ2YShTrS4oXXMUXfUqwAAACMAARAD.jpg
3341,BLR-6698,M_RYoY2SQAmF8dM1QW6B7QAAACMAARAD.jpg
5302,BLR-6967,n0KW432hT22YEjBnzEjIHwAAACMAARAD.jpg
4993,BLR-6930,n0SPrklKRQaQYe-vUKzSGQAAACMAARAD.jpg
3445,BLR-6717,N1dks_u2RZWUcinDHRVZSwAAACMAARAD.jpg
1313,BLR-6168,N2gPBfkUSwyODfkDa0MjfgAAACMAARAD.jpg
5146,BLR-6952,n2J3AH9mTF-UDVL4SPqzggAAACMAARAD.jpg
5010,BLR-6932,n3i1s5rGQeKmx445xauTHwAAACMAARAD.jpg
1712,BLR-6431,n3p6Uy3oR9S8uJSLosUTIQAAACMAARAD.jpg
4097,BLR-6806,N3rqq7qvSrOQRJ5g5e60NwAAACMAARAD.jpg
2253,BLR-6559,N3VswzCeQxOT417wTEZcXAAAACMAARAD.jpg
3961,BLR-6784,n3Z_QqmbS8-wWpH565Bj3QAAACMAARAD.jpg
5124,BLR-6947,n4QvzvNyQf-Z2jDL90ZB7gAAACMAARAD.jpg
3548,BLR-6731,n4xabOx4QWCh4twQrVGIgQAAACMAARAD.jpg
2485,BLR-6591,n5A3G2vBR3WT38r8dhbf6wAAACMAARAD.jpg
4955,BLR-6925,N7OpXM-IRQ-cIORGs4-uQAAAACMAARAD.jpg
1761,BLR-6480,n8pfE1DzQBiED-UYyetX7gAAACMAARAD.jpg
1553,BLR-6272,N92qn09gQiakHbn-keRHQAAAACMAARAD.jpg
1241,BLR-6167,N95gyrCBTVmdAWn-1IUScQAAACMAARAD.jpg
5622,BLR-7010,n9xD4oOsRXWSqDZAC7smVAAAACMAARAD.jpg
5070,BLR-6940,Nag9X-ZXSwWR-xsdBl5ciAAAACMAARAD.jpg
2207,BLR-6551,nAGC3bz0RKefdgUvLpWGAgAAACMAARAD.jpg
5779,BLR-7033,nAi--2AISa2-kG4iYClrZAAAACMAARAD.jpg
4689,BLR-6892,NBGq_dR6TyWmrJ1sZK-rJQAAACMAARAD.jpg
2040,BLR-6532,nbI4elTeSUevKlithCiCMwAAACMAARAD.jpg
5180,BLR-6953,NbyklsTIQqCMQqUOAUibRgAAACMAARAD.jpg
3140,BLR-6671,NC0BMM7FTk6h7kdGHX127gAAACMAARAD.jpg
2996,BLR-6659,ncZEncEZSji_QSA-z6cbDwAAACMAARAD.jpg
1462,BLR-6181,ndJe23SBTRiyXdRD8sQ71wAAACMAARAD.jpg
4689,BLR-6892,nDRzJlUoTzyks4mCHlHZnQAAACMAARAD.jpg
1488,BLR-6207,nDytPZ_hTEquUAUfy4YbIwAAACMAARAD.jpg
5366,BLR-6976,Ne0j1GOTQuKXOqXXIs-LlQAAACMAARAD.jpg
2957,BLR-6649,ne2S8xu9R06BoDCh1-PwyAAAACMAARAD.jpg
4844,BLR-6912,nE5G44ceSsq9-xCe9udf5wAAACMAARAD.jpg
5859,BLR-7048,NEaQDqOzRj2kGdWgt4KrigAAACMAARAD.jpg
5649,BLR-7015,nemBfspqTmSwG-8dIHJOtwAAACMAARAD.jpg
3940,BLR-6782,NeMqB8myTF6XCunDJZhZOgAAACMAARAD.jpg
2502,BLR-6593,nfaVzoelQVOGzXO9KB9OEgAAACMAARAD.jpg
3003,BLR-6660,nGIlZSCMRUqHo-OlMLe9OwAAACMAARAD.jpg
2121,BLR-6543,NGPTO9hZQ6e9JRoFb0qwRwAAACMAARAD.jpg
5636,BLR-7014,NGtELFtjTbKCiQNq0VSqZQAAACMAARAD.jpg
2817,BLR-6630,nGTS9tqxRKKXukq_Ws4tqAAAACMAARAD.jpg
2454,BLR-6588,NGtsN5x8SxyVeZuDBhbYvAAAACMAARAD.jpg
5656,BLR-7017,NHtoXmJsQbC2oYEEvNh-agAAACMAARAD.jpg
2772,BLR-6624,NInbJgnyT0CKdfb6j2NzFAAAACMAARAD.jpg
5636,BLR-7014,niyuB9PYTUmGSkyv6erpDgAAACMAARAD.jpg
5721,BLR-7026,nJgaXjMbQz6gOoKCxrXfQAAAACMAARAD.jpg
5888,BLR-7052,njtY4KL6SaGt4JXiaTK7hgAAACMAARAD.jpg
4234,BLR-6828,nK-JvB3bQb2I_KHEnt186AAAACMAARAD.jpg
2486,BLR-6592,NKDe8KwrRAqTQCk8rXceWAAAACMAARAD.jpg
5840,BLR-7044,nkgYYoZXQzq6kUQOjL6cQgAAACMAARAD.jpg
69,BLR-6070,NKncZu8VRpWkCw3WaZobNwAAACMAARAD.jpg
5501,BLR-6995,nknfttyXShyuLHpVirgCpQAAACMAARAD.jpg
4164,BLR-6819,nLNiEc0AQ6-X0fI_AVpJnwAAACMAARAD.jpg
5869,BLR-7050,nLPicZeITKm4SZnyM0IhZAAAACMAARAD.jpg
5625,BLR-7011,nlrpVOlBQiWK-z93mS_eEAAAACMAARAD.jpg
3498,BLR-6719,nLYqy-IPQEaEJ0nT-yjDUQAAACMAARAD.jpg
3744,BLR-6758,NmIJz9J3QYKeeI9BKWb3iAAAACMAARAD.jpg
139,BLR-6140,NmQEygcyR_y8s_Soo6o_0wAAACMAARAD.jpg
1555,BLR-6274,NmW3by98TDePqklrQAsFQQAAACMAARAD.jpg
2855,BLR-6633,NMZukpKZQla35OT2u2GCuAAAACMAARAD.jpg
5,BLR-6006,Nn2K7XlPRN6-6s7i9tRnFgAAACMAARAD.jpg
3348,BLR-6700,nO9MJBQ_S8Guwb-qTXzDvgAAACMAARAD.jpg
1516,BLR-6235,NoIzVJbVTAydK0mNzNc6sgAAACMAARAD.jpg
5436,BLR-6987,NOMrcdpPTUK9uielUVjwEgAAACMAARAD.jpg
1556,BLR-6275,NougR75SRraRgfYzdDG-XAAAACMAARAD.jpg
5222,BLR-6959,NoV5D88dTNOJVS1OG3yX4wAAACMAARAD.jpg
5836,BLR-7042,NpL0Hs0eTzGvq6-Kp2J-RwAAACMAARAD.jpg
3158,BLR-6674,nQ1eD8ccR7erUiZWjaaWUwAAACMAARAD.jpg
5721,BLR-7026,Nr4fpTnSRWGdwsellE27SQAAACMAARAD.jpg
1754,BLR-6473,nSld7GbDSt6YRD8z0VXEoQAAACMAARAD.jpg
4713,BLR-6895,nsUzk0n4QnKNEBp16yVOCAAAACMAARAD.jpg
2996,BLR-6659,nTRXa9M0TRaMgoKSnsdbdgAAACMAARAD.jpg
5286,BLR-6963,nuFti-nzTAiCnXaIKwLffAAAACMAARAD.jpg
4301,BLR-6839,nUvEGvlSQz-4J2JjcT59IwAAACMAARAD.jpg
4900,BLR-6918,NU_e6jFUScG-1CfTxZMePwAAACMAARAD.jpg
4026,BLR-6798,Nv0uM17bRma0gXGfpusnXAAAACMAARAD.jpg
1557,BLR-6276,Nvti5UtKQDuUSaLNto8gywAAACMAARAD.jpg
5631,BLR-7013,Nw0bGokPTOe7Hhg_2q8cHwAAACMAARAD.jpg
1762,BLR-6481,nw6-1tyNQ6ev9LQQJxJaOgAAACMAARAD.jpg
4622,BLR-6879,NWYcyN6AR_OQmhU2Pnn-TgAAACMAARAD.jpg
1737,BLR-6456,nW_UrW01RKWj3EVfINkVFgAAACMAARAD.jpg
44,BLR-6045,NxPlQIBFTHmptNX-I0AXUQAAACMAARAD.jpg
5146,BLR-6952,nXSJSTIsTE6DgjQ5PZ6dDgAAACMAARAD.jpg
2979,BLR-6653,nXYGd0SNTPWUlP08MWt7MwAAACMAARAD.jpg
2773,BLR-6625,NZf1jEEJTsmzM_HHqenLtAAAACMAARAD.jpg
3219,BLR-6683,nzNWLnknTLeFpA7rniGjowAAACMAARAD.jpg
1520,BLR-6239,nZpapD_gQ9GGZYfB9-y7qwAAACMAARAD.jpg
4134,BLR-6811,n_Q6nGJTTlaq2cfSB2_tMwAAACMAARAD.jpg
1806,BLR-6494,O-K6M2cFRiykae-6m-gFfwAAACMAARED.jpg
1558,BLR-6277,O1CN0104FoMx1yVWHhOfdbc_!!0-mtopupload.jpg
1559,BLR-6278,O1CN0105fKLn1ZqiDY7wYjN_!!0-mtopupload.jpg
5018,BLR-6935,O1CN0105KfkQ1PXnlCwgqW4_!!0-mtopupload.jpg
3537,BLR-6727,O1CN0109ZCMk1CDZCc5FpDP_!!0-mtopupload.jpg
3192,BLR-6679,O1CN010jkWVo1yq86gnEpZC_!!6000000006629-0-antinsbiocamera.jpg
1560,BLR-6279,O1CN010Jp40w1n6pF7BEiki_!!0-mtopupload.jpg
5129,BLR-6948,O1CN010K8ajb1i6l1GcPevZ_!!0-mtopupload.jpg
1563,BLR-6282,O1CN010mg8V31Ekf3NE6mwI_!!6000000000390-0-antinsbiocamera.jpg
5538,BLR-7001,O1CN010NwVvS1YUtjlWAYhm_!!0-mtopupload.jpg
1561,BLR-6280,O1CN010YaE0k1twvuhJZ4V6_!!0-mtopupload.jpg
1562,BLR-6281,O1CN010Z2gdw1StjcW7ggKN_!!2606422305-0-antinsbiocamera.jpg
2227,BLR-6556,O1CN0112yERU1m3Kb3R4Cxc_!!0-mtopupload.jpg
1996,BLR-6525,O1CN0119GW5I1ImGucpzgit_!!0-mtopupload.jpg
1564,BLR-6283,O1CN011BhA0r1jsDg5p8Obg_!!0-mtopupload.jpg
1952,BLR-6519,O1CN011IUQ9f1NGjiZfhnvm_!!0-mtopupload.jpg
1565,BLR-6284,O1CN011KDyuV1P9WiQ9Vr2W_!!0-mtopupload.jpg
3787,BLR-6762,O1CN011vkAuA1WtVrH7dxlo_!!0-mtopupload.jpg
2582,BLR-6603,O1CN011w6cCU1Wo12H9vz0J_!!0-mtopupload.jpg
4139,BLR-6812,O1CN0120hZ8L1tCDXaNb4SI_!!0-mtopupload.jpg
4905,BLR-6919,O1CN0122m3FB1tQPowKB8By_!!0-mtopupload.jpg
1566,BLR-6285,O1CN0123Urq61VtDvMrwouv_!!0-mtopupload.jpg
1567,BLR-6286,O1CN012cy4hu23AWEL2cY7g_!!0-mtopupload.jpg
1445,BLR-6173,O1CN012CYTzZ1xlGHiOzz3Y_!!0-mtopupload.jpg
1565,BLR-6284,O1CN012Ehlfg1m6XI5zUFoF_!!0-mtopupload.jpg
1568,BLR-6287,O1CN012llyHN1iZbyE1Idvs_!!0-mtopupload.jpg
4816,BLR-6906,O1CN012OeVTZ1uVk0rNReOe_!!0-mtopupload.jpg
4831,BLR-6911,O1CN012PBx2n1vl8woSkjDE_!!0-mtopupload.jpg
4452,BLR-6860,O1CN012RedWU1rTxcpHSfaK_!!0-mtopupload.jpg
2227,BLR-6556,O1CN012Tukhg1cdNbqnqCt1_!!0-mtopupload.jpg
2944,BLR-6646,O1CN012vE2Of1IkRQig1l9l_!!22690931-0-antinsbiocamera.jpg
1569,BLR-6288,O1CN012xoP931DesR8hnbMP_!!6000000000242-0-antinsbiocamera.jpg
1570,BLR-6289,O1CN0134JuxX1Q9MBOyQNCG_!!0-mtopupload.jpg
4831,BLR-6911,O1CN013aHIaH1j4IVScQGKg_!!0-mtopupload.jpg
4828,BLR-6910,O1CN013BNzbi1tVS9qzAqGi_!!0-mtopupload.jpg
1574,BLR-6293,O1CN013lhKx71oiD85DE5Ac_!!0-mtopupload.jpg
4452,BLR-6860,O1CN013msaZ01Qpx0xfD1m8_!!0-mtopupload.jpg
3854,BLR-6772,O1CN013njqOW1jQHWEyJSr1_!!0-mtopupload.jpg
1571,BLR-6290,O1CN013Nk3bw1GR5MBa8F1U_!!0-mtopupload.jpg
1572,BLR-6291,O1CN013PBRy41gsGsMn2muR_!!0-mtopupload.jpg
1573,BLR-6292,O1CN013TVTJq2JKAOlfLPFR_!!0-mtopupload.jpg
1884,BLR-6505,O1CN014aLslq1ZtSauLUyCe_!!0-mtopupload.jpg
3624,BLR-6742,O1CN014cIM7h1GQAZ6Mm4Wi_!!0-mtopupload.jpg
1576,BLR-6295,O1CN014dZJHM1K7czZz5W1M_!!6000000001117-0-antinsbiocamera.jpg
1575,BLR-6294,O1CN014Ikerx1GKfoK2nF0U_!!0-mtopupload.jpg
1577,BLR-6296,O1CN014pvSiY28yxuE9KagX_!!0-mtopupload.jpg
5610,BLR-7009,O1CN014VSXna1N7ZnRJgrXx_!!6000000001523-0-antinsbiocamera.jpg
1578,BLR-6297,O1CN014wi2vf1Vu8idsba7u_!!0-mtopupload.jpg
1571,BLR-6290,O1CN014XAsCh25ljcJY8ZPV_!!0-mtopupload.jpg
2008,BLR-6526,O1CN014yujt61oZVZcCdv3j_!!0-mtopupload.jpg
1579,BLR-6298,O1CN015bmR6R1yx039tBBEo_!!0-mtopupload.jpg
1580,BLR-6299,O1CN0165M4S11iqYcsF6ls4_!!0-mtopupload.jpg
3978,BLR-6787,O1CN016aSymJ1iXmO3c2vs4_!!0-mtopupload.jpg
2945,BLR-6647,O1CN016AyQdE1XJ9yG3cr7o_!!38492902-0-antinsbiocamera.jpg
5139,BLR-6950,O1CN016B7mot1SZa5oECoTj_!!0-mtopupload.jpg
3195,BLR-6680,O1CN016C6HhA22wJvPWDKiF_!!0-mtopupload.jpg
1583,BLR-6302,O1CN016hr2hX296kdYv1CGB_!!0-mtopupload.jpg
1581,BLR-6300,O1CN016MAyZk1hOKbNOnbtw_!!0-mtopupload.jpg
1582,BLR-6301,O1CN016Nj96k1PAtttvF0da_!!6000000001801-0-antinsbiocamera.jpg
5129,BLR-6948,O1CN016p0d871d4rIUmTwSf_!!0-mtopupload.jpg
1584,BLR-6303,O1CN016qIawe21V0gwI6weR_!!0-mtopupload.jpg
4975,BLR-6927,O1CN016vRRot1yzkSFh0PTm_!!0-mtopupload.jpg
1585,BLR-6304,O1CN016yXbAk1cjn6pSjC60_!!6000000003637-0-antinsbiocamera.jpg
1561,BLR-6280,O1CN017EIaGS1FyEP9zlveK_!!0-mtopupload.jpg
1586,BLR-6305,O1CN017MJfXh1n0PdYFKEj2_!!0-mtopupload.jpg
1589,BLR-6308,O1CN017qSgh91rPNfMATjY9_!!0-mtopupload.jpg
1587,BLR-6306,O1CN017QWGTa1vIkOOD6q2u_!!0-mtopupload.jpg
1588,BLR-6307,O1CN017USeqG1YlqOJHDnvy_!!0-mtopupload.jpg
2326,BLR-6570,O1CN017w3LUx1MrXzNQo6aD_!!0-mtopupload.jpg
2458,BLR-6589,O1CN017w9O5A24rOtwlYzHh_!!0-mtopupload.jpg
5672,BLR-7019,O1CN017Zqu3U1WkLrs8drP0_!!0-mtopupload.jpg
5129,BLR-6948,O1CN01836YjA1LVH3bdxmkY_!!0-mtopupload.jpg
3995,BLR-6792,O1CN0189SE3s1V9QJpqgjKw_!!0-mtopupload.jpg
1558,BLR-6277,O1CN018fSwOS1SPVNUSLvkX_!!0-mtopupload.jpg
1591,BLR-6310,O1CN018p724X1PVVkldyEBD_!!0-mtopupload.jpg
1592,BLR-6311,O1CN018sLVWZ24qU6mucEyH_!!0-mtopupload.jpg
3854,BLR-6772,O1CN018ujOTW1jQHWB98OK3_!!685284542-0-antinsbiocamera.jpg
1593,BLR-6312,O1CN018vmioG1c0Rrv2EPTG_!!0-mtopupload.jpg
1590,BLR-6309,O1CN018W5eF023GTLwr7f5G_!!0-mtopupload.jpg
5672,BLR-7019,O1CN018y9zNy1b2RyzTX0bZ_!!0-mtopupload.jpg
1594,BLR-6313,O1CN018yqW5N25z16QKHqDV_!!0-mtopupload.jpg
2671,BLR-6611,O1CN018Zo1QD1Znxq9pcel5_!!0-mtopupload.jpg
1595,BLR-6314,O1CN0190Z8rN1OHU2SPBLmK_!!0-mtopupload.jpg
2458,BLR-6589,O1CN0195pIsh24rOtwXwljk_!!0-mtopupload.jpg
1821,BLR-6495,O1CN0199QeI91SnmN32gQlQ_!!0-mtopupload.jpg
2398,BLR-6581,O1CN019bTs9L23Wxbj48LsQ_!!0-mtopupload.jpg
2102,BLR-6542,O1CN019jFm3V1F5jGmST7Xc_!!0-mtopupload.jpg
5139,BLR-6950,O1CN019PcIcm1GoRYbhG3dZ_!!0-mtopupload.jpg
3779,BLR-6761,O1CN019sVLiY1EVXzBb6C3B_!!0-mtopupload.jpg
5195,BLR-6955,O1CN019zV8DB1OEjd5iojHd_!!0-mtopupload.jpg
3995,BLR-6792,O1CN01a4T1ZK1qDdtsGbLck_!!0-mtopupload.jpg
2142,BLR-6545,O1CN01A92BUE1Ck5JuvWoCb_!!0-mtopupload.jpg
3046,BLR-6665,O1CN01AKgmFg1PpCkzQu390_!!0-mtopupload.jpg
3624,BLR-6742,O1CN01AN0DJR1YBChpiYNqb_!!0-mtopupload.jpg
1597,BLR-6316,O1CN01AncEon1YqQLyOUOR1_!!0-mtopupload.jpg
1596,BLR-6315,O1CN01ASnUXB1omn3vpvlLG_!!6000000005268-0-antinsbiocamera.jpg
1589,BLR-6308,O1CN01aUsfGF1rPNfLJyqGZ_!!0-mtopupload.jpg
1603,BLR-6322,O1CN01aw25wm1sB0xWLZtNZ_!!6000000005727-0-antinsbiocamera.jpg
5538,BLR-7001,O1CN01ay4BRW25UmxmDjon2_!!0-mtopupload.jpg
1578,BLR-6297,O1CN01aYgUd41sXSGNZSrGy_!!0-mtopupload.jpg
1845,BLR-6497,O1CN01aYKWj81VZ4UyTg53x_!!0-mtopupload.jpg
4148,BLR-6814,O1CN01b5HKY21M2FZUK7anC_!!6000000001376-0-antinsbiocamera.jpg
3796,BLR-6764,O1CN01BaRoAr1dqwsysSkgD_!!0-mtopupload.jpg
1655,BLR-6374,O1CN01baY1Vz1TS5HqKrBS8_!!0-mtopupload.jpg
4973,BLR-6926,O1CN01Bkz5Wf1bGBrXZWQih_!!0-mtopupload.jpg
2232,BLR-6557,O1CN01BLTuIa1h2Lgd5uBsP_!!0-mtopupload.jpg
1598,BLR-6317,O1CN01BlzkRJ1USpU7BHcCu_!!0-mtopupload.jpg
1573,BLR-6292,O1CN01Bn3ENK2JKAOpnhAqg_!!0-mtopupload.jpg
1650,BLR-6369,O1CN01bPAkbP1Pr2MqtuQTL_!!0-mtopupload.jpg
4905,BLR-6919,O1CN01BQ04Mc1ql4qAk6eKT_!!0-mtopupload.jpg
1599,BLR-6318,O1CN01BrdiUJ1quEjaV45Gw_!!6000000005555-0-antinsbiocamera.jpg
3995,BLR-6792,O1CN01BSkRTk1ReKaJeF6Tj_!!0-mtopupload.jpg
1600,BLR-6319,O1CN01BwRMnq27cEdFFHOWo_!!0-mtopupload.jpg
5139,BLR-6950,O1CN01byf10n1n6Ml9myelJ_!!0-mtopupload.jpg
4139,BLR-6812,O1CN01c5LQrM1YjYRFVjvDF_!!0-mtopupload.jpg
1583,BLR-6302,O1CN01CcMIcT1OaGDVe7Eyy_!!0-mtopupload.jpg
4647,BLR-6881,O1CN01cmWqZI27Aks5YStHp_!!0-mtopupload.jpg
387,BLR-6149,O1CN01COwpky1gFni1Rcudp_!!6000000004113-0-antinsbiocamera.jpg
4688,BLR-6891,O1CN01CPOxF81RdPn7VyuiX_!!0-mtopupload.jpg
2102,BLR-6542,O1CN01cTG7JC1sVAHXo4jHJ_!!0-mtopupload.jpg
1601,BLR-6320,O1CN01CUtqGL1HHku7Q7zkR_!!0-mtopupload.jpg
4980,BLR-6928,O1CN01CWsiSs1FBE1cRSsMu_!!0-mtopupload.jpg
1587,BLR-6306,O1CN01cXIMtw1uSXF1jxJIG_!!0-mtopupload.jpg
1602,BLR-6321,O1CN01CxixwH24eZoOGs8hF_!!0-mtopupload.jpg
4688,BLR-6891,O1CN01cy1PZK1e59AAkTl3K_!!0-mtopupload.jpg
4139,BLR-6812,O1CN01D0j1TT1NZyNW0hSmw_!!0-mtopupload.jpg
4170,BLR-6820,O1CN01D4KG4A1RiS9LBQpxd_!!0-mtopupload.jpg
1623,BLR-6342,O1CN01dBgYxJ1JDIHJw0iOO_!!0-mtopupload.jpg
2978,BLR-6652,O1CN01ddbyVM24vWXG3B8wi_!!0-mtopupload.jpg
1655,BLR-6374,O1CN01deBhSW1zQJSc9PvO8_!!0-mtopupload.jpg
2458,BLR-6589,O1CN01dfJTts24rOtv0ODav_!!0-mtopupload.jpg
1656,BLR-6375,O1CN01dg7rq51y7FIFRJMbu_!!0-mtopupload.jpg
997,BLR-6160,O1CN01DjtYD02GKg6p9E7cd_!!173768997-0-antinsbiocamera.jpg
1604,BLR-6323,O1CN01DN1h1l1i0nv9XSorI_!!0-mtopupload.jpg
1605,BLR-6324,O1CN01DnP19N25zTXpb2Snm_!!0-mtopupload.jpg
2801,BLR-6628,O1CN01dNp3hc1VXhPoDJevK_!!6000000002663-0-antinsbiocamera.jpg
4647,BLR-6881,O1CN01doTEx727Akrz8zgvy_!!0-mtopupload.jpg
1568,BLR-6287,O1CN01DrEyy51plFOJpCSGt_!!0-mtopupload.jpg
2448,BLR-6587,O1CN01dSFdy51OTOH8boisE_!!0-mtopupload.jpg
1572,BLR-6291,O1CN01Dt0uMn1SdFGLqfLhV_!!0-mtopupload.jpg
1600,BLR-6319,O1CN01DT31kD1HKVHNhRNpU_!!0-mtopupload.jpg
5288,BLR-6964,O1CN01DTLoMi1Ve6r1C2Kg3_!!0-mtopupload.jpg
1606,BLR-6325,O1CN01DxdqZC1VvVvwXczit_!!0-mtopupload.jpg
1601,BLR-6320,O1CN01DzuzRw1TKIUUdL174_!!0-mtopupload.jpg
1651,BLR-6370,O1CN01e2lw6R1Rnwtv2IyzK_!!0-mtopupload.jpg
1657,BLR-6376,O1CN01e75Kcc26LSVj4PSnH_!!0-mtopupload.jpg
1586,BLR-6305,O1CN01E9oIg01GIqFrfoG0C_!!0-mtopupload.jpg
4973,BLR-6926,O1CN01edllCi1kOHP2wen02_!!0-mtopupload.jpg
1588,BLR-6307,O1CN01Ehiyp61StjW9pSwer_!!0-mtopupload.jpg
4120,BLR-6810,O1CN01ehKecv1iU7DTG5Te0_!!0-mtopupload.jpg
1636,BLR-6355,O1CN01eIWvER229lwGKljr7_!!0-mtopupload.jpg
1624,BLR-6343,O1CN01eliDmD1UUCfs1oqZJ_!!0-mtopupload.jpg
1607,BLR-6326,O1CN01ELxeYw1qgUuLZosVJ_!!0-mtopupload.jpg
2653,BLR-6608,O1CN01eoHMvY1cdNXFyhGYY_!!0-mtopupload.jpg
3698,BLR-6750,O1CN01epR0xK1WSUQEcG7FY_!!0-mtopupload.jpg
1648,BLR-6367,O1CN01eQ7UKK1Tn9RVG0Nkc_!!0-mtopupload.jpg
1608,BLR-6327,O1CN01Eqfrxs28G55dOxWQG_!!0-mtopupload.jpg
4710,BLR-6894,O1CN01erdGd01a4uUmBnUEu_!!0-mtopupload.jpg
3192,BLR-6679,O1CN01ERJ4OF20hXuve9rnp_!!0-mtopupload.jpg
1658,BLR-6377,O1CN01esASWS1lRm2bJZ99R_!!0-mtopupload.jpg
3014,BLR-6661,O1CN01EWnx2z24qU6rxqX8s_!!0-mtopupload.jpg
1609,BLR-6328,O1CN01EyyKNS1RcV08Cj4yP_!!0-mtopupload.jpg
2102,BLR-6542,O1CN01FB3LiJ1Hsqz5tjU2M_!!0-mtopupload.jpg
5381,BLR-6980,O1CN01fC8FtG1GQczHPUYDh_!!0-mtopupload.jpg
4354,BLR-6848,O1CN01FCxsSs213WxJAWdKt_!!0-mtopupload.jpg
1659,BLR-6378,O1CN01fDgFUe1isOD7uYy8S_!!0-mtopupload.jpg
1581,BLR-6300,O1CN01FFmqdw1xz0AHWVHlB_!!0-mtopupload.jpg
1617,BLR-6336,O1CN01fg6xlw1o0hVHIllfa_!!0-mtopupload.jpg
5672,BLR-7019,O1CN01fjcDg01yHK0TN1bE3_!!0-mtopupload.jpg
1610,BLR-6329,O1CN01FJVTZY1C6EtSQvXFD_!!0-mtopupload.jpg
1660,BLR-6379,O1CN01fMTjhm1rxGyV0pgwS_!!0-mtopupload.jpg
3978,BLR-6787,O1CN01Fq2F5q1Bvhl2T0Yli_!!0-mtopupload.jpg
1611,BLR-6330,O1CN01FqRhYh1iv8aO0oyOP_!!0-mtopupload.jpg
5672,BLR-7019,O1CN01FwhDIF1wj8peOpsqy_!!0-mtopupload.jpg
1821,BLR-6495,O1CN01g47h2w1dAoRpeaHXF_!!0-mtopupload.jpg
3735,BLR-6756,O1CN01G7db8j1qwWiIWPNa9_!!0-mtopupload.jpg
1612,BLR-6331,O1CN01GFLjqn1xAcb9x4NUL_!!0-mtopupload.jpg
1615,BLR-6334,O1CN01GhtbuB1Lpsx73yNbd_!!0-mtopupload.jpg
1639,BLR-6358,O1CN01giL0AZ223onFkt6NE_!!0-mtopupload.jpg
1608,BLR-6327,O1CN01gIp2Hg20n2fUq2nY1_!!0-mtopupload.jpg
1613,BLR-6332,O1CN01GLwdL01gFLD4bqiWw_!!6000000004112-0-antinsbiocamera.jpg
3537,BLR-6727,O1CN01gOEICO1NOWRwFzJfc_!!0-mtopupload.jpg
1653,BLR-6372,O1CN01gOPuCp1GuOhn9JSMn_!!0-mtopupload.jpg
4120,BLR-6810,O1CN01gOYlsi1MTjL2z86An_!!0-mtopupload.jpg
4170,BLR-6820,O1CN01gt5n0527KNBdtpmQC_!!0-mtopupload.jpg
1614,BLR-6333,O1CN01GWeItW1e4glf3jKGp_!!0-mtopupload.jpg
4476,BLR-6865,O1CN01GXL2RH20W60vFCRdW_!!0-mtopupload.jpg
1616,BLR-6335,O1CN01GysssP1XbToQsyRAG_!!0-mtopupload.jpg
4476,BLR-6865,O1CN01gyzYTc20W60y1op9U_!!0-mtopupload.jpg
1630,BLR-6349,O1CN01gzhZog28OmcJXCpjf_!!0-mtopupload.jpg
1634,BLR-6353,O1CN01h0Ggre1STAbFshJT1_!!0-mtopupload.jpg
4828,BLR-6910,O1CN01H28OUG22wmKZvybFv_!!0-mtopupload.jpg
1617,BLR-6336,O1CN01H3k8Zg1kHrt0yJy5R_!!0-mtopupload.jpg
4828,BLR-6910,O1CN01hAbVHD1heorrIKxIB_!!0-mtopupload.jpg
55,BLR-6056,O1CN01HaM3oo1vSMlMsjdIo_!!0-mtopupload.jpg
1638,BLR-6357,O1CN01hB9qF41VsJAEYnmTi_!!0-mtopupload.jpg
1618,BLR-6337,O1CN01HCQeM91SSFkvNtI9L_!!0-mtopupload.jpg
3442,BLR-6716,O1CN01hDByVw1YlNzolfGGL_!!0-mtopupload.jpg
1562,BLR-6281,O1CN01Hgyejj1StjcW7mBRf_!!2606422305-0-antinsbiocamera.jpg
1585,BLR-6304,O1CN01HhirUA27yDeDUDMeC_!!0-mtopupload.jpg
1661,BLR-6380,O1CN01hIhb7T20G49a9fopr_!!0-mtopupload.jpg
1619,BLR-6338,O1CN01HM8CiV1CqUru1EEme_!!0-mtopupload.jpg
3442,BLR-6716,O1CN01HMdeA01LXZ2Odsaxj_!!0-mtopupload.jpg
3978,BLR-6787,O1CN01HnEzYc1prCUaxMZv7_!!0-mtopupload.jpg
3796,BLR-6764,O1CN01hpAAVZ1lVRD2cMBJg_!!0-mtopupload.jpg
4828,BLR-6910,O1CN01hUvSzI1dkzkKEig67_!!0-mtopupload.jpg
1599,BLR-6318,O1CN01hvyKm61n978VZdohp_!!0-mtopupload.jpg
1008,BLR-6161,O1CN01HXz2BU25LAfjySmUf_!!0-mtopupload.jpg
1620,BLR-6339,O1CN01I3s6BG1ZwCyCrN5vq_!!0-mtopupload.jpg
1641,BLR-6360,O1CN01i6mico210K9YeYLWV_!!0-mtopupload.jpg
3046,BLR-6665,O1CN01i8hyuV1F6e47WgtLg_!!0-mtopupload.jpg
1633,BLR-6352,O1CN01i8wSmF1DKj0dKOC2C_!!0-mtopupload.jpg
4710,BLR-6894,O1CN01iaKJAX1fW003XyDdO_!!0-mtopupload.jpg
1590,BLR-6309,O1CN01IbUgl91kjLcnXrTjY_!!0-mtopupload.jpg
5129,BLR-6948,O1CN01Ifjvy21v5SuISB7uU_!!0-mtopupload.jpg
1621,BLR-6340,O1CN01IN9csv1OAc2RPn1ZN_!!0-mtopupload.jpg
1662,BLR-6381,O1CN01iNGy6B22bFi1Eoqr6_!!0-mtopupload.jpg
1379,BLR-6169,O1CN01It6HIR25MXrSmb4N4_!!0-mtopupload.jpg
2227,BLR-6556,O1CN01ivUMAM1TGB086iEs3_!!0-mtopupload.jpg
5610,BLR-7009,O1CN01iXL1IF1g5itIgXOee_!!0-mtopupload.jpg
1622,BLR-6341,O1CN01IXmmsr1mPlvJFhiWm_!!0-mtopupload.jpg
5288,BLR-6964,O1CN01j0BzMu1DvMgyGaWq9_!!0-mtopupload.jpg
4452,BLR-6860,O1CN01J7yEYk1b9JvN4cnJi_!!0-mtopupload.jpg
3698,BLR-6750,O1CN01jdoFrE1WnYdoCpaBE_!!0-mtopupload.jpg
4139,BLR-6812,O1CN01JG829x1FZV2n5cijU_!!0-mtopupload.jpg
1582,BLR-6301,O1CN01jhdokc1qGqfdH2xZd_!!6000000005469-0-antinsbiocamera.jpg
3877,BLR-6775,O1CN01jhKfvh1PxRsuGzzh6_!!6000000001907-0-antinsbiocamera.jpg
1598,BLR-6317,O1CN01JjIogC253JCTSV582_!!6000000007470-0-antinsbiocamera.jpg
1660,BLR-6379,O1CN01jJvF0d1ZlDSqpTKND_!!0-mtopupload.jpg
1649,BLR-6368,O1CN01jJzM9U1my7ggOT8so_!!0-mtopupload.jpg
1602,BLR-6321,O1CN01JRtI9N1fuGzQPfuHn_!!0-mtopupload.jpg
1845,BLR-6497,O1CN01jSkG6m20s51cOyVmj_!!0-mtopupload.jpg
2945,BLR-6647,O1CN01jvCDDB1c5wcZHLhaZ_!!6000000003550-0-antinsbiocamera.jpg
2978,BLR-6652,O1CN01JvHIz61Gou1PtN7Eq_!!0-mtopupload.jpg
1563,BLR-6282,O1CN01k8qdQF1luczcLjM2p_!!0-mtopupload.jpg
1593,BLR-6312,O1CN01kb6SRQ1YBf6Q0FUqh_!!0-mtopupload.jpg
1663,BLR-6382,O1CN01kDPvZz1tlwPH3ko2q_!!0-mtopupload.jpg
2582,BLR-6603,O1CN01kefK1S1JqDwXdYA3t_!!0-mtopupload.jpg
4120,BLR-6810,O1CN01KIO5R126E8AreBdR5_!!0-mtopupload.jpg
1624,BLR-6343,O1CN01Kk361u1wfTfFNEvU8_!!0-mtopupload.jpg
1625,BLR-6344,O1CN01KwkPvP1SSFktMQ6xu_!!0-mtopupload.jpg
3787,BLR-6762,O1CN01KyOAfa1VO53vUZvqW_!!0-mtopupload.jpg
1821,BLR-6495,O1CN01l4jhKI1MWw6tuOiFl_!!0-mtopupload.jpg
1626,BLR-6345,O1CN01L8AinV1NAKAgFOZG5_!!6000000001529-0-antinsbiocamera.jpg
1628,BLR-6347,O1CN01LAjGpR1N9PRH4pQ5s_!!0-mtopupload.jpg
1627,BLR-6346,O1CN01LAOCGr1p3jiUI44Xp_!!6000000005305-0-antinsbiocamera.jpg
1613,BLR-6332,O1CN01Lay0dQ1p9grhU7HqL_!!6000000005318-0-antinsbiocamera.jpg
2326,BLR-6570,O1CN01lAYt211U98VXzmsAz_!!0-mtopupload.jpg
2400,BLR-6582,O1CN01LBpoaw29Lrhxy3V7x_!!0-mtopupload.jpg
3192,BLR-6679,O1CN01lHOKQ71C9u2Bb1Tnv_!!0-mtopupload.jpg
1629,BLR-6348,O1CN01LHQFhG26oJSo2lXp5_!!6000000007708-0-antinsbiocamera.jpg
4973,BLR-6926,O1CN01ljmcT31MLUCynrIXb_!!0-mtopupload.jpg
1664,BLR-6383,O1CN01lK76ij1zrKlfNSmY8_!!0-mtopupload.jpg
3014,BLR-6661,O1CN01LPSteA1k3fa3GBnJA_!!0-mtopupload.jpg
3854,BLR-6772,O1CN01LtB7CE1jQHWCdl0KP_!!0-mtopupload.jpg
1645,BLR-6364,O1CN01lW07Lu24T7ytnC2ws_!!0-mtopupload.jpg
2008,BLR-6526,O1CN01m2ashv1lKRherSLxR_!!0-mtopupload.jpg
1665,BLR-6384,O1CN01m4y4zA1f7GdhFavVm_!!0-mtopupload.jpg
1661,BLR-6380,O1CN01m5QcTS1h6vY1k9mAz_!!0-mtopupload.jpg
4831,BLR-6911,O1CN01MCqquW1p4eVZ7eHCi_!!0-mtopupload.jpg
4170,BLR-6820,O1CN01mHKhWz1NPRFAWQq6u_!!0-mtopupload.jpg
1666,BLR-6385,O1CN01mLjWgj1CgQ9joDaHL_!!0-mtopupload.jpg
2400,BLR-6582,O1CN01mlmsbn1dQqJ6Qdefz_!!0-mtopupload.jpg
3779,BLR-6761,O1CN01MmZlKN1ruyzra3mWE_!!0-mtopupload.jpg
1631,BLR-6350,O1CN01mqpa581sB0xRAC4Ld_!!6000000005727-0-antinsbiocamera.jpg
1993,BLR-6523,O1CN01mXLWFj1da0Izv5N9A_!!0-mtopupload.jpg
1614,BLR-6333,O1CN01mYjeH61cTlDX2iYNH_!!0-mtopupload.jpg
1644,BLR-6363,O1CN01mYz9hJ1Nbo2g0mEPr_!!0-mtopupload.jpg
1630,BLR-6349,O1CN01N0p4uh273svbU4KKF_!!0-mtopupload.jpg
2232,BLR-6557,O1CN01N2khOX1FmmbK5Qnl3_!!0-mtopupload.jpg
4905,BLR-6919,O1CN01N4s23m1QT3F3eQWVY_!!0-mtopupload.jpg
1631,BLR-6350,O1CN01N9u1hC1WSUWgROWOS_!!6000000002787-0-antinsbiocamera.jpg
1612,BLR-6331,O1CN01Na8qAs1GYs5hUmXEI_!!0-mtopupload.jpg
1637,BLR-6356,O1CN01nAtwTZ1PQTMoehIj8_!!0-mtopupload.jpg
1440,BLR-6172,O1CN01NsJWqz1CMGqHy4s3W_!!6000000000066-0-antinsbiocamera.jpg
1566,BLR-6285,O1CN01NuIqXi1SueJKihpNr_!!6000000002307-0-antinsbiocamera.jpg
4148,BLR-6814,O1CN01nUUGQm1o8UCy2HNYZ_!!0-mtopupload.jpg
4354,BLR-6848,O1CN01nwNLCH1H0LsiV5Yvq_!!0-mtopupload.jpg
5139,BLR-6950,O1CN01NwPfcN1hFAgBLR90n_!!0-mtopupload.jpg
2326,BLR-6570,O1CN01NYV3nc1ia4QFMdhrl_!!0-mtopupload.jpg
1667,BLR-6386,O1CN01o2i8Ch28c46Ru8CpU_!!6000000007952-0-antinsbiocamera.jpg
3877,BLR-6775,O1CN01O2z7kH1P4wknvnDd2_!!6000000001788-0-antinsbiocamera.jpg
1576,BLR-6295,O1CN01O2ZQVQ1FXD2FrVQhN_!!0-mtopupload.jpg
1592,BLR-6311,O1CN01ogc0ws1hahICbAJ44_!!0-mtopupload.jpg
3046,BLR-6665,O1CN01onSVuu1Yv0JRFD5NF_!!0-mtopupload.jpg
2232,BLR-6557,O1CN01oOR4v923XQ6bSzDLy_!!0-mtopupload.jpg
5288,BLR-6964,O1CN01oWiw3a1ktQKo4fXIV_!!0-mtopupload.jpg
1632,BLR-6351,O1CN01OxALCy274niqJzgcB_!!6000000007744-0-antinsbiocamera.jpg
4688,BLR-6891,O1CN01OxeSZz1FhHkXSy1YQ_!!0-mtopupload.jpg
1668,BLR-6387,O1CN01p1OLY41f3bXx5L42Y_!!0-mtopupload.jpg
2008,BLR-6526,O1CN01P8aeqr1VXEug1pdTG_!!0-mtopupload.jpg
1595,BLR-6314,O1CN01P8VjaK1K9Sdk2NwjY_!!0-mtopupload.jpg
1634,BLR-6353,O1CN01PaV44229QRimiFgp3_!!0-mtopupload.jpg
2801,BLR-6628,O1CN01PfytEk1Sq4SJQomBG_!!6000000002297-0-antinsbiocamera.jpg
4148,BLR-6814,O1CN01PgZJCH1wPuCIFgP5b_!!0-mtopupload.jpg
1569,BLR-6288,O1CN01phlRzH1cTIowouRsf_!!0-mtopupload.jpg
1635,BLR-6354,O1CN01Pjq2xX1fgX6quZTjg_!!0-mtopupload.jpg
1952,BLR-6519,O1CN01PLPNUZ1NAKAnQG0fv_!!0-mtopupload.jpg
1485,BLR-6204,O1CN01pOb8bX1dmMx74Pisg_!!0-mtopupload.jpg
1654,BLR-6373,O1CN01pPnoB81nYIv1UjiZV_!!0-mtopupload.jpg
1636,BLR-6355,O1CN01Q1JGIb1vNmkWOx1rO_!!6000000006161-0-antinsbiocamera.jpg
1560,BLR-6279,O1CN01q5Smhj1LwkuYLq5Om_!!0-mtopupload.jpg
1627,BLR-6346,O1CN01Qj3jl425pOmolmUKz_!!6000000007575-0-antinsbiocamera.jpg
1637,BLR-6356,O1CN01QopWIZ1u7T1O7Hrxo_!!6000000005990-0-antinsbiocamera.jpg
5288,BLR-6964,O1CN01qOYj8w1es9Xd7kP4R_!!0-mtopupload.jpg
1615,BLR-6334,O1CN01QPBQ821d3UBIU7ewX_!!0-mtopupload.jpg
3877,BLR-6775,O1CN01QpVgRu1Y4KlWTyAtF_!!0-mtopupload.jpg
1643,BLR-6362,O1CN01qqiZP11bqpaIyOhxv_!!0-mtopupload.jpg
1658,BLR-6377,O1CN01qUXKsV28c46S594qX_!!0-mtopupload.jpg
3537,BLR-6727,O1CN01Qv0qVb1ZToPlVhKI8_!!0-mtopupload.jpg
1638,BLR-6357,O1CN01QxZIMB1UeHPysT7EI_!!0-mtopupload.jpg
1564,BLR-6283,O1CN01qZN0Vz1DOqZZbJVFX_!!0-mtopupload.jpg
1579,BLR-6298,O1CN01qZXvPX1nWTKpXkDOc_!!0-mtopupload.jpg
1594,BLR-6313,O1CN01r5M7kk25z16Oup36G_!!0-mtopupload.jpg
1666,BLR-6385,O1CN01rAdCRT1groTkqjUhy_!!0-mtopupload.jpg
5139,BLR-6950,O1CN01rAKppT1q1HCo93E6R_!!0-mtopupload.jpg
1639,BLR-6358,O1CN01RBrDTv22ncOpmwjWH_!!0-mtopupload.jpg
378,BLR-6148,O1CN01rek9XL2HxREAZK0gy_!!1065539217-0-antinsbiocamera.jpg
1575,BLR-6294,O1CN01RFNyuB1HfZV1z5Btp_!!6000000000785-0-antinsbiocamera.jpg
1642,BLR-6361,O1CN01Ri6Web27pyW6Nq54f_!!0-mtopupload.jpg
2379,BLR-6576,O1CN01rJaDnj1twTd8rJlff_!!6000000005966-0-antinsbiocamera.jpg
1606,BLR-6325,O1CN01RJLSSe1NLm6M7ON9l_!!0-mtopupload.jpg
1625,BLR-6344,O1CN01rlO9Be1FasCj4me7f_!!0-mtopupload.jpg
3978,BLR-6787,O1CN01Rph5sM26l6gt4h6Vp_!!0-mtopupload.jpg
3735,BLR-6756,O1CN01rqxIws21qXJ3zzfZx_!!0-mtopupload.jpg
1640,BLR-6359,O1CN01RT3Bwt1exeIMabKan_!!6000000003938-0-antinsbiocamera.jpg
1641,BLR-6360,O1CN01RX7ZZG21axqB3gbEB_!!0-mtopupload.jpg
2671,BLR-6611,O1CN01rY469G1uX7CQkRRhF_!!0-mtopupload.jpg
1952,BLR-6519,O1CN01ScdGkn1tU4xg8A3HV_!!0-mtopupload.jpg
2945,BLR-6647,O1CN01sDhPJJ1XJ9yCQCK7d_!!38492902-0-antinsbiocamera.jpg
1604,BLR-6323,O1CN01seOBTn1qPYEAc2hoU_!!0-mtopupload.jpg
5538,BLR-7001,O1CN01SEpLS425MXpmdp836_!!0-mtopupload.jpg
4170,BLR-6820,O1CN01SF9DVQ1YBChp3c5rs_!!0-mtopupload.jpg
1663,BLR-6382,O1CN01sFVlR727QmjWep0nD_!!0-mtopupload.jpg
2142,BLR-6545,O1CN01sFxvxG1Ck5K45Sl5J_!!0-mtopupload.jpg
1668,BLR-6387,O1CN01shuFTY1XQ20pmpvve_!!0-mtopupload.jpg
1616,BLR-6335,O1CN01si1sho1Z02feMopQV_!!0-mtopupload.jpg
5139,BLR-6950,O1CN01SIFsnv1SXkVevlR5p_!!0-mtopupload.jpg
3195,BLR-6680,O1CN01SjfAAP25MXpn3eCfb_!!0-mtopupload.jpg
2379,BLR-6576,O1CN01sKMj4E1Lvq8tXEnre_!!6000000001362-0-antinsbiocamera.jpg
4347,BLR-6847,O1CN01SNa4L91QfsIwY5VkA_!!0-mtopupload.jpg
1643,BLR-6362,O1CN01SOhBmQ1XolKhQ8HUn_!!0-mtopupload.jpg
4688,BLR-6891,O1CN01SVRPP021g0CDiRcR2_!!0-mtopupload.jpg
4476,BLR-6865,O1CN01SwC55M20W60zjWUtb_!!0-mtopupload.jpg
3186,BLR-6677,O1CN01syT89V1n5uMafNxDF_!!0-mtopupload.jpg
1622,BLR-6341,O1CN01T0HQf91LllJSbF2Sp_!!0-mtopupload.jpg
1626,BLR-6345,O1CN01t38mIN1ORYgx80P49_!!6000000001702-0-antinsbiocamera.jpg
1845,BLR-6497,O1CN01t54UnQ1dyjcNR6Z5v_!!0-mtopupload.jpg
1609,BLR-6328,O1CN01t9fPvk1hEiHZYI8E1_!!0-mtopupload.jpg
1596,BLR-6315,O1CN01Te8Fhq1RYppbow0MG_!!6000000002124-0-antinsbiocamera.jpg
1642,BLR-6361,O1CN01TexN9x1LoVh07ftvZ_!!0-mtopupload.jpg
1662,BLR-6381,O1CN01tfeEDH1D3JxgmXYJN_!!0-mtopupload.jpg
1632,BLR-6351,O1CN01Th0IfE1NBhMQPgY9T_!!0-mtopupload.jpg
1570,BLR-6289,O1CN01thBmnc1Sl1zVJJEpt_!!0-mtopupload.jpg
5288,BLR-6964,O1CN01TJxsUi1dnHiSJRrXt_!!0-mtopupload.jpg
3195,BLR-6680,O1CN01tlAoHt1kIKFpNswCp_!!0-mtopupload.jpg
4647,BLR-6881,O1CN01TOTsGF27Aks1HDDaW_!!0-mtopupload.jpg
1591,BLR-6310,O1CN01TsoyMT1b4jzaOEMTm_!!0-mtopupload.jpg
5610,BLR-7009,O1CN01TU5ZpO28dtgk7zbkH_!!0-mtopupload.jpg
2398,BLR-6581,O1CN01tXcazU1ssWTx5LNu4_!!0-mtopupload.jpg
1659,BLR-6378,O1CN01u3wxvC1RjMwMMiAiL_!!6000000002147-0-antinsbiocamera.jpg
1645,BLR-6364,O1CN01U7SK5X1ugjagnXmxm_!!0-mtopupload.jpg
1646,BLR-6365,O1CN01ucPT3b2723OqL6YJc_!!0-mtopupload.jpg
4816,BLR-6906,O1CN01Udzeh020JGvQKQrPw_!!0-mtopupload.jpg
1669,BLR-6388,O1CN01ueFxXz1yb12L53456_!!0-mtopupload.jpg
1669,BLR-6388,O1CN01uGvf6G1meszeyEXP8_!!0-mtopupload.jpg
3442,BLR-6716,O1CN01UHAhfu1dihkuAJ6Ty_!!0-mtopupload.jpg
1640,BLR-6359,O1CN01UjtDbI1s0w91Kuguy_!!0-mtopupload.jpg
5672,BLR-7019,O1CN01ukFKMv1kRwZQAdP64_!!0-mtopupload.jpg
3779,BLR-6761,O1CN01UL5G2j1ZvIBDa7K6B_!!0-mtopupload.jpg
1559,BLR-6278,O1CN01uN4vRE1w3vBfl5JIV_!!6000000006253-0-antinsbiocamera.jpg
1618,BLR-6337,O1CN01Uuyhhb1w0iPmtbPoE_!!0-mtopupload.jpg
2653,BLR-6608,O1CN01UwxlRe26yOAwdsukP_!!0-mtopupload.jpg
2653,BLR-6608,O1CN01uzn14b1WX4NuV8kEu_!!0-mtopupload.jpg
1577,BLR-6296,O1CN01V0Q8Yz1eH3SbYh367_!!0-mtopupload.jpg
1646,BLR-6365,O1CN01VPVJEb1tU511mhxqM_!!0-mtopupload.jpg
2398,BLR-6581,O1CN01vR0Zcv1mACSVScrxZ_!!0-mtopupload.jpg
3392,BLR-6706,O1CN01VRmUGh282LD20uTDi_!!0-mtopupload.jpg
1993,BLR-6523,O1CN01VVdjaH1OQBZvQZF5r_!!0-mtopupload.jpg
1629,BLR-6348,O1CN01WcgVfr29pdSFwoaBU_!!0-mtopupload.jpg
1884,BLR-6505,O1CN01Wf7Lu41zGEgN4Rsp2_!!0-mtopupload.jpg
3735,BLR-6756,O1CN01wHKDvw1IwLch7mBxE_!!0-mtopupload.jpg
4354,BLR-6848,O1CN01wPKvVT1kunYL3sQEr_!!0-mtopupload.jpg
1996,BLR-6525,O1CN01wQEsBJ1TbF9OJ2Xuj_!!0-mtopupload.jpg
3392,BLR-6706,O1CN01wQKt4H1RAYqAguHP4_!!0-mtopupload.jpg
1652,BLR-6371,O1CN01wS9zHv1aikz8yI4TL_!!0-mtopupload.jpg
1647,BLR-6366,O1CN01Wz6bkN1CFOnpbJOfr_!!0-mtopupload.jpg
4710,BLR-6894,O1CN01x2kXL41Ygo2IfZtGF_!!0-mtopupload.jpg
1580,BLR-6299,O1CN01x7JLCo1beSrIPVREV_!!0-mtopupload.jpg
1648,BLR-6367,O1CN01X9t0im1izG9IJfXFr_!!0-mtopupload.jpg
3392,BLR-6706,O1CN01XamdHn1kVbjxXlHfO_!!0-mtopupload.jpg
1649,BLR-6368,O1CN01XEhBqR1aWOJaU4vg9_!!0-mtopupload.jpg
3787,BLR-6762,O1CN01xfcngz1YY6ZphBmnk_!!0-mtopupload.jpg
2379,BLR-6576,O1CN01XgLYjO1RWXxnDzMPI_!!6000000002119-0-antinsbiocamera.jpg
4980,BLR-6928,O1CN01xNTeKx1FBE1WJee1w_!!0-mtopupload.jpg
1650,BLR-6369,O1CN01Xoaxte20jpvK5olK6_!!0-mtopupload.jpg
2051,BLR-6535,O1CN01xPdDIa247bLV9b95V_!!0-mtopupload.jpg
2448,BLR-6587,O1CN01xpgcO81baLIHilcfa_!!0-mtopupload.jpg
4816,BLR-6906,O1CN01XqWodm1E5RPIqHPnu_!!0-mtopupload.jpg
1605,BLR-6324,O1CN01xRIObX23MQXpch9b5_!!0-mtopupload.jpg
1657,BLR-6376,O1CN01xUt7VB26LSViWJCEO_!!0-mtopupload.jpg
1619,BLR-6338,O1CN01XYpSDs1qLQdG1FUJk_!!0-mtopupload.jpg
1651,BLR-6370,O1CN01Y3hZb41KJXI9exceF_!!0-mtopupload.jpg
4647,BLR-6881,O1CN01y6C6ao27Aks1pFGAN_!!0-mtopupload.jpg
1584,BLR-6303,O1CN01Y91ahv21NDxUBTgZo_!!0-mtopupload.jpg
1667,BLR-6386,O1CN01yaDYKg1IpTgJC8n6f_!!6000000000942-0-antinsbiocamera.jpg
1574,BLR-6293,O1CN01YjbbQt1LfLnXFyDbH_!!0-mtopupload.jpg
5610,BLR-7009,O1CN01YkqTMI27OUkekfQ7j_!!0-mtopupload.jpg
1621,BLR-6340,O1CN01yKTMH71SqWkSUNkLY_!!0-mtopupload.jpg
3796,BLR-6764,O1CN01yorSiB24ihNTAwDhl_!!0-mtopupload.jpg
1652,BLR-6371,O1CN01YR39eP1pbAf1ZHpzQ_!!0-mtopupload.jpg
1993,BLR-6523,O1CN01YrTiMM1UXruvDxp4I_!!0-mtopupload.jpg
1567,BLR-6286,O1CN01yspsUu1u08iFH1BCF_!!0-mtopupload.jpg
4975,BLR-6927,O1CN01YTydkx1BwcZwa3WR1_!!0-mtopupload.jpg
4831,BLR-6911,O1CN01YuitcX1YRgxnV1mvO_!!0-mtopupload.jpg
5129,BLR-6948,O1CN01yytKxu23CLmqUnkkg_!!0-mtopupload.jpg
2978,BLR-6652,O1CN01z0jzhb1uZreBz6kMh_!!0-mtopupload.jpg
4980,BLR-6928,O1CN01Z0weMO1FBE1XcEiwd_!!0-mtopupload.jpg
3186,BLR-6677,O1CN01z5xEdU1MGRqz2B9xV_!!0-mtopupload.jpg
1653,BLR-6372,O1CN01ZbhfjE1MXOVR8XnvL_!!0-mtopupload.jpg
1635,BLR-6354,O1CN01ZJzuV91fgX6nhHZfl_!!0-mtopupload.jpg
3014,BLR-6661,O1CN01ZntaPo1qDdtsgFDbc_!!0-mtopupload.jpg
4120,BLR-6810,O1CN01zQ09ep1rfrvLv9QS0_!!0-mtopupload.jpg
3995,BLR-6792,O1CN01ZqOQMR1QPqRRO88td_!!6000000001969-0-antinsbiocamera.jpg
1647,BLR-6366,O1CN01ZRgWUr1qzjV4DxVZy_!!0-mtopupload.jpg
2582,BLR-6603,O1CN01ZRoFkS1V6DXz1VtVd_!!0-mtopupload.jpg
4354,BLR-6848,O1CN01zTn0Z31JDkhaE7QBO_!!0-mtopupload.jpg
1665,BLR-6384,O1CN01zzZ5l01X3aX0eGxeB_!!0-mtopupload.jpg
1017,BLR-6162,O2hmsS0jTmSzvq6lWLEk9gAAACMAARAD.jpg
5654,BLR-7016,O4evSscSQOaRanT5DclZ5wAAACMAARAD.jpg
3362,BLR-6704,o5ZrvSA9RLaFj95SLJeGfgAAACMAARAD.jpg
5977,BLR-7062,oAlUaNt0SoOd1pDlZebq6QAAACMAARAD.jpg
4592,BLR-6874,OauFl0mdSSeNK_ZHxXY5EwAAACMAARAD.jpg
1718,BLR-6437,oAvR26O1Tf2aRkfw3fq_yQAAACMAARAD.jpg
4004,BLR-6794,ob6vG33NTfmHwGU8NMEOEQAAACMAARAD.jpg
1555,BLR-6274,ObET9GMpRfiOh62451NYtgAAACMAARAD.jpg
1864,BLR-6501,oBglDHOfQa2osQOgPWshWwAAACMAARAD.jpg
5956,BLR-7055,obyrOEluQJ2NMnX7G7GA0wAAACMAARAD.jpg
2869,BLR-6635,oceYYjXSRX-tzGyBZ8trswAAACMAARAD.jpg
4822,BLR-6908,ocgSR2APTUu-qS_NlP0NLQAAACMAARAD.jpg
4107,BLR-6807,OCnjivYsTu2NJSRMjYXtnQAAACMAARAD.jpg
2011,BLR-6527,oDhBy-e5QZmqg73ju9nkbAAAACMAARAD.jpg
5503,BLR-6996,oERkookER6WAg8srnXT0hwAAACMAARAD.jpg
2253,BLR-6559,OfpiFCYYQHySCWO6Bbm7XAAAACMAARAD.jpg
4401,BLR-6852,OgezdQ8kRgeb2xwnsT7zMwAAACMAARAD.jpg
2129,BLR-6544,OGW3GyetQfy34mPRW6jbmgAAACMAARAD.jpg
3223,BLR-6684,oHK2MVGkTyGHlWUYgp3dAwAAACMAARAD.jpg
4298,BLR-6838,oIxgHR0oQJ-2tlJAJBYT_gAAACMAARAD.jpg
1672,BLR-6391,OjAZWOMDTOSn_WruQKjDXwAAACMAARAD.jpg
1673,BLR-6392,OjF-ddutT_6nC6kRpWjXXwAAACMAARAD.jpg
3145,BLR-6672,OjXg0lQOSDmZTqvGwqKLoQAAACMAARAD.jpg
5941,BLR-7054,OjXGrQwIRLe0jn5ENTl1XwAAACMAARAD.jpg
3156,BLR-6673,ok7y2SN-R0SwiSRzpBD9uwAAACMAARAD.jpg
1670,BLR-6389,OKB1EOQeSwWb0WQf56nVYgAAACMAARAD.jpg
4175,BLR-6821,okCX6eLFQsusCkvtjHuTZgAAACMAARAD.jpg
2158,BLR-6548,oKgN2w94T-Kl6KzGSMyrNgAAACMAARAD.jpg
3893,BLR-6778,okwo8iVQQ1ajw9b2PYoNogAAACMAARAD.jpg
4423,BLR-6855,oKYI12T2SoWlHXb-OSB1wgAAACMAARAD.jpg
5591,BLR-7007,om3lbjtDSqaxjq6humSENAAAACMAARAD.jpg
5827,BLR-7041,omt8M0kmRMSuRUW91x_fLgAAACMAARAD.jpg
4288,BLR-6836,oNF3w_TEQMG0-kv4udG4VAAAACMAARAD.jpg
2794,BLR-6627,onlXl6JsQciXX_rSReKAnQAAACMAARAD.jpg
3026,BLR-6664,onPnoR4bTbKCk4Yd3n0r9wAAACMAARAD.jpg
5622,BLR-7010,onsSjDDzRqG31NT0rRs_swAAACMAARAD.jpg
4217,BLR-6826,OO-MWT1ARN2JB46UDwR3xAAAACMAARAD.jpg
5861,BLR-7049,oO24Om4hRGmWxTCA3nJ4iwAAACMAARAD.jpg
3701,BLR-6751,OpCSNS1aSAuTXIC0S6ogewAAACMAARAD.jpg
3697,BLR-6749,OpgTfethRwmlkvrqtsjxbwAAACMAARAD.jpg
3913,BLR-6780,OpoQQUTZR1mEw3owWKVzVAAAACMAARAD.jpg
1505,BLR-6224,oPQHfdKJRGO2HLvonw427AAAACMAARAD.jpg
1385,BLR-6170,oPSG9-PeShagweLNMN6iZAAAACMAARAD.jpg
1752,BLR-6471,oqomOiphQn6i5u3CHSZLcwAAACMAARAD.jpg
2733,BLR-6621,OQrU2044SO2zoLs0SnY40gAAACMAARAD.jpg
1936,BLR-6516,or1UdU93T-O-9xiWBBxg2wAAACMAARAD.jpg
4338,BLR-6845,oR2YLR_BQLCTqYZcFl4pjAAAACMAARAD.jpg
1510,BLR-6229,OREnCiSSTJqg5L9v1CUMPQAAACMAARAD.jpg
2086,BLR-6540,oRLDe9Z3RS6KiMQatbkSEgAAACMAARAD.jpg
5998,BLR-7063,ORZnfTwMTGmDKW-_9Zm_cAAAACMAARAD.jpg
2285,BLR-6566,oSnmO-zLRMiahBm9QvnR-AAAACMAARAD.jpg
1763,BLR-6482,osTujBaASyqZZqO6cV9sTQAAACMAARAD.jpg
5419,BLR-6985,oSxgF4TFS4iR0s747WZzQgAAACMAARAD.jpg
1671,BLR-6390,OT8YpytCTBOPo0S-UdLKtwAAACMAARED.jpg
5857,BLR-7046,otcaKuZmTvi_QxerP6VRdAAAACMAARAD.jpg
3003,BLR-6660,otF9y3PHQZeT1uDTg3Ls-wAAACMAARAD.jpg
2517,BLR-6595,OTQFjHxXR7SZRGuRmUjZwgAAACMAARAD.jpg
2318,BLR-6568,oU0eq4y6S7eWdPC6opBieAAAACMAARAD.jpg
77,BLR-6078,OuN9OzXCRwiYPj0wLisEZAAAACMAARAD.jpg
5805,BLR-7037,oUwFV4MkS2S9joIua_wkvwAAACMAARAD.jpg
1556,BLR-6275,OV7FrkE7Q-aNE2zMG1SH2QAAACMAARAD.jpg
4198,BLR-6822,ovAogq-FQpmUHATM3RB10gAAACMAARAD.jpg
1686,BLR-6405,ow5HvxZ-S3yMCbSeNB4qbQAAACMAARAD.jpg
5092,BLR-6944,OwCF5UVZSYOv_gcsUfmr4QAAACMAARAD.jpg
1542,BLR-6261,OWkdMlbRQTOagoJopFjOAAAAACMAARAD.jpg
5218,BLR-6958,OwMsZ-uATF2iIgb-Uq16FAAAACMAARAD.jpg
1708,BLR-6427,oxWV6lMOQm6pN_YEXY8p4AAAACMAARAD.jpg
2702,BLR-6615,Oy0HrE9BTPSIW-mzlHsLXQAAACMAARAD.jpg
123,BLR-6124,oYEHKIh7QNCZ0NdOYlyJMAAAACMAARAD.jpg
1547,BLR-6266,OykXYO8ARJCvhvU8mIN4FwAAACMAARAD.jpg
4287,BLR-6835,OYr_X_EsQFm813JL4QXBcwAAACMAARAD.jpg
5375,BLR-6977,oZBpNTOsQZieIXx-GvfmzgAAACMAARAD.jpg
297,BLR-6147,O_4vmXNnTeScsXkScRsTJQAAACMAARAD.jpg
3544,BLR-6729,O_9tu6PdQfCAGhHfde3WGgAAACMAARAD.jpg
3562,BLR-6732,o_D2J6FkRlCZxYTSoKUwWwAAACMAARAD.jpg
4686,BLR-6890,O_Zb9mWhRly9PM_gQ2MN2wAAACMAARAD.jpg
1526,BLR-6245,P-1wYRu3Q3OJKaUV_x-sXQAAACMAARAD.jpg
5704,BLR-7022,P-Bqr9U1Tqa9eJtGWudTxgAAACMAARAD.jpg
1674,BLR-6393,P-KjjiWiTnqdLgkPYcvMZAAAACMAARAD.jpg
4869,BLR-6916,p-ZNuK_SReystWjCTxy7bgAAACMAARAD.jpg
25,BLR-6026,p0G8Z8h1SIOFChHiqu5LiwAAACMAARAD.jpg
1675,BLR-6394,P0IWpKbjTBqFI76B1PYcJQAAACMAARAD.jpg
3249,BLR-6686,P0wPmWebSWKveKQ9B13kWwAAACMAARAD.jpg
2150,BLR-6547,P26QKXM5TMuSc8JAFpVosgAAACMAARAD.jpg
68,BLR-6069,P34F0ulcRLaUrOaH-GwJ0AAAACMAARAD.jpg
1676,BLR-6395,P3f82F8YQDC-PwDjJ82F0QAAACMAARAD.jpg
5070,BLR-6940,P4fnic2BTga-aR9FkzNI8gAAACMAARAD.jpg
5869,BLR-7050,P5hxM2vbRp-Tj8clXHs-NQAAACMAARAD.jpg
1744,BLR-6463,p5MHwqueRIKa-wf_BP6L3AAAACMAARAD.jpg
1674,BLR-6393,p5UGUSRRRX-dLIQ-nTfUAAAAACMAARAD.jpg
1677,BLR-6396,P5_GOwRCTxixQ3eVGD6jdwAAACMAARAD.jpg
2658,BLR-6610,p6TMDddZRZ2M6hpNW1TGuwAAACMAARAD.jpg
2880,BLR-6637,P78_rcR6Q7mGeoLCSymtFAAAACMAARAD.jpg
1935,BLR-6515,p83sYDqwR-m70YRzEW2wsgAAACMAARAD.jpg
5366,BLR-6976,p8_8UXyzRpybpDC8PBb50QAAACMAARAD.jpg
1689,BLR-6408,pAHpR9XuSBOy_8SCMirjmwAAACMAARAD.jpg
2980,BLR-6654,PAjjdRqiSMiZlh9xYoTDkAAAACMAARAD.jpg
5816,BLR-7039,pb5VFO7UQBWHMuwgRE5PHgAAACMAARAD.jpg
1685,BLR-6404,pbrol11mTgmlQ7WkaWNeYAAAACMAARAD.jpg
2518,BLR-6596,pbvpcIjdTbenA8SRyFm6kgAAACMAARAD.jpg
5588,BLR-7006,PCTkH_mRQrO5XThWj_HB_gAAACMAARAD.jpg
1529,BLR-6248,PG8g7joMRg21Wwau9Z3RMgAAACMAARAD.jpg
5202,BLR-6957,PhnXV74QSMKJY4-XcTUElQAAACMAARAD.jpg
3913,BLR-6780,Pi-28WJMRp6YRXSH7vgHnwAAACMAARAD.jpg
4154,BLR-6816,piFSgVxrQzi1idkATzay5QAAACMAARAD.jpg
3593,BLR-6736,piUduJf9R6y1tWHDjUWb5QAAACMAARAD.jpg
5973,BLR-7061,pJMeyxnvRPOCrS-s9zDN6AAAACMAARAD.jpg
5041,BLR-6937,pjxP3sinTGiFH5HdQ-ebiwAAACMAARAD.jpg
5366,BLR-6976,pK-9dgmaRDqddSwAqRPQZwAAACMAARAD.jpg
5427,BLR-6986,pKGuH49MT6uYFRXeG0g24QAAACMAARAD.jpg
5784,BLR-7035,PKvgCxspT06mVkCupz9C2QAAACMAARAD.jpg
1678,BLR-6397,PL8j8RPtQ4GDrZEoxghrDQAAACMAARAD.jpg
6,BLR-6007,PlKKBn3jQUOWl-hlh6NR4gAAACMAARAD.jpg
5376,BLR-6978,pLoYre5PRHqrfFzJ4rfPtQAAACMAARAD.jpg
4577,BLR-6873,PmbHctUgRu6uo1DWbOKbCgAAACMAARAD.jpg
1679,BLR-6398,PPf1ByjVQ6-umVgvBiRAQAAAACMAARAD.jpg
48,BLR-6049,PpgUGHaeQpajhCRFvoc6QgAAACMAARAD.jpg
1704,BLR-6423,ppmGFtg6SGGfckH2SADcvAAAACMAARAD.jpg
1764,BLR-6483,pq5GjkbWRKSaGXVZSP2cFQAAACMAARAD.jpg
4656,BLR-6883,pq7mA3klSgiw8QSPQHKEIAAAACMAARAD.jpg
5003,BLR-6931,PQKHlBsGRvmLUNNyc9RH1AAAACMAARAD.jpg
11,BLR-6012,pQLLS2bSSeCwQZOwh-RTfAAAACMAARAD.jpg
4785,BLR-6903,przBOi0BRjCcw2VWJkSaEwAAACMAARAD.jpg
1857,BLR-6500,psvcekR8QHiZD4ntWITeOgAAACMAARAD.jpg
5295,BLR-6965,PtYMxRKCQ_Kr5or4ZEtCrgAAACMAARAD.jpg
3348,BLR-6700,PUcugxxsTLS0E-fgkWtGLAAAACMAARAD.jpg
96,BLR-6097,PUcVMuFfRI663YVRjPHnJAAAACMAARAD.jpg
137,BLR-6138,PVH3f0jwQCSITn9t3UdydwAAACMAARAD.jpg
2738,BLR-6622,PvmDQFGxRHK11MwRWIX74AAAACMAARAD.jpg
5971,BLR-7060,PWdM972oTLS4wJJ319jekgAAACMAARED.jpg
517,BLR-6153,PWO2-q1nTEyGxEj7ifaBLgAAACMAARAD.jpg
5720,BLR-7025,PXhnsQ6BSAW7VRUKjS1fswAAACMAARAD.jpg
5436,BLR-6987,PYrwUO2kSf-haM-g_0mCPAAAACMAARAD.jpg
5757,BLR-7029,PYuk0PscTpKyg5nsQBOYZgAAACMAARAD.jpg
5957,BLR-7056,p_poUnC6T06GTFnucmRJSwAAACMAARAD.jpg
566,BLR-6155,p_xAF_EDSJW56LhW_uuQHwAAACMAARAD.jpg
2262,BLR-6560,Q-Ui1F3CTPetIHuong3QjQAAACMAARAD.jpg
1950,BLR-6518,Q0r2kL0XSsKyoomTy1NQ6wAAACMAARAD.jpg
4734,BLR-6899,q1IsCWr_T7algyEZ-K5ACgAAACMAARAD.jpg
70,BLR-6071,Q1Xej0F4R0uuyDUCymeEXwAAACMAARAD.jpg
1759,BLR-6478,q1_HR22jTgyN-plxamRamwAAACMAARAD.jpg
1550,BLR-6269,Q3P78v-cS2-UuDDbsdRM0wAAACMAARAD.jpg
1680,BLR-6399,Q4XHVQsgRY6CvuyAthjeZwAAACMAARAD.jpg
38,BLR-6039,q6MLjJ9iQvqIZJhmpHccBQAAACMAARAD.jpg
3511,BLR-6721,q6vD56CKS-6VkOu1EjEG0QAAACMAARAD.jpg
2957,BLR-6649,Q7AAXg0vRkeEypg7Kn2lswAAACMAARAD.jpg
2831,BLR-6631,q8OuXrzFROWSInNgDQG3jwAAACMAARAD.jpg
5284,BLR-6961,q98i1K1VS8OTs_cwaSlC2gAAACMAARAD.jpg
1933,BLR-6513,Q9f-qnk2SlCXkkJu3PP9qAAAACMAARAD.jpg
1935,BLR-6515,QALIxwWDRP-dS-613LOZFQAAACMAARAD.jpg
4338,BLR-6845,qanlf7JOT92Eih6CbvnScQAAACMAARAD.jpg
2278,BLR-6564,qBOSIAahS96C4hlqsXygbQAAACMAARAD.jpg
85,BLR-6086,QBVPgfagSrmRib_t9X9NfAAAACMAARAD.jpg
2067,BLR-6536,QbxJNTixTJ-96_AUONjKawAAACMAARAD.jpg
1683,BLR-6402,QdAmQzlhT8m6HpaL6Y2M1AAAACMAARAD.jpg
1684,BLR-6403,QdSRGoxIQCWzUvZIGY5SgQAAACMAARAD.jpg
3546,BLR-6730,qDxbnKsGQGag9DBtcWtlyQAAACMAARAD.jpg
5971,BLR-7060,QdzTTlrGTCCQ1F9xM9w-rwAAACMAARED.jpg
5086,BLR-6943,qEeVuMw7RD2eC-faomMQsgAAACMAARAD.jpg
5380,BLR-6979,QeIOzBzvT9-tTtMLapx5TQAAACMAARAD.jpg
3734,BLR-6755,QemPmgrtQ0-aWozkhbX_kgAAACMAARAD.jpg
5284,BLR-6961,QEn0Pf9QReGjfxipjrIWZQAAACMAARAD.jpg
5636,BLR-7014,QEqh4Jk4SsqmL6upthIf2AAAACMAARAD.jpg
1713,BLR-6432,qg1H0mtTQ2W-d08yoGMUmAAAACMAARAD.jpg
5722,BLR-7027,qgavx9MpTKmRS4fnYbYGyQAAACMAARAD.jpg
1681,BLR-6400,QGcp0dRKSfG97ELTnq5gGwAAACMAARAD.jpg
81,BLR-6082,qGLKtLD7TMeM-UqPEGqLwAAAACMAARAD.jpg
5858,BLR-7047,qHnFLmDMQMiYxAn70xvcRwAAACMAARAD.jpg
3616,BLR-6740,QhNmcgB8StyFo88OhTDcWgAAACMAARAD.jpg
1468,BLR-6187,QIOkXKeKQzigfSvTq3omCgAAACMAARAD.jpg
5859,BLR-7048,QiREoZZIR4-HVb2IYPQWXwAAACMAARED.jpg
4669,BLR-6886,QIutiZwlRDeS_ewtYKOPGAAAACMAARAD.jpg
1869,BLR-6503,Qj9hOr7HSnyAz-qTdaIfJwAAACMAARAD.jpg
2072,BLR-6537,QJhP0DQvQHSZi391v0tonQAAACMAARAD.jpg
4107,BLR-6807,QJi4f0MNSUyg669wn_Jg-gAAACMAARAD.jpg
1682,BLR-6401,QJOeWqbBQzC7cKbmrX4GAwAAACMAARED.jpg
1685,BLR-6404,Qkf75wlcSfuVK7s3vQePMAAAACMAARAD.jpg
3863,BLR-6773,QlbY4Ia9RGSiyNHMUlcv5QAAACMAARAD.jpg
1757,BLR-6476,qlPqMsmnSdW4TOkvb9FZcAAAACMAARAD.jpg
5359,BLR-6974,qo2a8ZWiSSqUO1_B29LxlAAAACMAARAD.jpg
4911,BLR-6920,QOlmJEjCReyi8wAC154xsAAAACMAARAD.jpg
1751,BLR-6470,qOtPPGC9T7uB6-mBDp696gAAACMAARAD.jpg
5869,BLR-7050,qOv8xeZkRVeDHmMZ8t0QaAAAACMAARAD.jpg
5508,BLR-6997,qP3GUgzqRm-M1v7d6lwqSgAAACMAARAD.jpg
5842,BLR-7045,QQxyNEuVSAWRtd0Fk3TSiAAAACMAARAD.jpg
4474,BLR-6864,qrE1dZ4pTzK89galHjUWIgAAACMAARAD.jpg
1686,BLR-6405,QrK43iaTT8CmH_zi-wnYagAAACMAARAD.jpg
5800,BLR-7036,qt9ydc-FTHqABlnv0E338AAAACMAARAD.jpg
4141,BLR-6813,qucwkWUyS4iZ05Dp4O1dtQAAACMAARAD.jpg
1939,BLR-6517,QUm7Z13wT3aHmbD6Cr6A7QAAACMAARAD.jpg
35,BLR-6036,QVFc13xcSWGlCOzzDsvE5wAAACMAARAD.jpg
5859,BLR-7048,qvyQGoFhTm69RSHS-41E9QAAACMAARAD.jpg
2882,BLR-6639,qWxKyEV1SWmKiGdcpwst1gAAACMAARAD.jpg
1512,BLR-6231,Qxp1j4zWSTGXiymlXHBHgQAAACMAARAD.jpg
2162,BLR-6549,QyKUNnJLRDiEo8lQ0W6Y3AAAACMAARAD.jpg
5941,BLR-7054,qyqNN_HDShqToEUCAcDKYQAAACMAARAD.jpg
4273,BLR-6833,r0bCr4b2R2qChfaguNXpsQAAACMAARAD.jpg
1687,BLR-6406,R0dATBHpRSiCC5G7YxnleAAAACMAARAD.jpg
4220,BLR-6827,r128ZU43QOi1jabOJQuJ3QAAACMAARAD.jpg
3967,BLR-6786,R1Iobn6STaGmiizCAlzXYgAAACMAARAD.jpg
3140,BLR-6671,r1rLXXX3S1OlxZzq7aniRQAAACMAARAD.jpg
5285,BLR-6962,r1vphDDPSsWKScZzGH9VXAAAACMAARAD.jpg
2547,BLR-6601,R3Ov-kp9QXa4fx5zgy_6LAAAACMAARAD.jpg
64,BLR-6065,R4EK3Ty6QRebnlwzwXmG3gAAACMAARAD.jpg
3415,BLR-6712,r4PVI1MlTPG4PBEVkFF5-AAAACMAARAD.jpg
18,BLR-6019,r5q809uJQU6HYDf4JvEHqQAAACMAARAD.jpg
1758,BLR-6477,r6-dLEgxRJuWOiJAzN8tEAAAACMAARAD.jpg
1507,BLR-6226,r6X6XWClQ5y88xr3IFonbgAAACMAARAD.jpg
5480,BLR-6992,r79fTo6bTwaH6HWPDmvSuAAAACMAARAD.jpg
1538,BLR-6257,r7Bhqb5tQj2jt33AD7MfBwAAACMAARAD.jpg
4252,BLR-6832,R9BTB7V4RraDFEuPTSJNBgAAACMAARAD.jpg
1798,BLR-6493,R9gRcvtsSvOIGqrn6MTQ6gAAACMAARAD.jpg
3361,BLR-6703,Ra0JrHAPQd-an2TDIJFF5wAAACMAARAD.jpg
4117,BLR-6809,rAcvGjYHSnSwvusbwMSkBAAAACMAARAD.jpg
1469,BLR-6188,rbjqpI2QTFGGuUNfTmnJgwAAACMAARAD.jpg
4853,BLR-6913,rbSOtQHnTiq3hlEMy173mgAAACMAARAD.jpg
1515,BLR-6234,rBw0wUvyRzeC4YSKd30GZQAAACMAARAD.jpg
4824,BLR-6909,rC2V-F6FRRu74PioLZZS3wAAACMAARAD.jpg
3408,BLR-6711,rcwh5_JeQaGHftks4VJ2QwAAACMAARAD.jpg
3145,BLR-6672,rdKnRZxQT3avnPqHT2hYQAAAACMAARAD.jpg
1749,BLR-6468,rDVaX7KjTjeJtGcEGrZwfgAAACMAARAD.jpg
1688,BLR-6407,REgcBt6RSROzFu5WUlLBpgAAACMAARAD.jpg
4549,BLR-6871,Rek1nQn5SxKhz9hT59uTMAAAACMAARAD.jpg
1680,BLR-6399,rEKH5mauQMCeNm4wDrFfGAAAACMAARAD.jpg
1912,BLR-6510,REp3bsFUT-i6UCUKpFoWpQAAACMAARAD.jpg
1470,BLR-6189,rER2wk1ZSkaDeS9sxJbG4QAAACMAARAD.jpg
5124,BLR-6947,REyzvWQ9Sq6vMXZgtIBBpgAAACMAARAD.jpg
5523,BLR-6999,rf-HuovDQn2ATB9Gh2ZvcwAAACMAARAD.jpg
5628,BLR-7012,Rf7tyWImSdOeNPLdNNw81AAAACMAARAD.jpg
4669,BLR-6886,rfEnBTMcRNG8gyOBmdIdmwAAACMAARAD.jpg
5427,BLR-6986,rFO8a7biS8aCBtQ77gqasgAAACMAARAD.jpg
1762,BLR-6481,rGu7Vg3LRk2ZTAuNRy3RAgAAACMAARAD.jpg
2225,BLR-6555,RH5jZgFURN2VEzXFTCfvXQAAACMAARAD.jpg
4298,BLR-6838,RHxuqP3uSpynndHyGelQ2AAAACMAARAD.jpg
5352,BLR-6973,rIiEVFpcQ1idlVeV42cdpQAAACMAARAD.jpg
5814,BLR-7038,RIZCEXosSOm6gQj1pn6RSAAAACMAARAD.jpg
2033,BLR-6531,rJ7ZQLZfR1KQTUl1EWHTIgAAACMAARAD.jpg
5998,BLR-7063,RJaJONp-R9-6Wg29qPh_MQAAACMAARAD.jpg
5625,BLR-7011,Rkc6HMMeQl-M61il9DO3NwAAACMAARAD.jpg
31,BLR-6032,RKJAj1YoRjC2dsRPBILjswAAACMAARAD.jpg
3819,BLR-6766,RKz0EIZQQJOt8Wm4YICA-wAAACMAARAD.jpg
37,BLR-6038,Rk_wd_64R8aBVjwjgJ4YpwAAACMAARAD.jpg
4734,BLR-6899,RlgFoW6vT8anTzkhfekzTgAAACMAARAD.jpg
4312,BLR-6841,rLJfWGiGRAS_JVlzjgRcqgAAACMAARAD.jpg
4306,BLR-6840,rm5ZF5cXSU25iKIjJpna4wAAACMAARED.jpg
5888,BLR-7052,rMWpilyUToW_ESjYFAiCGwAAACMAARAD.jpg
1689,BLR-6408,Rn8WjwfSQvGzzTt6n61sQwAAACMAARAD.jpg
4809,BLR-6905,Rnp1NpqNTyqkW8JvE1FumwAAACMAARAD.jpg
4729,BLR-6897,roHeIeE_SNS6Y694pQbDqAAAACMAARAD.jpg
5222,BLR-6959,rOL2L2vvSJSXJbZUdFH-pQAAACMAARAD.jpg
3724,BLR-6753,rovw_GrAQOSHEi-L201IugAAACMAARAD.jpg
3776,BLR-6760,roYOBuvNTZmZZA74IbQtLwAAACMAARAD.jpg
2523,BLR-6598,rPmsr2dATOaBNCDgq9O9YQAAACMAARAD.jpg
3794,BLR-6763,rQtKRQhXSmivgPXosfC3aQAAACMAARAD.jpg
1525,BLR-6244,RquVxigaT0iaIzi2803OpQAAACMAARAD.jpg
4716,BLR-6896,rtb-78tjQMKgTPyxZTrbpwAAACMAARAD.jpg
1690,BLR-6409,Ruxe3ZsKS9yuxwfhDwKdrQAAACMAARAD.jpg
5480,BLR-6992,Rv-3BnEnSf6gD51tXXer2wAAACMAARAD.jpg
1716,BLR-6435,rW0NBcyDTB-T8QCXz-m1HgAAACMAARAD.jpg
4050,BLR-6802,RWkjawS-SkCKoD_7xUo8xwAAACMAARAD.jpg
2685,BLR-6613,rX32t-FTSIKybmGPjEUIEwAAACMAARAD.jpg
3544,BLR-6729,RxbCCnPDQwCPA8xpU5L2NAAAACMAARAD.jpg
5932,BLR-7053,rXxlFn69QMONIxtgsZJajQAAACMAARAD.jpg
5460,BLR-6991,RYN9ln__SAumeIg3PaMP8wAAACMAARAD.jpg
116,BLR-6117,RYR1C9XvRIGuAIjASCYziwAAACMAARAD.jpg
1743,BLR-6462,rYuhNssaRWKFeGwPs20zTwAAACMAARAD.jpg
5965,BLR-7058,RZ0pi9gnRguCbwW_2IFLegAAACMAARAD.jpg
5582,BLR-7004,rzL2DfumQwGQPSX2ijqbAgAAACMAARAD.jpg
3736,BLR-6757,R_lIr9HoSymBv2GkWbgVFgAAACMAARAD.jpg
4819,BLR-6907,R_oIfZwPTAq3nETAkv-d4AAAACMAARAD.jpg
3362,BLR-6704,R_Oz5g5NSgSNKdk1AL1XtwAAACMAARAD.jpg
5322,BLR-6969,r_UlzOqUT5CofgPwnAbzaAAAACMAARAD.jpg
5824,BLR-7040,s-goRr4zRqihodt8c49wvwAAACMAARAD.jpg
4762,BLR-6901,S0765D_ySsCgxbOjd4gCbAAAACMAARAD.jpg
2087,BLR-6541,S1dSCIzST3K2AaZm3WxJSgAAACMAARAD.jpg
3674,BLR-6747,S25MaRMMQ_iWrjC-_Sh1RgAAACMAARAD.jpg
4161,BLR-6818,S31wIYJgS7eahM57KOuGIgAAACMAARAD.jpg
2043,BLR-6533,s5GYV6AyS-uaeeDVYN5o_AAAACMAARAD.jpg
5998,BLR-7063,s5_LPbJATXy82lMu1uSeJQAAACMAARAD.jpg
4622,BLR-6879,s6BJNx6SSB6vRNFSH98CCwAAACMAARAD.jpg
4150,BLR-6815,s6mLsTa9TpCqY7bx7vbfoQAAACMAARAD.jpg
2030,BLR-6529,s8UvnMH6SFOvVVpaPL1ntgAAACMAARAD.jpg
5503,BLR-6996,S8VMt_6RSAemQNBbYQSn9gAAACMAARAD.jpg
3880,BLR-6776,Sa8W3pgLRuauJZnlupIBHQAAACMAARAD.jpg
1856,BLR-6499,sboM_F5wRRSC-VSOtFl2OAAAACMAARAD.jpg
1539,BLR-6258,sBRQhsFLQq6Z6RDBCYpUpwAAACMAARAD.jpg
5569,BLR-7002,sCLq_RhFS1iTt9PXEPXfdQAAACMAARAD.jpg
3338,BLR-6697,sCqU4OgkR2apaFQJwtUCOwAAACMAARAD.jpg
1691,BLR-6410,SDAr2eMbRKaBf5BtobSNhQAAACMAARAD.jpg
2654,BLR-6609,sdC5Ys0iSs2VVE6I9DrvHQAAACMAARAD.jpg
5591,BLR-7007,sdCQ0E61RLyy_u1yQZRi7gAAACMAARAD.jpg
2502,BLR-6593,sddR9LryQZehnp7sNJh-pgAAACMAARAD.jpg
5442,BLR-6989,SFDtsDrXS5eUQ99AnPG4YQAAACMAARAD.jpg
2517,BLR-6595,sGW4FlZFQFK_FgDrjQqjXgAAACMAARAD.jpg
5966,BLR-7059,shv8oNWbQzuuIU83B0uJKAAAACMAARAD.jpg
2072,BLR-6537,sirI5LrcSOOMBzrBCLquFQAAACMAARAD.jpg
2710,BLR-6616,SJArJT6LSoeLxB2uQb_akgAAACMAARAD.jpg
5390,BLR-6982,skcerCtFSgyPDWyMer9VVAAAACMAARAD.jpg
4912,BLR-6921,sKekDS7gTa-3ZNKb0zn5pQAAACMAARAD.jpg
2547,BLR-6601,SkUSir7oTPqOWyVEREsopwAAACMAARAD.jpg
4234,BLR-6828,Sl5jZE8mRpWkhisthGySfAAAACMAARAD.jpg
1781,BLR-6490,sM7cbs-uQw2yT6JFxJVDMQAAACMAARAD.jpg
5591,BLR-7007,SmETf96iTw63WbnvK3W_YAAAACMAARAD.jpg
1967,BLR-6521,SMu8PEhPSQKTs8ZUIWYojAAAACMAARAD.jpg
4150,BLR-6815,smw7jfsRTj2tlSvk02kdqAAAACMAARAD.jpg
1464,BLR-6183,Smz1ajB8RQu7r0vCE2PMmwAAACMAARAD.jpg
3546,BLR-6730,SnPE8USTTWeUwRE_2qCbJwAAACMAARAD.jpg
133,BLR-6134,SNqcO_uSToSxo2YQewjytgAAACMAARAD.jpg
2121,BLR-6543,so982-zyTz6Hly-dHBrjHgAAACMAARAD.jpg
67,BLR-6068,SOAXBQXMSK-BIhjtvfHKIAAAACMAARAD.jpg
1459,BLR-6178,SOtiKj0eRiyqX7JglCEiRgAAACMAARAD.jpg
4155,BLR-6817,sp-0zzzHSsuWxaqSCICF2gAAACMAARAD.jpg
1785,BLR-6491,sPBvJuzrSGyankEK4WBGTAAAACMAARAD.jpg
1798,BLR-6493,SpiajXWzQ8WeB3xsuedwfgAAACMAARAD.jpg
5722,BLR-7027,spShQhU4QW2E7C_-GrtwBwAAACMAARAD.jpg
3400,BLR-6707,SPZEvy7WR0mLZ84CkIe6vgAAACMAARAD.jpg
3100,BLR-6669,Sq4bm-79T5O5eQFIKZ1x_wAAACMAARAD.jpg
5130,BLR-6949,sQG69wNiRwqvefmAw-M4nAAAACMAARAD.jpg
4785,BLR-6903,sql-TCliSM285z_0yj8z1wAAACMAARAD.jpg
2408,BLR-6583,sQu5KTudRASUYHTtS971CgAAACMAARAD.jpg
142,BLR-6143,srg93w4WSJ2LKlCcJWhI-wAAACMAARAD.jpg
4204,BLR-6824,srpElNtiSFGcyZTmajRVrwAAACMAARAD.jpg
1509,BLR-6228,SRPvgWLQSjuX1m92klEJ-gAAACMAARAD.jpg
5386,BLR-6981,sRuzf6V9RR644n_LEjt8yAAAACMAARAD.jpg
1692,BLR-6411,Ss4WljOtSNuO4HwqXsyv5gAAACMAARAD.jpg
4614,BLR-6877,STvLBwXOSb2Xc0LqiGZeagAAACMAARAD.jpg
2413,BLR-6584,SuCpRr74S22M9e2GQ7QKkwAAACMAARAD.jpg
4216,BLR-6825,suQ8M2y1T9CR3kvadbgjmQAAACMAARAD.jpg
1693,BLR-6412,Svn49sTiQeq7PSMPZ7nwQQAAACMAARAD.jpg
2869,BLR-6635,SvpGRhmiTqGOR-GDHIrHVAAAACMAARAD.jpg
1670,BLR-6389,sw3NOS9SR9CulJYFX-fNZQAAACMAARAD.jpg
5043,BLR-6938,SwDu2rsARMaBdCA824PDLgAAACMAARAD.jpg
4273,BLR-6833,SwIWKJWKTU-ub5LLb2YzFQAAACMAARAD.jpg
3953,BLR-6783,SWluRl2_SYqBVlONl56_ZQAAACMAARAD.jpg
5956,BLR-7055,sXCLxmKsRfaVAGlXbY1y3wAAACMAARAD.jpg
1753,BLR-6472,sxr5rbjoS3yPFw_zlnvKMAAAACMAARAD.jpg
4465,BLR-6863,SXvZC5YBRu6Xf9R4MeWyywAAACMAARAD.jpg
4993,BLR-6930,SyHDkmBsSE2NTlJYf1_N_wAAACMAARAD.jpg
1910,BLR-6509,syL3ypOCR3O0i74c_sZtnwAAACMAARAD.jpg
3605,BLR-6738,SZeAtZJLTkue55fETia32wAAACMAARAD.jpg
4134,BLR-6811,S__nPpAjSYiSeTsePk-k-QAAACMAARAD.jpg
5071,BLR-6941,t-FOejWKRCOI-8u8DIZo1wAAACMAARAD.jpg
5146,BLR-6952,T0lDsiOwSrWV1tyLTPOUuQAAACMAARAD.jpg
4335,BLR-6844,t0SF37M2SNajWSAtaFXnWgAAACMAARAD.jpg
4448,BLR-6859,t0sxG-tJRdOTZQ5ZaGES4wAAACMAARAD.jpg
2983,BLR-6655,T1C92ERpQJShQOq8bY2ANwAAACMAARAD.jpg
5263,BLR-6960,T1vrMolrSYeGrbYHbwd_TAAAACMAARAD.jpg
4664,BLR-6885,T23k5XQgQyyZpsxkWYKbOgAAACMAARAD.jpg
5932,BLR-7053,T3Ow5yM2ThqSP6KFh8RfwAAAACMAARAD.jpg
2536,BLR-6600,T3sObvTaRQqANRzpZi83RAAAACMAARAD.jpg
3631,BLR-6743,T61kZWM_QyyjVO_zDw9ungAAACMAARAD.jpg
3829,BLR-6768,T64m08sZSTyxuDsa5PYOwgAAACMAARAD.jpg
4246,BLR-6830,T6rScEwHSjutxGtSDbm50AAAACMAARAD.jpg
5779,BLR-7033,t7OjT-JkTe-fdqtZnMC8oAAAACMAARAD.jpg
45,BLR-6046,T7QboMPLQXSd73r7eNNf-QAAACMAARAD.jpg
3731,BLR-6754,t81Jr_6LRcmtTcTh2G8BpAAAACMAARAD.jpg
2263,BLR-6561,ta84pcxQSyq_HDH0Lfad3AAAACMAARAD.jpg
3794,BLR-6763,Tabk9kg9TgCBqHSd6P2Q4gAAACMAARAD.jpg
4017,BLR-6795,TAN2X5RSQnaCYxQKRGkt2QAAACMAARAD.jpg
5375,BLR-6977,tbdbr-lsTVu-9-ERy45QuQAAACMAARAD.jpg
3848,BLR-6770,tbKGX4TfRmyDcxc43kPQ9QAAACMAARAD.jpg
4465,BLR-6863,TbQkTMBTRO-4ow0aWrDy-AAAACMAARAD.jpg
1683,BLR-6402,tCklP_YvQSqi5Ou8t3jxkAAAACMAARAD.jpg
5508,BLR-6997,TDH-rJm-TV6tl4NRE2F85wAAACMAARAD.jpg
1729,BLR-6448,tDKGsrPBTDOssAzFX5EMzQAAACMAARAD.jpg
5124,BLR-6947,tDsoVEAFSH-VEcgCp32BfAAAACMAARAD.jpg
1694,BLR-6413,TEFLQnvgTku-QxWThxexbAAAACMAARAD.jpg
4614,BLR-6877,tfi6MjcXSqyG8ecs-8uIPwAAACMAARAD.jpg
5364,BLR-6975,tHBOHJtGRSufcK8qYJII6QAAACMAARAD.jpg
1688,BLR-6407,THJbMa-4QLiF5QxCuAW7MAAAACMAARAD.jpg
1734,BLR-6453,thU5wSJ1Ts2QoPbM-uA5swAAACMAARAD.jpg
2831,BLR-6631,TJ1lIJI0Tfe6eK8efcqbnQAAACMAARAD.jpg
5628,BLR-7012,tjAEi3wKTxKGmCTKTlhASAAAACMAARAD.jpg
5757,BLR-7029,tJDuEYiaTTSKF7b-QNnRbgAAACMAARAD.jpg
5861,BLR-7049,tk4mOGEERLCxkiRM1WOXuwAAACMAARAD.jpg
1924,BLR-6512,tkT1cBkiQHC25qHtYYbg-gAAACMAARAD.jpg
1692,BLR-6411,TlYzuednQJOQjPAWQMjr4wAAACMAARAD.jpg
2428,BLR-6585,tML96aX4Tee9WeAOK6I00QAAACMAARAD.jpg
3736,BLR-6757,TmNZdOMjQ8WgU8JPq49y9AAAACMAARAD.jpg
3473,BLR-6718,TmoEBCLMSDeYgMZanW06LAAAACMAARAD.jpg
1765,BLR-6484,tMvkhFo3TWeaCb9-TgxmoQAAACMAARAD.jpg
4869,BLR-6916,tmYA3zhqS86uaUN_x32mTQAAACMAARAD.jpg
2616,BLR-6604,TNjBPxlXQ_KrbRV5UR3xLAAAACMAARAD.jpg
4429,BLR-6857,TNW45v_oQUOZI-2fDIoSvgAAACMAARAD.jpg
2076,BLR-6538,ToTZyCcNSaeSoUVmtMnz4QAAACMAARAD.jpg
4702,BLR-6893,tP4JamvsT6O9Q6iLRSKBvwAAACMAARAD.jpg
3094,BLR-6668,TpCaaafFT7uLVIquQtNJygAAACMAARAD.jpg
1785,BLR-6491,tpD7HMHdSwiW8lRHokXsRwAAACMAARAD.jpg
5759,BLR-7030,tQd1XCVwSy27_2CRPo0NAAAAACMAARAD.jpg
1978,BLR-6522,tQN--iWhSASSgHXUmhJT6gAAACMAARAD.jpg
1696,BLR-6415,Tr7S0JNeQT-Mh3GdzUO5jQAAACMAARAD.jpg
5442,BLR-6989,tryK_nLnQ_epTTww_XVz9gAAACMAARAD.jpg
5965,BLR-7058,Tt0AYk7ASkeS8q4TGaZ2FAAAACMAARAD.jpg
4401,BLR-6852,TU-0CglSR7uWscU_KvQozQAAACMAARAD.jpg
2676,BLR-6612,tvDcjj5CQL-3nDZpnt22EQAAACMAARAD.jpg
3251,BLR-6687,tvKatj22Qlyw3Ib5d38N6wAAACMAARAD.jpg
1695,BLR-6414,TVQPBVnGRaCuWaFLQpPuIwAAACMAARAD.jpg
1504,BLR-6223,twl6wrAhQdKSzuf0qS7EmgAAACMAARAD.jpg
1487,BLR-6206,TX-FAyiRSZ2wM7PLo85zwQAAACMAARAD.jpg
2773,BLR-6625,tXsUUvyPRaSFzv9CXIde0AAAACMAARAD.jpg
1552,BLR-6271,TXUWRhIJSIaVE22TTIDOGgAAACMAARAD.jpg
1697,BLR-6416,Tye251wZTvCEZluDfObpdwAAACMAARAD.jpg
5722,BLR-7027,tZ9Ffj0eTdiamVFL64HrAwAAACMAARAD.jpg
5569,BLR-7002,U-uXmc82RFe0uB8wtYZ_9AAAACMAARAD.jpg
2616,BLR-6604,u0lgPH02SdiQOecxh39F2gAAACMAARAD.jpg
5956,BLR-7055,U1EDgPaORkycuNu19c1crAAAACMAARAD.jpg
3355,BLR-6701,u1xVyKnLRjCUURSRQxeJHAAAACMAARAD.jpg
3953,BLR-6783,u2H2mrxNSM2aVJiLLVnkRwAAACMAARAD.jpg
3584,BLR-6734,u2Qy5XeUQRSDPGcK9rgk6wAAACMAARAD.jpg
3223,BLR-6684,u2vh_mnNQ9qxEhtYUOPQxgAAACMAARAD.jpg
1698,BLR-6417,U5M6pNpAQ-WtBhZ4l94kpQAAACMAARAD.jpg
2337,BLR-6571,U5xuFMFQRyu0S30iTwpz3wAAACMAARAD.jpg
27,BLR-6028,U6vyZMADQ8e3KzJ1339Q5wAAACMAARAD.jpg
2212,BLR-6552,u7iCA9bRSo-88LXL-u2q-QAAACMAARAD.jpg
5111,BLR-6946,UaA09wOsRhOb1tYgDrWg4QAAACMAARAD.jpg
4806,BLR-6904,uaFaywS6TTuNeM2pZpsD4QAAACMAARAD.jpg
2011,BLR-6527,UARBndKEQTaHU-3RY-CaTgAAACMAARAD.jpg
5861,BLR-7049,UB-NZRT8SxapdoqCNWuvvAAAACMAARAD.jpg
1693,BLR-6412,UBi6qyugTg-0m9rmbLwA4QAAACMAARAD.jpg
4663,BLR-6884,UbmCCSuXSn2oLeVfmmbu-AAAACMAARAD.jpg
1701,BLR-6420,UcG5ml3wTdmv-fwMTNfengAAACMAARAD.jpg
1792,BLR-6492,UcKId7c0R0mFqWhve68rrwAAACMAARAD.jpg
4234,BLR-6828,Ud0AHxCETBu5b0uVVM-chwAAACMAARAD.jpg
3546,BLR-6730,Udaw4euYQu2YOAYAjoANqgAAACMAARAD.jpg
134,BLR-6135,ue-sGy7OS_CTzRlHfpNKOAAAACMAARAD.jpg
4938,BLR-6924,Ue3nY7pzQEivwLE7Vgj4BAAAACMAARAD.jpg
1699,BLR-6418,UFau3k7dSAaft0BPU44UdgAAACMAARAD.jpg
4089,BLR-6804,UFEvwPUEQ3CUO3BHOkUV0AAAACMAARAD.jpg
3022,BLR-6663,ug0SqLouRcGPncbIvBJLTAAAACMAARAD.jpg
4641,BLR-6880,uGDiWc0qTvefnD_Wo7SFogAAACMAARAD.jpg
2319,BLR-6569,uGi_7y_KTfOKCBABLqNl8gAAACMAARAD.jpg
5842,BLR-7045,UGSrDzPcQN2snR0B29V38AAAACMAARAD.jpg
1700,BLR-6419,UHfZDB5dSHCCLA5c1jcSMwAAACMAARAD.jpg
5759,BLR-7030,uI5fw6x6QLSNO_eB4fXEZwAAACMAARAD.jpg
5285,BLR-6962,uiJsIuM1QeqBcJeipKbzSwAAACMAARAD.jpg
2413,BLR-6584,uiXpGef4SmCaIwlsqceaAwAAACMAARAD.jpg
1702,BLR-6421,UjMOtW4uR8y7X1xY1Q9eJgAAACMAARAD.jpg
5782,BLR-7034,uKy0yW2aSKGHTpR2lfUysQAAACMAARAD.jpg
124,BLR-6125,ULiY9tovSoauekIG4tHfkAAAACMAARAD.jpg
2031,BLR-6530,UNMuPviJRgensf5LRcdO1QAAACMAARAD.jpg
1725,BLR-6444,uNSxLzhVRKaOlqO-1dgMTwAAACMAARAD.jpg
5720,BLR-7025,unXpdCHiSwq1IsIo2bI8PAAAACMAARAD.jpg
1895,BLR-6507,unZvTxBfR4iDuKuK56Ot2wAAACMAARAD.jpg
1703,BLR-6422,Uo15CVIpQbS37ZW-piTR0QAAACMAARAD.jpg
73,BLR-6074,uoNkLPGnRNOqH_yV42o3QQAAACMAARAD.jpg
5534,BLR-7000,UPA1fFbKQluMY6zDcxKfuQAAACMAARAD.jpg
5111,BLR-6946,uPI36XUuRuyxfacxv9k2GQAAACMAARAD.jpg
4680,BLR-6889,upQef-PDT8uPgswSbuHdGgAAACMAARAD.jpg
5584,BLR-7005,UPRHoV_JQ3O_dsd2q-p8-AAAACMAARAD.jpg
2816,BLR-6629,upVgeWPeSVqX7NG-fhHvzAAAACMAARAD.jpg
4295,BLR-6837,uPZHVyLASACxrnLsAgPuEwAAACMAARAD.jpg
5584,BLR-7005,UpZNm85ASyWzTUKdpSvc0gAAACMAARAD.jpg
577,BLR-6156,UQ9u7m5_SKCRhyFfP10LDwAAACMAARAD.jpg
4663,BLR-6884,uQFpCO5fT3Koqi76GmyeDgAAACMAARAD.jpg
5092,BLR-6944,uqVh6D0YT8Org99XBvh3FAAAACMAARAD.jpg
5193,BLR-6954,uQYaU8H2QICbR2_aYFy6TgAAACMAARAD.jpg
4401,BLR-6852,uRk17brsRSefgGJBw4OJ1QAAACMAARAD.jpg
3593,BLR-6736,UsG-IrOuSYKbXID9NNRamAAAACMAARAD.jpg
1995,BLR-6524,uSl82ZGqT8Sw_h0Z38JO0QAAACMAARAD.jpg
3697,BLR-6749,usrmMx_GRba2kYf0d-OO1QAAACMAARAD.jpg
4247,BLR-6831,UsXgPuhRRAqWIGseGT8mPwAAACMAARAD.jpg
1766,BLR-6485,uT-4WICFQBGJuay78l7FUgAAACMAARAD.jpg
452,BLR-6151,UuilqR07TCGzQs2pHRMKvwAAACMAARAD.jpg
2994,BLR-6658,UUyWOdpyT3m2sSmx_g9QhQAAACMAARAD.jpg
4474,BLR-6864,UvOUwksXSHeyLeHGeFzyjwAAACMAARAD.jpg
2081,BLR-6539,UW5Wm8GgSvejG5gToFpXNgAAACMAARAD.jpg
3893,BLR-6778,UW882mh0TDmgT7-UorDYhwAAACMAARAD.jpg
5842,BLR-7045,uwbM_KZaT4WXCQZJ66Ib_QAAACMAARAD.jpg
4273,BLR-6833,uwrlCYgYQaqUFnv7RFZ34QAAACMAARAD.jpg
3415,BLR-6712,UwYxRYBZTlWeneLWntuWjQAAACMAARAD.jpg
1920,BLR-6511,uX6TYGtISJyOsRZHyYwNbAAAACMAARAD.jpg
5043,BLR-6938,Ux94kFq0Tli-xFVAblKkswAAACMAARAD.jpg
5824,BLR-7040,uxwfx91iR5GKZanJd9Z42wAAACMAARAD.jpg
1767,BLR-6486,uY0fLay0RrqQXzZGt9dVuAAAACMAARAD.jpg
4806,BLR-6904,UyDYNcj6SCqcJpFG7Wk8XwAAACMAARAD.jpg
1792,BLR-6492,uYlCxpMHTeWEtno0puSPFAAAACMAARAD.jpg
3408,BLR-6711,uZH9VkjBR6yMZaDQmotlbAAAACMAARAD.jpg
1939,BLR-6517,u_DNia8yRA6pjC8sVSE9zAAAACMAARAD.jpg
59,BLR-6060,V-iR_1iIReymXFdIZuNSmAAAACMAARAD.jpg
2518,BLR-6596,V-p_GXoiTn2M5dwFlAqDogAAACMAARAD.jpg
2347,BLR-6573,v1aFbJ5-SIOPB50esmdG5gAAACMAARAD.jpg
5408,BLR-6983,V1hmBp5rTMKQP-nCgSMrdgAAACMAARAD.jpg
1704,BLR-6423,V1YjXZ1QT3OilkzLaVO2ZQAAACMAARAD.jpg
3268,BLR-6688,v3Fmp6cKTmedJqNJ5fgq7wAAACMAARAD.jpg
2881,BLR-6638,v3jVzFsjTSGSr6YrVI4RvgAAACMAARAD.jpg
3744,BLR-6758,V4U01RoxQX-ldp1dUAWoDQAAACMAARAD.jpg
5380,BLR-6979,v6j7wYw_StSRC9rWEl_zdQAAACMAARAD.jpg
4622,BLR-6879,V8hwqSnQTSijjjAH6DxvGgAAACMAARAD.jpg
2979,BLR-6653,V8wIuRLyR5SFqYmlEE3yIAAAACMAARAD.jpg
1705,BLR-6424,VADjlhZMQ_acq0_NATLmJAAAACMAARAD.jpg
5375,BLR-6977,VAjY3KrFTKGtFhrNwUKAQgAAACMAARAD.jpg
3422,BLR-6713,VaOdXj0xSqKbv-hDxlVRMQAAACMAARAD.jpg
1396,BLR-6171,VAtWzrPpTretoKqZprDRSwAAACMAARAD.jpg
5625,BLR-7011,VBelDTUsSOa_WDtLCujT-QAAACMAARAD.jpg
4154,BLR-6816,vBqnteAcRxG7D1Z7zp_trwAAACMAARAD.jpg
2880,BLR-6637,Vbt5fUPuToeRlQBKDE2fmgAAACMAARAD.jpg
4402,BLR-6853,Vc8DE7b1RsSt1TaDW3-vuQAAACMAARAD.jpg
1856,BLR-6499,vCBy5v8ZTxmhIT_ho-n6uwAAACMAARAD.jpg
3724,BLR-6753,VcdJgZnSTGuamfCXXXnLAgAAACMAARAD.jpg
1707,BLR-6426,Vd1aewJ9SQCHDabVfoJsrQAAACMAARAD.jpg
2895,BLR-6640,VdJOR0iKSWSXd3i4K4WfnAAAACMAARAD.jpg
5380,BLR-6979,vdKRT3XaQD2xfgJoOrJZJwAAACMAARAD.jpg
3863,BLR-6773,VdprWgrtRYSMl8XTAjO_OwAAACMAARAD.jpg
2347,BLR-6573,vDvfH6tPRxScDq2Um_uNCgAAACMAARAD.jpg
1540,BLR-6259,vDXsLScXQkKIhcmr3h0KbAAAACMAARAD.jpg
1741,BLR-6460,vDYT6BlNRUSt1DGT7A3FOgAAACMAARAD.jpg
1708,BLR-6427,Ve0Wpd3hQD2qA7xxEq4nNgAAACMAARAD.jpg
2086,BLR-6540,VE9MoDYDSaOuPvlpzg2cigAAACMAARAD.jpg
1920,BLR-6511,vEAFSczLTD6dXaEaDIrd6wAAACMAARAD.jpg
109,BLR-6110,vEVzuVj1QVKjWZ73RiuHngAAACMAARAD.jpg
5840,BLR-7044,VExaZWAxSUuI3YKpQvrnIgAAACMAARAD.jpg
3,BLR-6004,vFGEdTYzTli7XP9jMfG_nAAAACMAARAD.jpg
1866,BLR-6502,VG4gHBc7TRSPX2Dec7cLLgAAACMAARAD.jpg
5677,BLR-7020,vGAKq-TMTNeV5LTAlBj5ggAAACMAARAD.jpg
5083,BLR-6942,vGaoU0jwSIqpGZ5vQpbAlAAAACMAARAD.jpg
1765,BLR-6484,vghxe7ozR1OqCWR6imw0qQAAACMAARAD.jpg
1934,BLR-6514,VGtazi9DT32TqoNzbWlBigAAACMAARAD.jpg
4301,BLR-6839,vHmvP2dsTH-Pma4yJgt0HQAAACMAARAD.jpg
3377,BLR-6705,vHq7xZb5SP2ZxpEhMnf96gAAACMAARAD.jpg
5721,BLR-7026,VhTnM3vfTZ-8xD9trXiLSAAAACMAARAD.jpg
5706,BLR-7023,VH_MJsWWTsmHaQP-fiUEjwAAACMAARAD.jpg
128,BLR-6129,ViboYpfoTWa0henKg6oobAAAACMAARAD.jpg
4869,BLR-6916,VIN5K9fRT4qSQH2-0ls7wgAAACMAARAD.jpg
5571,BLR-7003,vj5dKlk-SlGcDDVRAhy1LwAAACMAARAD.jpg
1696,BLR-6415,vjaAUYByRAOLXVq2J37mOQAAACMAARAD.jpg
5960,BLR-7057,VjekR6ueSNOq94VvNYUcgAAAACMAARAD.jpg
103,BLR-6104,VLGLNWLySveBFjBPNYJQWgAAACMAARAD.jpg
1768,BLR-6487,vlHkkSjFTfOH1GtD6tj3LwAAACMAARAD.jpg
5523,BLR-6999,VlkApD5zRXmMkx3o056X5QAAACMAARAD.jpg
2855,BLR-6633,vm63wiASQ16Pg1IXmv3WEgAAACMAARAD.jpg
5376,BLR-6978,vMoJglQlSDubppf90DLAUwAAACMAARAD.jpg
1493,BLR-6212,vneyM7ZUQKmBMRbDugHaWgAAACMAARAD.jpg
2794,BLR-6627,vNGJTNSgQQqb0YtBCmfeZwAAACMAARAD.jpg
4809,BLR-6905,Vnk2bzdMSA2QFWQxNAqmTQAAACMAARAD.jpg
5452,BLR-6990,VnZmMcK4Q36JHBLR8u7ZhgAAACMAARAD.jpg
3326,BLR-6695,VoebGDtKQl2qfSB1QsauwAAAACMAARAD.jpg
1709,BLR-6428,VoYqFBh5TZiN_z_WIWQGwQAAACMAARAD.jpg
1785,BLR-6491,voZg6cYgSbWcFjaM0cswGQAAACMAARAD.jpg
3880,BLR-6776,vp5rwj4ZQi-BgF7ZJBCw-AAAACMAARAD.jpg
4677,BLR-6887,VPARy56bSpWrLZtqCZbvIAAAACMAARAD.jpg
1541,BLR-6260,VpDiYePkQgGncEqIab6T_wAAACMAARAD.jpg
2702,BLR-6615,vph9BADEQAa5WNkywVtnUQAAACMAARAD.jpg
4498,BLR-6868,VPqi0zYyRIyWcV77A7jnlQAAACMAARAD.jpg
3674,BLR-6747,VrXVzGm2Tpyrp2KsKbA7PgAAACMAARAD.jpg
1544,BLR-6263,vSQyKwb8STevTzOFPml31QAAACMAARAD.jpg
4498,BLR-6868,VS_Gj3GTTRaGkoaBuLIusgAAACMAARAD.jpg
5440,BLR-6988,vTxMEU32QoWjRBQQdyS3hAAAACMAARAD.jpg
4073,BLR-6803,VV3-yNd5RLWanQAHLNoMmQAAACMAARAD.jpg
2167,BLR-6550,VVHfrFMAR4Oilh6d80hUjQAAACMAARAD.jpg
4383,BLR-6850,vVwMaAPyQQON-de7rJDgXgAAACMAARAD.jpg
4614,BLR-6877,VvxXvalIReKthFDf49q89AAAACMAARAD.jpg
1956,BLR-6520,vwLRsCKoR5G0QnDtr33SdQAAACMAARAD.jpg
5521,BLR-6998,VWoczM38QziD3XiZNFnrCgAAACMAARAD.jpg
3161,BLR-6675,VYEaLc-2TyaMSKZZVFlzYgAAACMAARAD.jpg
5092,BLR-6944,vYVO08HATJmoM0D42WYa0QAAACMAARAD.jpg
3707,BLR-6752,VyvxA09HQ9Wn3Bw6-vPUCAAAACMAARAD.jpg
1706,BLR-6425,V_6ckG5SRB22PKxvJ8rbVgAAACMAARAD.jpg
2782,BLR-6626,v_Ef9i9NQ5eiIBhK5eCd6AAAACMAARAD.jpg
5202,BLR-6957,w-VtD0waSPSd2zIY40G11wAAACMAARAD.jpg
1769,BLR-6488,w0w2uwTfRdaq7MYxQjl5xgAAACMAARAD.jpg
120,BLR-6121,W17BigdxQQG214W8iFsbxAAAACMAARAD.jpg
2040,BLR-6532,w2eXdg1tQ46EFIH-SIB5igAAACMAARAD.jpg
5977,BLR-7062,w3FwASvhSDy_zI6aKPh33gAAACMAARAD.jpg
121,BLR-6122,W3htim7hTsKH-rNj4l8aqwAAACMAARAD.jpg
4664,BLR-6885,w3WdUpUnQTOcxVLAgQQ3pQAAACMAARAD.jpg
1764,BLR-6483,w41Sxc09QfWQti4jgqfzIAAAACMAARAD.jpg
4089,BLR-6804,w4JJRGFVQRmSt_JQvLDMXgAAACMAARAD.jpg
61,BLR-6062,W4tNaYTIRLmlrWM251lH2QAAACMAARAD.jpg
1732,BLR-6451,w52N6NbYT2qka03wV8T94QAAACMAARAD.jpg
4200,BLR-6823,W6q7Q70-TnqGSUfy4wXKsgAAACMAARAD.jpg
2345,BLR-6572,W6RVmAvIQne7fUObaJX0VwAAACMAARAD.jpg
1473,BLR-6192,W7gQ26T0TXy6W7LeJfDkZgAAACMAARAD.jpg
4089,BLR-6804,w7HUtZ8jTLa9ERSinI7N-AAAACMAARAD.jpg
2535,BLR-6599,w8VTMBICSSGfAojXh-fofAAAACMAARAD.jpg
5816,BLR-7039,w9YQq4_NScePMhUzHiU7ugAAACMAARAD.jpg
2220,BLR-6554,wA6Sww1AQACFTyV6eRbKcgAAACMAARAD.jpg
2262,BLR-6560,wBl6r18XRh2b9PKn-0zsxwAAACMAARAD.jpg
2882,BLR-6639,WbuFzEGaR3erYphosg88DwAAACMAARAD.jpg
1760,BLR-6479,wCbazsG4SgWiGhScSYZCWAAAACMAARAD.jpg
4044,BLR-6800,WcUt-TDgQv-Px5iQJJORLAAAACMAARAD.jpg
41,BLR-6042,WCW0-NaOSaSzjrpM2C2qagAAACMAARAD.jpg
4287,BLR-6835,Wd2Bl2mES9CjkcWoz6qY5wAAACMAARAD.jpg
5480,BLR-6992,wdjZFdXsRV-vh2v7B2ZMLAAAACMAARAD.jpg
4987,BLR-6929,WDKII9mdSimmx4-QBo0HmwAAACMAARAD.jpg
3342,BLR-6699,weQXzgKcQ-iYRWqYydIAxQAAACMAARAD.jpg
2147,BLR-6546,WErNblhlQPqGssjWJVjGLgAAACMAARAD.jpg
5020,BLR-6936,WF6paYj4TAS2zmR9ttcjdwAAACMAARAD.jpg
5071,BLR-6941,WFE8CF7WSLuT6ozjJIRsxgAAACMAARAD.jpg
5376,BLR-6978,wg1ThWR1Sc6puyFvl13S2gAAACMAARAD.jpg
1738,BLR-6457,wGpD5NRrR8O7HfTIn6NOGAAAACMAARAD.jpg
2081,BLR-6539,WgVR0jedQ9S1QUwVgqtXYQAAACMAARAD.jpg
3989,BLR-6790,whSkyGiXS0WYYYmGJodCoAAAACMAARAD.jpg
3053,BLR-6666,WicRfmk8SM2QBNoa9fYNmwAAACMAARED.jpg
1480,BLR-6199,WisugtDCS9addMkVSyIBvAAAACMAARAD.jpg
5836,BLR-7042,wIszWZIYQC224vOq0XhO2gAAACMAARAD.jpg
1768,BLR-6487,wjGV-_k0R5WuMkJPBHCuWgAAACMAARAD.jpg
5386,BLR-6981,WJnFkzY-Td-aWijYvo8fmwAAACMAARAD.jpg
2816,BLR-6629,WjU9EGJZTJq1yl2dkNPW5wAAACMAARAD.jpg
93,BLR-6094,wjXYmNU2Tr26fAWzSKyOLgAAACMAARAD.jpg
5010,BLR-6932,wKGIHhMKRdqNXFtEmEDDrgAAACMAARAD.jpg
5322,BLR-6969,wKTHNaFfRZm8v7cEnR8e3gAAACMAARAD.jpg
1710,BLR-6429,Wlav3Ov5QwCaqv4UWMTYNQAAACMAARAD.jpg
5932,BLR-7053,wlvKhmPsRnuzCvy0hg9dSQAAACMAARAD.jpg
5670,BLR-7018,WmmQfVkFSa6ES7uWWRqn-gAAACMAARAD.jpg
5805,BLR-7037,WNf53_8ITqK97-33UL-ISgAAACMAARAD.jpg
5003,BLR-6931,WnhV3WNNRw-Mr0X6et0RKAAAACMAARAD.jpg
4955,BLR-6925,Wo3TghAPRW-9UO4mctk1dAAAACMAARAD.jpg
5588,BLR-7006,wOdCCZv2RqaAJtVz5xU3nwAAACMAARAD.jpg
5805,BLR-7037,WONvMSM7TiuLnaBmvKNEiAAAACMAARAD.jpg
3940,BLR-6782,WOP1QCMWR1OuPZmg_C2VtAAAACMAARAD.jpg
5782,BLR-7034,wOtJM1xTQZ6YLMlLIsR6RQAAACMAARAD.jpg
4716,BLR-6896,wpmK7_u1S-urnYXJz2ZrRwAAACMAARAD.jpg
4844,BLR-6912,wpQrObfGRhS7dGmiNs6wAQAAACMAARAD.jpg
5670,BLR-7018,WpudhUmPQtCbPSRoq9BnHgAAACMAARAD.jpg
5501,BLR-6995,wQ4druckS3SARmAGiN_I6AAAACMAARAD.jpg
4620,BLR-6878,wRHP77vYRVmhbu7cljx89QAAACMAARAD.jpg
3158,BLR-6674,wRrImVnHSHSUQnrS3ONqeQAAACMAARAD.jpg
3355,BLR-6701,wRuZfUi3SGCGXAkIeqgQMwAAACMAARAD.jpg
51,BLR-6052,wsBor-5SSH-1_67f6HOEcAAAACMAARAD.jpg
5859,BLR-7048,wsFUWtimSpau8CNMYn1IEAAAACMAARAD.jpg
1711,BLR-6430,Wt7ivRwXSzySN9LmfLTI4gAAACMAARAD.jpg
5499,BLR-6994,wTdVP1GWRqmTFWBourP8EAAAACMAARAD.jpg
60,BLR-6061,wtnqwGsnRDSPKz95VZc5XQAAACMAARAD.jpg
1712,BLR-6431,WtTbZMy7RECA3cnsSUmElwAAACMAARAD.jpg
4403,BLR-6854,wTutPxxyThWx34yFF-BUJgAAACMAARAD.jpg
2757,BLR-6623,WtZTbChYRSyWDiQ-IOd6EwAAACMAARAD.jpg
5487,BLR-6993,WV-EPWueRkGkSKjSIQglMwAAACMAARAD.jpg
1728,BLR-6447,wx6UghFgRVahKtb_7OK7EAAAACMAARAD.jpg
2428,BLR-6585,WxDnGnPkS0yJgmntE8CmlwAAACMAARAD.jpg
1705,BLR-6424,WXTjRu-dTMW7OKHKGKjBSQAAACMAARAD.jpg
5499,BLR-6994,wxuRGmwVR6yiXDP7Tk5LhwAAACMAARAD.jpg
5092,BLR-6944,wyeVVhPYTb-k78HfmTLFiQAAACMAARAD.jpg
1770,BLR-6489,wYH73vzYTWumKzz-nIKmmQAAACMAARAD.jpg
5086,BLR-6943,WYQptI4EQKmluM6d1_dJlgAAACMAARAD.jpg
4403,BLR-6854,WzcQfO7oS56zBJOmpkJO3wAAACMAARAD.jpg
2984,BLR-6656,WZMWCMUzSA-SO45TH0MX2gAAACMAARAD.jpg
1481,BLR-6200,WZo64dcbSVeYQGiDaGAPCQAAACMAARAD.jpg
1933,BLR-6513,W_ysjXsiRdWvuaMtVIMckQAAACMAARAD.jpg
1978,BLR-6522,x0vDI4RTRAOBsi3optHbwAAAACMAARAD.jpg
0,BLR-6001,x1FVNAVSRniPE0kHchH0IAAAACMAARAD.jpg
3513,BLR-6722,X1qESw46RT-VRMTLaarPEwAAACMAARAD.jpg
1700,BLR-6419,X1raug3JQTOQL546aWOJOQAAACMAARAD.jpg
5757,BLR-7029,x22XN24XQiaxAuBA2h4LVQAAACMAARAD.jpg
5375,BLR-6977,x26VIfjiRKu4HKgfT3SbNQAAACMAARAD.jpg
5222,BLR-6959,x2jYHbDGRtiUWs3Qg1C61wAAACMAARAD.jpg
1713,BLR-6432,X2S4TRyeS1mIOR4JMWwJnwAAACMAARAD.jpg
3403,BLR-6709,X4AwmJWmQDqcZgkOhNBD3AAAACMAARAD.jpg
3408,BLR-6711,X4wEK_4ETKK-GwDui0qcygAAACMAARAD.jpg
5297,BLR-6966,X5K7XXKZR6ChTAPfLvt8rAAAACMAARAD.jpg
4402,BLR-6853,X6MeRNtDQBykdU_wXFOIwQAAACMAARAD.jpg
5857,BLR-7046,X7bAJ7tFSBG_4F661zvLggAAACMAARAD.jpg
37,BLR-6038,X7ytu22nRqmm4gf4B5h4iAAAACMAARAD.jpg
5759,BLR-7030,x8Wo4mizQyiMb9ZQPKg2hgAAACMAARAD.jpg
3535,BLR-6726,x9BQE10sRPe26lBgcULfPgAAACMAARAD.jpg
4204,BLR-6824,X9Wc46EvSlKIhRl0MA4puQAAACMAARAD.jpg
2957,BLR-6649,XADUc0NbS2eYQUmhHE8MmQAAACMAARAD.jpg
4993,BLR-6930,xAtWztW8RVKNCglCzZZiFAAAACMAARAD.jpg
5941,BLR-7054,xBdVq70UQVmGuGbRAbLiKAAAACMAARAD.jpg
3734,BLR-6755,XBxcAxA1SaOzWvX7ujIr2wAAACMAARAD.jpg
1735,BLR-6454,xCWw3lwzTiadFG7PDDDmiAAAACMAARAD.jpg
4669,BLR-6886,xdgS3GGLS5eEL_kMoMpDFAAAACMAARAD.jpg
5858,BLR-7047,XDjg9OcHR_imQ2hoka747gAAACMAARAD.jpg
3498,BLR-6719,XE-04TBkQjW2IID5MPshywAAACMAARAD.jpg
2685,BLR-6613,xekH6wAoRQyBC2YUKB2HKwAAACMAARAD.jpg
5977,BLR-7062,xEkROLFrT8eZz88qyGMUDgAAACMAARAD.jpg
1767,BLR-6486,xEnPJidaT7qZCDbidn2vhgAAACMAARAD.jpg
5800,BLR-7036,Xep9PWi-TnyRkBu-1lOpugAAACMAARAD.jpg
3429,BLR-6715,XepqIjwOTBeTjlqoe2d7vgAAACMAARAD.jpg
5071,BLR-6941,XfTGIWS3TSma_v9MuOY4HAAAACMAARAD.jpg
1719,BLR-6438,xGCcz4gsRyKVguqcvjzQQwAAACMAARAD.jpg
4912,BLR-6921,XGfIHN67RQWX-KCnV8qeHAAAACMAARAD.jpg
1995,BLR-6524,xHCdqbRUSruMgOC-jOMB6wAAACMAARAD.jpg
1763,BLR-6482,xicua_HSS_i0ybE-bPQ0CgAAACMAARAD.jpg
2973,BLR-6651,XiXVG_XXT4OLnXzrOMcQ_gAAACMAARAD.jpg
2514,BLR-6594,XIYzCUmjQtef_1MKp9Q_rwAAACMAARAD.jpg
3838,BLR-6769,XkD_bxAKS5WE7JreVSqU1AAAACMAARAD.jpg
2263,BLR-6561,xKkxY-coRZeDCd0gY7Td0QAAACMAARAD.jpg
25,BLR-6026,XKYWXD9QTm6gAkEEoKzFWwAAACMAARAD.jpg
1702,BLR-6421,XlK5BGeQSj-p7ujrmJxnowAAACMAARAD.jpg
1781,BLR-6490,XMbemnrcTG2OR1Ns10Qu3QAAACMAARAD.jpg
1714,BLR-6433,XMmcD02aS7CvRy4WUb0gnAAAACMAARAD.jpg
4150,BLR-6815,XnGJ1gviT0Skf1avygeisAAAACMAARAD.jpg
5302,BLR-6967,XOc3f1qEQO-cV8kMEStuyAAAACMAARAD.jpg
3219,BLR-6683,XOTn5hcsRGKmbXwtQsKT9gAAACMAARAD.jpg
3321,BLR-6693,xP076o7HQuGx5ng7MDyl7AAAACMAARAD.jpg
5083,BLR-6942,xprgluVuQRyqht_KzLzkdgAAACMAARAD.jpg
5086,BLR-6943,xpvnpG8tTF21-ntVcxXbjwAAACMAARAD.jpg
5998,BLR-7063,xPWXoOz0RJ2uGy381aUq9wAAACMAARAD.jpg
5534,BLR-7000,XrcSNjcLRYSe5myDNKc5mgAAACMAARAD.jpg
1855,BLR-6498,XRkbHeIDTxyMlkfcuNLCGAAAACMAARAD.jpg
3283,BLR-6690,XS-rTvJuT2Ooo2oH8xqGNAAAACMAARAD.jpg
2923,BLR-6643,XSANg08SQEKrX-ttlfIbugAAACMAARAD.jpg
5319,BLR-6968,xSzZ9xPuSMONwgeadakwMgAAACMAARAD.jpg
2274,BLR-6562,Xu99QUXmQZeNsEz8ltmYtQAAACMAARAD.jpg
2213,BLR-6553,xuhYLBkiRvSluav3aMxCtwAAACMAARAD.jpg
3605,BLR-6738,XvEISBXzQqKW48e9SphaMgAAACMAARAD.jpg
5521,BLR-6998,xvimY3nYSX26GSXIRiyhXwAAACMAARAD.jpg
2676,BLR-6612,XVIycobgTQqgYVMK3oqctAAAACMAARAD.jpg
1769,BLR-6488,xvOtcULCTo-GfmYMoqGZ9QAAACMAARAD.jpg
119,BLR-6120,xVVi-4MTR5Kq4Zuy4G9jzgAAACMAARAD.jpg
5840,BLR-7044,xW1Mn56mRh-OB69ayDWmoQAAACMAARAD.jpg
16,BLR-6017,xWeAM_byQl2YIleXvUvoIgAAACMAARAD.jpg
1536,BLR-6255,xwFWCNqrTX6jLaMA0GD40gAAACMAARAD.jpg
5677,BLR-7020,xwiaT4SHTLGOVAZCtHq9yQAAACMAARAD.jpg
5284,BLR-6961,XWnO3UUsRpW_hL_pFB5cLgAAACMAARAD.jpg
5869,BLR-7050,XX6adT1pTv6LJ-Njrj_c1wAAACMAARAD.jpg
1501,BLR-6220,xXNOW0qgTv60ptmrjfw5zgAAACMAARAD.jpg
5086,BLR-6943,XyNavek4S1-aF1X7oMBioQAAACMAARAD.jpg
5460,BLR-6991,XZ5FsiUDSyeMzLoZStXOGgAAACMAARAD.jpg
1677,BLR-6396,XZQQB9qMTt2N06dxQS8JMQAAACMAARAD.jpg
2396,BLR-6580,x_TIxvBRQ6eQ48Ptrzf7qQAAACMAARAD.jpg
2713,BLR-6617,y0dJjrEzRhC6debXXXpmNQAAACMAARAD.jpg
5145,BLR-6951,y0nUs6-MRtKGgFNCevhouQAAACMAARAD.jpg
4484,BLR-6867,y0rWgWkwTmqe4jR1E73_4QAAACMAARAD.jpg
1715,BLR-6434,Y0Z4w7ciSzmHSh6Pdc0D0AAAACMAARAD.jpg
5622,BLR-7010,Y1vUQQVTRxOOQHWY8wHIwgAAACMAARAD.jpg
1701,BLR-6420,y2Bz6aleQueh2cwl6ssnAwAAACMAARAD.jpg
4883,BLR-6917,y2cEDANyQ4qjLBBLzsA1uwAAACMAARAD.jpg
1766,BLR-6485,y2DNElacTlKcv4sX0P_44AAAACMAARAD.jpg
1761,BLR-6480,y3T-32CvSiihDEiCmOXPrgAAACMAARAD.jpg
5375,BLR-6977,Y3y_ISc7QgKFc20aj23X6gAAACMAARAD.jpg
3156,BLR-6673,Y4qJ9ooUR8qTozByMLnSZgAAACMAARAD.jpg
2923,BLR-6643,Y4wMYAhHQMCeMMD1I_PpTQAAACMAARAD.jpg
1476,BLR-6195,Y5CTWn32QcC0no774I1iIAAAACMAARAD.jpg
4217,BLR-6826,y5Df6VSfSU-n_yCCoZv_2QAAACMAARAD.jpg
1716,BLR-6435,Y5xQpDMqSxK4fRAog9kmzwAAACMAARAD.jpg
1717,BLR-6436,Y65GtEiKQJmTql3qRiK1QwAAACMAARAD.jpg
4819,BLR-6907,Y740GlJyQoKxtFZGZAippQAAACMAARAD.jpg
2695,BLR-6614,Y7Zp9dheQb6S-28hJzlO5QAAACMAARAD.jpg
1494,BLR-6213,y8Nif92iQeGIpIZ6ZEnNnAAAACMAARAD.jpg
3203,BLR-6681,Y9b_7KZhQUaWFk5p0tAuyAAAACMAARAD.jpg
17,BLR-6018,y9fE5oRMTkGfsPxYpIl-8gAAACMAARAD.jpg
5569,BLR-7002,yaIgrjwuS4O6slCG796pUAAAACMAARAD.jpg
5534,BLR-7000,yBbehdeoSEOqPAQ_4jk01AAAACMAARAD.jpg
3445,BLR-6717,YbfcYQGFR_-ugd9f2oDPWwAAACMAARAD.jpg
5193,BLR-6954,yBuSYQgHSrapZiE07GSzVgAAACMAARAD.jpg
29,BLR-6030,YCnN_3VFTO2VYWpj0ptDGAAAACMAARAD.jpg
4592,BLR-6874,YD4NTX1HQ4-K1HH0O29-bQAAACMAARAD.jpg
5677,BLR-7020,ydJW6409RSKvBzpK1xzS0QAAACMAARAD.jpg
5816,BLR-7039,YDkF-IExTl-pKxGA-asCwwAAACMAARAD.jpg
3103,BLR-6670,YdKTIsgSRV-S27hyQj8kUwAAACMAARAD.jpg
1770,BLR-6489,yFBA3GpgRM6rNy-Ohfs-LwAAACMAARAD.jpg
5838,BLR-7043,YFn8FC0cQFGTffeP-0YugAAAACMAARAD.jpg
36,BLR-6037,Yh4KHqgtR2eecVl-P4N5LwAAACMAARAD.jpg
1718,BLR-6437,YIizgCg5T_-ioyLSPq5flwAAACMAARAD.jpg
3422,BLR-6713,Yj6eG85mQG6fWAMXaVT2ugAAACMAARAD.jpg
4204,BLR-6824,yj73hys8RFuNr7JSJ13qnAAAACMAARAD.jpg
115,BLR-6116,yJLvDvAuR5qo6WdqdDXJsAAAACMAARAD.jpg
3362,BLR-6704,yKbHwyZPTdeeHLhFjV0VSgAAACMAARAD.jpg
5757,BLR-7029,YKrsyS6qRZ-rCTySE0CuoAAAACMAARAD.jpg
1719,BLR-6438,YL5o9LNkQXGKoZsrCW7AeQAAACMAARAD.jpg
78,BLR-6079,YLRFU4XmSUWPc1ZuI2MFfgAAACMAARAD.jpg
108,BLR-6109,ylvevxq1TxSeoCNmPRdk1wAAACMAARAD.jpg
2536,BLR-6600,yMNSqkGPQbiLN_ieS2XXeAAAACMAARAD.jpg
2485,BLR-6591,yMO71uv6TX2dJkLiSRi_PAAAACMAARAD.jpg
5295,BLR-6965,Yndb2pCnTBObqPVRSMrCOgAAACMAARAD.jpg
4247,BLR-6831,ynxiOv6yT5ixv9wivAE6lQAAACMAARAD.jpg
5390,BLR-6982,Yny_Vh66T_CNF-i3LDQYXgAAACMAARAD.jpg
4577,BLR-6873,YoCfNKzRSWyblXfpILsS8AAAACMAARAD.jpg
5721,BLR-7026,YogXrvTpT3CF9S-8BEORggAAACMAARAD.jpg
1720,BLR-6439,YOPDwgXVTYGhKwtFx_A9pwAAACMAARAD.jpg
5782,BLR-7034,YoSHu2JrTOO6hQ5gU0XFegAAACMAARAD.jpg
1721,BLR-6440,YP-3tP9OS-K_7jFlSjoU5QAAACMAARAD.jpg
4824,BLR-6909,ypIDbQ7US_mbiW34n5-piAAAACMAARAD.jpg
5628,BLR-7012,yppK_1ImSAq3JjoqR695RAAAACMAARAD.jpg
5013,BLR-6934,yQ2UD_TfT-GGwv3-r3c75wAAACMAARAD.jpg
1722,BLR-6441,YQFaPBujRMyRtYg__MlKUQAAACMAARAD.jpg
4502,BLR-6869,yRXHc_gjQmCtpmlynB-MigAAACMAARAD.jpg
1834,BLR-6496,ys37OeRHQeihQEND47FlgAAAACMAARAD.jpg
5782,BLR-7034,ysnTdNgkTQ2KcesYGinCrgAAACMAARAD.jpg
1513,BLR-6232,yTlEIAxjQ-mgir62LwAHDwAAACMAARAD.jpg
4656,BLR-6883,YtMLtvUCSVS94SyMjq5vbgAAACMAARAD.jpg
2212,BLR-6552,YTYiUXJyQxiB-I8LTR3tLwAAACMAARAD.jpg
1723,BLR-6442,Yu8qgl_OSaaBImbzmuQ6kgAAACMAARAD.jpg
58,BLR-6059,yuEJFg1XQ7CVeptFZ56LQwAAACMAARAD.jpg
1681,BLR-6400,yugAFj4CR029cUG1DgCetwAAACMAARAD.jpg
5956,BLR-7055,yUud5fmzR3q6UJMUV6hLQwAAACMAARAD.jpg
3967,BLR-6786,YvpyRHA1R6G35KDGlW6fwQAAACMAARAD.jpg
3249,BLR-6686,yxx4Er78TOCwQiI-v-C6uwAAACMAARAD.jpg
2220,BLR-6554,YYkUIXtySqie1GX1yVIA2wAAACMAARAD.jpg
2485,BLR-6591,yymMIqycRnq-JysjQIDDkgAAACMAARAD.jpg
5749,BLR-7028,yzkrh0IDQUS0CKZZtweE0gAAACMAARAD.jpg
1936,BLR-6516,Z-75bkHuQqK5rdQL0aQb2wAAACMAARAD.jpg
1956,BLR-6520,z-gZfYVtT2ipmT02DkrCrQAAACMAARAD.jpg
1724,BLR-6443,Z01Z59h4RaGotlmU8cuauQAAACMAARAD.jpg
32,BLR-6033,Z0Fb1S4jSIK3hwO5vYm8eAAAACMAARAD.jpg
3794,BLR-6763,Z0JpU05GQxCI9Lb9v37SQwAAACMAARAD.jpg
1748,BLR-6467,z0Spj6kAR5m-4OXacUMMIwAAACMAARAD.jpg
5480,BLR-6992,Z1KPlmWbQUmYDFZ9V4wwkgAAACMAARAD.jpg
5965,BLR-7058,Z1qDRVboSz625P_djDkBSwAAACMAARAD.jpg
5364,BLR-6975,Z1y2GhE5QxGiSEg2ykYdcAAAACMAARAD.jpg
1725,BLR-6444,Z3NNGH8jS3WyH6x092XycQAAACMAARAD.jpg
281,BLR-6146,z4-nBJvzQEKVGCW6TA7avQAAACMAARAD.jpg
5202,BLR-6957,z5bHbhngT6aCfRJXZkqNdAAAACMAARAD.jpg
5670,BLR-7018,z7SRCrsfQqCFkfL-WxvKkAAAACMAARAD.jpg
4641,BLR-6880,Z94quofmTUKouStLiUD1TAAAACMAARAD.jpg
5827,BLR-7041,ZAn-g8hsST-RLZKUI_1_YgAAACMAARAD.jpg
4335,BLR-6844,ZaUlE_qURlGvgKaLPg1NNQAAACMAARAD.jpg
5501,BLR-6995,Zb-LslY_SPmzpFY-jQ6lDQAAACMAARAD.jpg
2129,BLR-6544,zcAkcASKQsK_dfPLCAhkCwAAACMAARAD.jpg
3473,BLR-6718,zCkc4ZG2RLKBDtj4SVl75QAAACMAARAD.jpg
112,BLR-6113,zCy7-GLQSeqoZ3bEA-Q8zAAAACMAARAD.jpg
3219,BLR-6683,zDu8Z517Tvi0vPse5VSChAAAACMAARAD.jpg
5346,BLR-6972,Zedm0XzERruTK_d_0DGErwAAACMAARAD.jpg
2253,BLR-6559,zg9LT-5gR62zh1VA5f_OeQAAACMAARAD.jpg
5805,BLR-7037,zGfOrLgJRWq4z48tv9EHeQAAACMAARAD.jpg
1726,BLR-6445,ZHFUC338Qre34s2wpNdrGwAAACMAARAD.jpg
5759,BLR-7030,ZHZk4AZQS--WR22W_HmhtwAAACMAARAD.jpg
9,BLR-6010,ZIcebtM1ToeiKA-KiwDZagAAACMAARAD.jpg
1694,BLR-6413,Zip-BXc3R_GKKfgBTcEzigAAACMAARAD.jpg
4295,BLR-6837,ziY_0cPbTWKJJ1rWso1BvAAAACMAARAD.jpg
1499,BLR-6218,ZJa1nb8DQuW1rhKyGFA7XwAAACMAARAD.jpg
4357,BLR-6849,zjCWXG2bT4SrXkijWsMZeQAAACMAARAD.jpg
3707,BLR-6752,zlJ5Sr9qRIe7U5Newhi0LgAAACMAARAD.jpg
5419,BLR-6985,zLtYXVNnT8WNt5aQaBzxFgAAACMAARAD.jpg
4200,BLR-6823,ZME1OPahQ6qUeEV_2uPFPAAAACMAARAD.jpg
2536,BLR-6600,zmUHRFvMRmyTdLdKuCGq_wAAACMAARAD.jpg
5111,BLR-6946,zmvThfB8SJihmIl-T0GlZwAAACMAARAD.jpg
2274,BLR-6562,ZN72N5JmTw288HI9uXAU5wAAACMAARAD.jpg
1472,BLR-6191,ZP3uv5liTXuZE63xq4tfHAAAACMAARAD.jpg
4592,BLR-6874,Zq5_bWUSSEqTKjlX86hgXwAAACMAARAD.jpg
5966,BLR-7059,zQs0kBsAS2mS20h_2hp37AAAACMAARAD.jpg
92,BLR-6093,zr27bALRTeKqO58Vjh6G4QAAACMAARAD.jpg
22,BLR-6023,ZRKfyt9VShO381lRRdDkIAAAACMAARAD.jpg
1672,BLR-6391,zRYa01sZSTS0XsPGeA5M1QAAACMAARAD.jpg
3333,BLR-6696,zs6NmX7DQE-VCm96OjDVJAAAACMAARAD.jpg
87,BLR-6088,ZspH4PJHTMyC9mHZMCggDQAAACMAARAD.jpg
5124,BLR-6947,Zsupn-6hS8-6dskxlkM1RwAAACMAARAD.jpg
127,BLR-6128,ZSyVCWODQxKAVuVP06UprgAAACMAARAD.jpg
3776,BLR-6760,zt5WH3y1SUOwGwOn6iH-7AAAACMAARAD.jpg
814,BLR-6158,ZtGhH7maQu2iJpScugopQgAAACMAARAD.jpg
3326,BLR-6695,ztKv9YUcQ0aUx8_pEYs4LAAAACMAARAD.jpg
1514,BLR-6233,ZTyQ5hwuTlCNzvPldRbtIQAAACMAARAD.jpg
1717,BLR-6436,Zu4FhqGZQRSswC383USB5gAAACMAARAD.jpg
5998,BLR-7063,zusOFo_RSsqRAqtrfJ1fEgAAACMAARAD.jpg
1691,BLR-6410,ZVKV3u5STcWyIgKpteOuPAAAACMAARAD.jpg
4097,BLR-6806,ZVree_E1RriDTS2j9XcAkgAAACMAARAD.jpg
5285,BLR-6962,ZVsgTod4TTyDnXhh8IxLYAAAACMAARAD.jpg
4806,BLR-6904,zWABPzwwTjKIexqL31hz8gAAACMAARAD.jpg
1543,BLR-6262,zwD5QGqcQA-vdV7t8OpC-QAAACMAARAD.jpg
2018,BLR-6528,zwDCLwAoQ4SqCo-2y18vYgAAACMAARAD.jpg
1535,BLR-6254,ZXFHV9y2TQ2dm-y4NpygKQAAACMAARAD.jpg
5582,BLR-7004,ZXx8NQ-MQH-DfzmKhDYWmwAAACMAARAD.jpg
2318,BLR-6568,zYEiNIkbT020MCuR-iyZngAAACMAARAD.jpg
5888,BLR-7052,ZyHG3kTpSISXJaNBidsZFQAAACMAARAD.jpg
4280,BLR-6834,zyPBGfO8RVuhl8k4vfrdpwAAACMAARAD.jpg
1727,BLR-6446,ZYQqgyy4S1G1kZ_mcs6YCgAAACMAARAD.jpg
5534,BLR-7000,ZzdYDLPlRfODKc1bvFMuXAAAACMAARAD.jpg
2454,BLR-6588,ZzrEAMpTS4a0_WwvrRSehQAAACMAARAD.jpg
4484,BLR-6867,zzY0drubSRy-926ILNH1FwAAACMAARAD.jpg
5861,BLR-7049,Z_Hv1amYSOKoJUJcV5cxjwAAACMAARAD.jpg
2969,BLR-6650,Z_ztJmjCRHCao4Fzry7qZwAAACMAARAD.jpg
2773,BLR-6625,_0eUjLDEQLOYOBrGEQ5m1QAAACMAARAD.jpg
2390,BLR-6579,_1VTdCWJTdecI0_TdnN_cAAAACMAARAD.jpg
76,BLR-6077,_1ZT1j2QQ5aPmkwcF9EoEQAAACMAARAD.jpg
5092,BLR-6944,_2LdLMd-RcKETOPjkMs8lQAAACMAARAD.jpg
5193,BLR-6954,_469i0KeTBGd9LANTln5GQAAACMAARAD.jpg
2993,BLR-6657,_5rpyjpWSs2I2safndvQAgAAACMAARAD.jpg
1498,BLR-6217,_60PlQV-T4mSVinlgAuVvwAAACMAARAD.jpg
4004,BLR-6794,_7iKli1TSPSXS-zm9nFL5AAAACMAARAD.jpg
5364,BLR-6975,_ADxA3n0SyGQ89Ir3yzutAAAACMAARAD.jpg
4716,BLR-6896,_alXOjDWS16K4eyaLSg1LAAAACMAARAD.jpg
1785,BLR-6491,_BwNKsaCRDGzPFLHiAQ2QgAAACMAARAD.jpg
1729,BLR-6448,_c3KFcG6QYi5UbPJak2WWgAAACMAARAD.jpg
1730,BLR-6449,_cyrQReiSfyTH-43uYWDhAAAACMAARAD.jpg
1731,BLR-6450,_czT0xy8TKiC4xo8LsRNxAAAACMAARAD.jpg
4046,BLR-6801,_eBAyO5bSdaC-WJiuqLjiQAAACMAARAD.jpg
5722,BLR-7027,_Gk8A1x2SNG4u7FHq0Ix4wAAACMAARAD.jpg
3848,BLR-6770,_HCqSj_RTTGV-Sbyvo1JBwAAACMAARAD.jpg
5352,BLR-6973,_i6cQnrPRICsxBiZRRr8nAAAACMAARAD.jpg
2994,BLR-6658,_II6tlDoQKmaG0N1DSOZKgAAACMAARAD.jpg
5386,BLR-6981,_m9FzvpnThirhOsAatjPaAAAACMAARAD.jpg
2782,BLR-6626,_NbLDbTiR7qXPQNwZ0iXZwAAACMAARAD.jpg
2559,BLR-6602,_OjwGFJASxqg-P7O8ToZiwAAACMAARAD.jpg
3997,BLR-6793,_oSJHt2GR7SotGEECF_k3gAAACMAARAD.jpg
2523,BLR-6598,_pRCIEzxRHGF7ex3tkVZ9QAAACMAARAD.jpg
5800,BLR-7036,_QZZGgcwSouH-KhMhR6KcAAAACMAARAD.jpg
5440,BLR-6988,_riFhJ_zTmaBgJlFgcol4QAAACMAARAD.jpg
2280,BLR-6565,_SpTEEGUTW-gVMUw4DbY9AAAACMAARAD.jpg
1522,BLR-6241,_SUC4mTATxmFB4YorxKAxQAAACMAARAD.jpg
5591,BLR-7007,_vkpe8yMQj-suZbVnRxJ7wAAACMAARAD.jpg
4134,BLR-6811,_WE5mgJLRfub1Fs6IIaE8AAAACMAARAD.jpg
4498,BLR-6868,_xMa4R5-RmmcgU6bnduXFQAAACMAARAD.jpg
4393,BLR-6851,_XRBxjxaRT-BT6RfzaEyGQAAACMAARAD.jpg
5263,BLR-6960,_yJVMslrSeSoHYDpvluL5gAAACMAARAD.jpg
5816,BLR-7039,_YxN02DfQ7OUYkwftQP0QQAAACMAARAD.jpg
1732,BLR-6451,_zSKCMl4S_eWuO0rA0lNOwAAACMAARAD.jpg
3321,BLR-6693,__c53XWoTJGgRsRS4MKOxAAAACMAARAD.jpg
1728,BLR-6447,__p5YavdTOaSktF2o7CxiwAAACMAARAD.jpg
