dog ID,nose print image,width,height,laplacian_variance
0,x1FVNAVSRniPE0kHchH0IAAAACMAARAD.jpg,250,250,1553.236261047296
0,--1WCesjS6CGTNbuCcv8NwAAACMAARAD.jpg,286,286,536.9722889290055
1,EJoldD9BQa-1oWZ57aRkpwAAACMAARAD.jpg,212,212,163.46731217772086
1,-27kQ7i7TMOodSpjIF219QAAACMAARAD.jpg,296,296,75.97877489400902
2,BFA2N6-BR2aFcqHRAosZggAAACMAARAD.jpg,149,149,908.4051801955891
2,-4oePjYiRX-aV_Lrg7G2bAAAACMAARAD.jpg,234,234,309.9453741802315
3,-6-Ry_lpQjqzZxDu3PCnKgAAACMAARAD.jpg,165,165,784.9197534743039
3,vFGEdTYzTli7XP9jMfG_nAAAACMAARAD.jpg,230,230,322.3728413988658
4,-7WUbGMHQoGn3fpAl7WSsQAAACMAARAD.jpg,774,774,73.01857023865777
4,Gs_VXfglQ1uqNELmSMQ2AQAAACMAARAD.jpg,130,130,128.03641434123452
5,bVawogFLRMGgpEn-gggk4wAAACMAARAD.jpg,161,161,163.42861686104635
5,Nn2K7XlPRN6-6s7i9tRnFgAAACMAARAD.jpg,388,388,172.4902894458286
6,aRf1VxctTU-hDMezmgAeKQAAACMAARAD.jpg,245,245,60.78603150228429
6,PlKKBn3jQUOWl-hlh6NR4gAAACMAARAD.jpg,142,142,133.71876566085888
7,GaHS4xtJRXi4HDSd5y7nmAAAACMAARED.jpg,218,218,19.397270909472955
7,-AmS43fuRgusYi5axPxikAAAACMAARED.jpg,213,213,392.31257090385975
8,8f-IUpl5S2-IQZux0VQReAAAACMAARAD.jpg,278,278,148.2512828799947
8,-As8_KWaRZ2NO_sEkUNJfgAAACMAARAD.jpg,192,192,2099.0697596485234
9,-DuiPyToQ4eFeDUBzzCF8gAAACMAARAD.jpg,156,156,110.0085398695601
9,ZIcebtM1ToeiKA-KiwDZagAAACMAARAD.jpg,299,299,167.4332981065499
10,-Q7Iddl8ScWwzEwmvqvfaAAAACMAARAD.jpg,255,255,566.3279277339432
10,BFrYDvJtTs2QjfYVjHjaJAAAACMAARAD.jpg,178,178,1809.6093250986603
11,pQLLS2bSSeCwQZOwh-RTfAAAACMAARAD.jpg,151,151,598.4537467811116
11,aKeb2TpgRXCFb3aPc7y1cwAAACMAARAD.jpg,183,183,142.8203406048247
12,-Yj1zKInQ-m82GtqixWWDwAAACMAARAD.jpg,548,322,1886.7702939993774
12,9Jk3jsLBRT-kgaJa0QWJNAAAACMAARAD.jpg,219,219,17196.590626034522
13,-cw63sDVSW-EsXazEFxPjAAAACMAARAD.jpg,228,228,24.737850316951825
13,Cj5Y0AZMSrOgo-jlMzzcPgAAACMAARAD.jpg,168,168,115.1170678594065
14,-hBG_IPDTwSmrMs1wOIb9QAAACMAARAD.jpg,341,341,115.90737783618034
14,BnhIj1knTS6mWBEEEUtseQAAACMAARAD.jpg,177,177,270.5927897996932
15,-tvD7MC7TnOavsCMNRMa1wAAACMAARAD.jpg,145,145,744.9951311255357
15,3_yX8wYSSMOThYbeUUxO_AAAACMAARAD.jpg,231,231,374.08359501915646
16,xWeAM_byQl2YIleXvUvoIgAAACMAARAD.jpg,399,399,19.52079836147923
16,0BIGWyjLRf-C897Kili9dgAAACMAARAD.jpg,274,274,111.492706201499
17,MWSUcvwnTUKsblBW4G47AwAAACMAARAD.jpg,255,255,62.86687521367066
17,y9fE5oRMTkGfsPxYpIl-8gAAACMAARAD.jpg,194,194,68.34172233012374
18,r5q809uJQU6HYDf4JvEHqQAAACMAARAD.jpg,179,179,394.4374392150044
18,0H3KfrmYR4ComBTewWhrbAAAACMAARAD.jpg,317,317,112.05244259995969
19,0_8uT774TpSSHKSU0SHhyQAAACMAARAD.jpg,156,156,149.35616452262022
19,0HFSLHuCQp6ZBreVp4Fa_wAAACMAARAD.jpg,262,262,61.57974095942118
20,2Ms3dlCkTvOiO2ZioSbdvgAAACMAARAD.jpg,205,205,696.6087524678838
20,0JzDsyJjS5mf_hnGozDvfQAAACMAARAD.jpg,295,295,201.27866891096173
21,0Mvkkz39TH2tkudI1XlPMQAAACMAARAD.jpg,196,196,36.43001047434248
21,DjO8wTNMR_ieqYCe-ePJoAAAACMAARAD.jpg,285,285,21.189223400187252
22,0Ny63zPCS9ysyd3gLgUvjAAAACMAARAD.jpg,307,307,82.65578405157433
22,ZRKfyt9VShO381lRRdDkIAAAACMAARAD.jpg,236,236,205.70096381205394
23,0O2iPDQeTK--bGSHHxHfBwAAACMAARAD.jpg,183,183,1061.3579047997603
23,kd_uZtDlRaifqsuyJyohOAAAACMAARAD.jpg,242,242,717.1493913596586
24,aAo2mqHzQMC2yv7xSV4f4QAAACMAARAD.jpg,303,303,41.52863095158042
24,0V1yIHp_RXywGzQoL3mLMAAAACMAARAD.jpg,172,172,250.32292281412217
25,p0G8Z8h1SIOFChHiqu5LiwAAACMAARAD.jpg,134,134,287.58117308647496
25,XKYWXD9QTm6gAkEEoKzFWwAAACMAARAD.jpg,185,185,107.60725157422443
26,0aDUq2lvTm--83ctWLYX6AAAACMAARAD.jpg,199,199,702.3070012276781
26,kE3l861gSMWXBi25FmbHSAAAACMAARAD.jpg,212,212,1937.9269318700078
27,U6vyZMADQ8e3KzJ1339Q5wAAACMAARAD.jpg,329,329,56.71693125945416
27,cvremTAXQcSBaCd8ATRaVAAAACMAARAD.jpg,410,410,25.90151866644065
28,0e__s4eGS6SpKGXgxChF-QAAACMAARAD.jpg,209,209,161.50468763049867
28,bRTtheSZSmmYF1ioTxt0agAAACMAARAD.jpg,220,220,128.3872408288368
29,0exEUosxQFWZh7qo5ZflXQAAACMAARAD.jpg,498,498,640.3459566168142
29,YCnN_3VFTO2VYWpj0ptDGAAAACMAARAD.jpg,159,159,1440.3098625630892
30,5xyaF3KWROmlAB-9CGFaaQAAACMAARAD.jpg,192,192,120.19046620895831
30,HidaYynLQNu5b-d8L-sbZgAAACMAARAD.jpg,180,180,137.45182757106386
31,RKJAj1YoRjC2dsRPBILjswAAACMAARAD.jpg,218,218,774.6739747020366
31,0p4VZIC7SIWzl8HefrOwEQAAACMAARAD.jpg,265,265,152.39453122596706
32,Z0Fb1S4jSIK3hwO5vYm8eAAAACMAARAD.jpg,327,327,230.02504111279902
32,12IrQN56T9KopgJSKGAR8QAAACMAARAD.jpg,236,236,308.9969622704461
33,chNJGYMLS8O7edkLMidvpQAAACMAARAD.jpg,254,254,219.75500177803005
33,14Sk1sFPS9WFfhgKnPJImAAAACMAARAD.jpg,187,187,330.98236703216736
34,Lo3UGSr8RD6LqcVOA3XY6gAAACMAARAD.jpg,239,239,1245.3642616248055
34,194nygddRhu_YkApbn3okAAAACMAARAD.jpg,206,206,1300.3928845407038
35,QVFc13xcSWGlCOzzDsvE5wAAACMAARAD.jpg,330,330,41.883978259850366
35,Dzn0BHWiThaVsOIXPZvCWAAAACMAARAD.jpg,248,248,87.9909302064865
36,Yh4KHqgtR2eecVl-P4N5LwAAACMAARAD.jpg,191,191,143.84641025368194
36,1Cxhvj2kRTaTE7bL8MnjgQAAACMAARAD.jpg,477,477,37.67408139453875
37,Rk_wd_64R8aBVjwjgJ4YpwAAACMAARAD.jpg,392,392,69.96323214802149
37,X7ytu22nRqmm4gf4B5h4iAAAACMAARAD.jpg,277,277,69.48308463228626
38,q6MLjJ9iQvqIZJhmpHccBQAAACMAARAD.jpg,324,324,91.43057222603262
38,1E6zXUBURMC1mYhRyNeVcwAAACMAARAD.jpg,214,214,207.35000664596166
39,1Fww4v8WRKub50mxQN6STQAAACMAARAD.jpg,316,316,134.57283679643936
39,cvPmlgBJTHymCPZD9SWipQAAACMAARAD.jpg,335,335,144.34121745981278
40,1INpPwenQf-cISW2D6KG4AAAACMAARAD.jpg,329,329,34.90766519790428
40,9cN_Vmy-SdmC6I9HkOHGaQAAACMAARAD.jpg,219,219,48.26926448206144
41,1Kb5iBYBRye4d0-Oz4znSQAAACMAARAD.jpg,146,146,156.40667808219177
41,WCW0-NaOSaSzjrpM2C2qagAAACMAARAD.jpg,213,213,95.39800158521538
42,1MZpvttoRh-drL4qedF50gAAACMAARAD.jpg,211,211,130.34637164027492
42,hE-Z3_geTWGpLPjokd6nigAAACMAARAD.jpg,157,157,172.0151709357569
43,on_ZpPM-S9WHmlUxYg2zfAAAACMAARED.jpg,246,246,648.148161752044
43,1OWb1h0MTvaTz2XnfN7jZQAAACMAARAD.jpg,246,246,648.148161752044
44,1PLAbwAaTceWI_L_43eI0AAAACMAARAD.jpg,158,158,203.5877265056265
44,NxPlQIBFTHmptNX-I0AXUQAAACMAARAD.jpg,256,256,256.49606038979255
45,1Xy4-13hSkOJ4A0ByMDxugAAACMAARAD.jpg,300,300,304.2414703032099
45,T7QboMPLQXSd73r7eNNf-QAAACMAARAD.jpg,194,194,239.5898268110864
46,1_JpMmcORJaT6rJy4uyj3AAAACMAARAD.jpg,174,174,204.04899572172243
46,bI1IQ9OSSreYcDKtspUqCQAAACMAARAD.jpg,187,187,504.40030266783543
47,dFbCm0MjTAWJCZ7E8aABZgAAACMAARAD.jpg,211,211,80.31173571946212
47,9bjBn2ezRO2d0EfshswHVQAAACMAARAD.jpg,152,152,256.81218080619203
48,1gTbWOPKRxWWXV1Twp18pgAAACMAARAD.jpg,191,191,213.12410743870498
48,PpgUGHaeQpajhCRFvoc6QgAAACMAARAD.jpg,192,192,140.78490456754778
49,6RWnbX2cQ6K6fNqRw__MlwAAACMAARAD.jpg,284,284,370.5992730406085
49,1jTIRxj1SO-w03azEEkYjQAAACMAARAD.jpg,213,213,665.5795477066016
50,1nB5kcEdTOG6RcPXk-WWgwAAACMAARAD.jpg,282,282,651.9184411601616
50,26Tl-eY4SwOHp7DPB8T-HgAAACMAARAD.jpg,156,156,2907.375275967095
51,wsBor-5SSH-1_67f6HOEcAAAACMAARAD.jpg,283,283,239.04692373551924
51,1oEY9xsZRbK1y_egWyUWfgAAACMAARAD.jpg,243,243,742.8123302746185
52,81QKOyOpRhylU0vjkjQEBQAAACMAARAD.jpg,186,186,67.35877556411485
52,1pRUK2iNST67MzgulFB1PQAAACMAARAD.jpg,211,211,260.8573310663573
53,1slKLwaqQp6OKwaa5HhGOAAAACMAARAD.jpg,289,289,53.475480215167075
53,FAS-i0c-Ry6CnQfZRFGJygAAACMAARAD.jpg,151,151,820.1597184608312
54,YOBroeTpR4u94j0Q2MDmOgAAACMAARAD.jpg,461,461,71.93532186797734
54,1xB4LZXbT8SCNlWnwZg0MgAAACMAARED.jpg,461,461,71.93532186797734
55,O1CN01HaM3oo1vSMlMsjdIo_!!0-mtopupload.jpg,181,181,458.8286909638264
55,1y81tC3tQMKcui6uNqa_MQAAACMAARAD.jpg,180,180,389.289520057918
56,gJA2I1mQSFOVPDlsXYN6VQAAACMAARAD.jpg,153,153,99.85363010237572
56,26CHml4kShuqPfrGb7dUxAAAACMAARAD.jpg,245,245,220.87040346377958
57,AdmM6jNdSXy9L7GsHCmKCwAAACMAARAD.jpg,308,308,181.18268705401618
57,29cI8st5TyidxBakfetUeAAAACMAARAD.jpg,219,219,461.2509146996503
58,yuEJFg1XQ7CVeptFZ56LQwAAACMAARAD.jpg,201,201,183.02221990099608
58,2O7tVC6uS4GzCDEyF6t6kwAAACMAARAD.jpg,163,163,487.6878227844117
59,2RmlvX0TSv-QwI77cgDNdwAAACMAARAD.jpg,323,323,13.492696079784745
59,V-iR_1iIReymXFdIZuNSmAAAACMAARAD.jpg,299,299,79.90948773274526
60,wtnqwGsnRDSPKz95VZc5XQAAACMAARAD.jpg,285,285,133.6956097816209
60,2TTLGgKSTV-DprvrzanF9QAAACMAARAD.jpg,209,209,332.71694983168555
61,8FUNnya8RdGpxExJaWm5TgAAACMAARAD.jpg,268,268,138.58454917036624
61,W4tNaYTIRLmlrWM251lH2QAAACMAARAD.jpg,201,201,303.43387385645923
62,2de_YM5xQRC37gWNMrZQKgAAACMAARAD.jpg,161,161,80.82481300021739
63,2fbw6YsuQL-0GD4brd4TDAAAACMAARAD.jpg,217,217,997.6646409462303
63,lMGZ8QDKRwuvo00qlLpysgAAACMAARAD.jpg,259,259,678.9280603590686
64,2tGoIs2xTPSgXzzRCi-LpwAAACMAARAD.jpg,268,268,70.41457074444519
64,R4EK3Ty6QRebnlwzwXmG3gAAACMAARAD.jpg,223,223,104.48253257645882
65,KyU_NncnTYW9p18jCzDUKAAAACMAARAD.jpg,157,157,53.280807531864795
65,31b_Ux2HRZCuWOaS96efxwAAACMAARAD.jpg,133,133,73.73406199981238
66,3K-HhmgPQdS4uYPkY8WsOgAAACMAARAD.jpg,277,277,274.87452060707506
67,SOAXBQXMSK-BIhjtvfHKIAAAACMAARAD.jpg,287,287,68.52987744849547
67,3NUALQdsSVmMyu7c7u8l0wAAACMAARAD.jpg,244,244,387.3810707870575
68,3V35QfPWSoqzef15kCx-cwAAACMAARAD.jpg,143,143,354.98025126415183
68,P34F0ulcRLaUrOaH-GwJ0AAAACMAARAD.jpg,139,139,202.02207499335637
69,NKncZu8VRpWkCw3WaZobNwAAACMAARAD.jpg,223,223,489.63497884650354
69,4tfSMnLASTaEY3XqHy050gAAACMAARAD.jpg,274,274,65.22109997550325
70,Q1Xej0F4R0uuyDUCymeEXwAAACMAARAD.jpg,288,288,584.2886453793373
70,3bB4QurLSeu7J6SbDp1JowAAACMAARAD.jpg,220,220,316.48401938221434
71,Q-sE2K2bSY6l-K5cdnLP-gAAACMAARED.jpg,1388,1388,149.27473859817056
71,c9vEZwXtRyO1Dr4tu5XrvQAAACMAARAD.jpg,1388,1388,149.27473859817056
72,MStjIU5rRQWb4MVuPu0QaQAAACMAARAD.jpg,369,369,284.46084163827317
72,3gB2zqGmT7CWJIjmzYCmiAAAACMAARAD.jpg,403,403,149.51440323441932
73,uoNkLPGnRNOqH_yV42o3QQAAACMAARAD.jpg,171,171,449.5342573829934
73,lLTl5XePR4SzC-RVord1CwAAACMAARAD.jpg,208,208,1527.7154970506647
74,3pG665G9SOCFGIDOP7VbZQAAACMAARAD.jpg,332,332,188.8025084868679
74,3qNCVcwwRiCeOIi8rJoYYwAAACMAARAD.jpg,232,232,448.4257726615283
75,Em6Xu5WRQiCBPAow6O_RnwAAACMAARAD.jpg,270,270,1340.8855704351001
75,3qqQP4gyQVaY8lxdzMP3LwAAACMAARAD.jpg,149,149,165.81351751483
76,_1ZT1j2QQ5aPmkwcF9EoEQAAACMAARAD.jpg,312,312,1506.517163541168
76,3zqb_KCtQAiqxLWHdfbJyAAAACMAARAD.jpg,203,203,148.56220675483777
77,OuN9OzXCRwiYPj0wLisEZAAAACMAARAD.jpg,239,239,31.60423611125284
77,47ymwyd1QsqbViNjyNjN1wAAACMAARAD.jpg,306,306,30.905561887592103
78,YLRFU4XmSUWPc1ZuI2MFfgAAACMAARAD.jpg,311,311,27.23644653960758
78,4AwrU-mNQX-oaQn9fjtY3AAAACMAARAD.jpg,244,244,90.41218444224515
79,5dO2KH9RS-eNA_vrdB6VCAAAACMAARAD.jpg,412,412,18.59711629247348
79,4EvdwbH3Sm2P6OuejmZ8nwAAACMAARAD.jpg,215,215,128.9360388678955
80,4Jr3oK0pTGecuoM12qlLngAAACMAARAD.jpg,205,205,117.97117768756806
81,4Ke-2XvdThmYKxN8eRLK4QAAACMAARAD.jpg,415,415,23.612934854429426
81,qGLKtLD7TMeM-UqPEGqLwAAAACMAARAD.jpg,293,293,18.09094476932358
82,Dnf0Jn0CRdWiIIaixMDIsgAAACMAARAD.jpg,338,338,139.8015407417609
82,4Sur526FQg2TfGd-CTbX5wAAACMAARAD.jpg,357,357,44.646450934685845
83,4TKEDc2OT8GQpE_7fCwL0QAAACMAARAD.jpg,150,150,2322.1738042469137
84,cfVYgviqQsCzfjXKlhxUPgAAACMAARAD.jpg,214,214,26.270148182706173
84,4W3Wk2rOQrWE8ZHS3mnxhAAAACMAARAD.jpg,218,218,28.681863624236364
85,4XLT9us-QKC9CLt1PyczfwAAACMAARAD.jpg,253,253,14.724814259585694
85,QBVPgfagSrmRib_t9X9NfAAAACMAARAD.jpg,188,188,35.78076139144009
86,4XryRPFfR2GrA0zsgnlshQAAACMAARAD.jpg,198,198,66.34481124380268
86,mWVr7Q4PSYyuR3vZB4QPzgAAACMAARAD.jpg,222,222,32.97660483473556
87,ZspH4PJHTMyC9mHZMCggDQAAACMAARAD.jpg,288,288,151.4007671757672
87,4_SXKLB7Toqtwvygy8UB-wAAACMAARAD.jpg,287,287,121.81955707810089
88,4izpQY_ORsWeQ-ha7MGRFgAAACMAARAD.jpg,481,481,1141.39271526173
88,J3HIb9m0Tr29yxmuQ2xGoAAAACMAARAD.jpg,481,481,1141.39271526173
89,4mw6SVoISymW8c1gMoCXHgAAACMAARAD.jpg,264,264,338.0176466023608
89,IYyXaJ7DRaeEifuqKLBw2AAAACMAARAD.jpg,160,160,639.9985314880371
90,4oOeoXTiSS-xAMxYrQjtywAAACMAARAD.jpg,149,149,35.56178271505087
90,G7PidNTjRp2iTxVjoAJZnAAAACMAARAD.jpg,299,299,79.804589906801
91,Lgvj6lJ9TMih61uTWQfJFQAAACMAARAD.jpg,178,178,349.97170628137906
91,4qj8yk7XTWq2gJ_KWt96OAAAACMAARAD.jpg,338,338,693.4073108473593
92,4rPGYMJvQ3GQauzM9Luh6AAAACMAARAD.jpg,232,232,403.79935488885815
92,zr27bALRTeKqO58Vjh6G4QAAACMAARAD.jpg,169,169,623.6386962064655
93,wjXYmNU2Tr26fAWzSKyOLgAAACMAARAD.jpg,311,311,28.307863293039905
93,5249-aaOSPOBubU1PG33kAAAACMAARAD.jpg,247,247,124.80948179882205
94,673NfuzZTmiVu038Ac2gZwAAACMAARAD.jpg,556,556,24.653633981729236
94,588egRH4RkKOqPcnfgHmpQAAACMAARAD.jpg,607,607,18.30706732873933
95,lgHanubVQAKWsiCtVVolIAAAACMAARAD.jpg,179,179,193.62692310635853
95,5MLvZOmWQQ20wEB_mybxoQAAACMAARAD.jpg,176,176,124.71165142498351
96,PUcVMuFfRI663YVRjPHnJAAAACMAARAD.jpg,195,195,393.53942877229207
96,5cm0SI-BT3WYpFEhiHAzRwAAACMAARAD.jpg,194,194,43.328748016150726
97,bOapbbGVSLeCKkXGt3S4yQAAACMAARAD.jpg,297,297,109.57707900535625
97,5hf0-w5vSOKIy7eIDvTvRwAAACMAARED.jpg,297,297,109.57707900535625
98,5k-EFqClRSK9zhxI9tfGVwAAACMAARAD.jpg,192,192,298.4895072446929
98,BBbW-C1LRW65XyRXxv2UTgAAACMAARAD.jpg,255,255,98.63543138623672
99,7PcrW92GR_69VQoRRS27_gAAACMAARAD.jpg,171,171,294.6293042386828
99,5o3iuoWfSz-WdQ7lp72YJwAAACMAARAD.jpg,256,256,408.4070982253179
100,LTeNv9IfQseoaoYM_1zBvAAAACMAARAD.jpg,187,187,1147.017454292278
100,6-CEG_PITNiy5JJQFrPeGgAAACMAARAD.jpg,217,217,931.6448452250016
101,621wi4EwS42dYynnR_l34wAAACMAARAD.jpg,268,268,433.5866556009465
101,9AYQMl-wRh6scZ-7eWYOYAAAACMAARAD.jpg,142,142,869.0585731493915
102,6H1QjZy-TG2uuqDZRNXLEgAAACMAARAD.jpg,236,236,121.87417863426234
102,J-uirbPTSd6Whut6AjOGHAAAACMAARAD.jpg,237,237,141.70901139833475
103,VLGLNWLySveBFjBPNYJQWgAAACMAARAD.jpg,291,291,19.645830066601857
103,6J14ivvYSRqWNkrZHC2xJgAAACMAARAD.jpg,211,211,44.631497182313346
104,6Kd5QDnARGmypFb30qCpogAAACMAARAD.jpg,215,215,74.66963427517425
104,FjzZQoP8T7m1GmjO-7SkLQAAACMAARAD.jpg,287,287,14.92558422111863
105,6LQuaL7aS6eSyWnGj2BOGQAAACMAARAD.jpg,171,171,324.667721253742
105,gz78UdEIQWO5X35p2Y4C1AAAACMAARAD.jpg,278,278,43.434813461148366
106,KS3E64lsTLGLY4H8AipyxwAAACMAARAD.jpg,156,156,42.87843410935269
106,6OR6TfihQsK5cRm1KR_3lQAAACMAARAD.jpg,159,159,92.85960326244707
107,br9YoFyoQiaHGx-Vo7q_OgAAACMAARAD.jpg,189,189,491.68217553387245
107,6awDKm3ZSdWj9ZmfR6BsMgAAACMAARAD.jpg,309,309,144.63549159327647
108,ylvevxq1TxSeoCNmPRdk1wAAACMAARAD.jpg,205,205,829.6604840882155
108,6ekJxaktSuSvUiMbeWBbrAAAACMAARAD.jpg,191,191,415.86413187461704
109,vEVzuVj1QVKjWZ73RiuHngAAACMAARAD.jpg,221,221,26.90251929909542
109,6rEULL0tS9KKsUmJy-Fp6QAAACMAARAD.jpg,332,332,71.78406720815092
110,LDfT0mNhSGi7xnzpKXvDuQAAACMAARAD.jpg,338,338,159.47432753202327
110,6rtjaCu-QMSM8SfgzE_CbAAAACMAARAD.jpg,446,446,1571.569364331681
111,JmJmVhI3QKSzut9bU7jmBQAAACMAARAD.jpg,321,321,65.78910883846342
111,6tXLIt0ARzSHnUrSSjNbkwAAACMAARAD.jpg,255,255,93.1278707018461
112,zCy7-GLQSeqoZ3bEA-Q8zAAAACMAARAD.jpg,166,166,168.96112350350532
112,6w5JvhZrR1SYbUt7RnMZVwAAACMAARAD.jpg,282,282,125.71569858248755
113,6xedCjWaRHiWGPtjcs2AdgAAACMAARAD.jpg,167,167,2353.6555473781937
114,70ioJ8o2SxOX-FFrW5vuqQAAACMAARAD.jpg,109,109,13.178249481445144
114,kh9msp5cRq2RQPAwJXRqwwAAACMAARAD.jpg,219,219,13.685179015223834
115,yJLvDvAuR5qo6WdqdDXJsAAAACMAARAD.jpg,439,439,30.72012479067823
115,71YSaELuSuyRTAz7UL9K8gAAACMAARAD.jpg,280,280,406.9328028319906
116,75595eQcSGmjkaicsOP74gAAACMAARAD.jpg,1138,1138,116.34523841034535
116,RYR1C9XvRIGuAIjASCYziwAAACMAARAD.jpg,365,365,512.3391234354832
117,9dNV6nFySi2v1hfNLGT7OAAAACMAARAD.jpg,224,224,36.55400630366251
117,76z1U1-FQTq8dVUd9rWdiwAAACMAARAD.jpg,264,264,41.55778857740103
118,79TX8q5RR_OzcEWDiZfrvAAAACMAARED.jpg,365,365,544.5381198451552
118,dPN9I7M_RRK5o__siqgkgwAAACMAARAD.jpg,365,365,544.5381198451552
119,79rNIVn4T6-caEkiNSPDawAAACMAARAD.jpg,254,254,215.0796027526087
119,xVVi-4MTR5Kq4Zuy4G9jzgAAACMAARAD.jpg,253,253,232.31290891689014
120,7UWUNnUWR2a90eSuNWGQZQAAACMAARAD.jpg,224,224,580.9206719325017
120,W17BigdxQQG214W8iFsbxAAAACMAARAD.jpg,165,165,593.9108560708513
121,7ZkUDcBWTLCETyBUTSsBMgAAACMAARAD.jpg,822,822,1256.4792240158813
121,W3htim7hTsKH-rNj4l8aqwAAACMAARAD.jpg,579,579,592.1212739400775
122,7blOhGwvSuaVCz6K_Ou4OQAAACMAARAD.jpg,129,129,234.91067105429977
122,ftuEBPM4TqeUFbo1F5_VjQAAACMAARAD.jpg,221,221,327.05154828453874
123,oYEHKIh7QNCZ0NdOYlyJMAAAACMAARAD.jpg,296,296,322.9552583045827
123,7cJ9a1ewQ02fhYLqSKuSvwAAACMAARAD.jpg,229,229,124.25108762041633
124,ULiY9tovSoauekIG4tHfkAAAACMAARAD.jpg,703,703,114.40455917400503
124,7uI0C9G-RMGbfitynex8QAAAACMAARAD.jpg,182,182,859.0002392737415
125,_7VVMA26Rb-o5JZdBOQGeQAAACMAARAD.jpg,177,177,3844.2214040756157
125,7vXkRRmwS_emXKpX_tTrrAAAACMAARED.jpg,177,177,3844.2214040756157
126,F70tpw3dRVO8KjDgI5VDcQAAACMAARAD.jpg,141,141,149.87743021382133
126,8-PkP37ZSJmYN3tWwfIMkAAAACMAARAD.jpg,168,168,83.40653696042087
127,ZSyVCWODQxKAVuVP06UprgAAACMAARAD.jpg,160,160,93.2311900619507
127,82X8GSEDTT6OLao8aea5sAAAACMAARAD.jpg,272,272,332.47191152313326
128,ViboYpfoTWa0henKg6oobAAAACMAARAD.jpg,218,218,119.71694216106995
128,8Gceror8TkyabUUoen-gAQAAACMAARAD.jpg,359,359,181.9097276610177
129,DZaYo6XVR66T0yynhsYoFQAAACMAARAD.jpg,179,179,338.667164569011
129,8Py0vt62Q8C9zZxD726dOwAAACMAARAD.jpg,444,444,167.3128551288672
130,G91VGsjiRVaRqWf6gB_H8AAAACMAARAD.jpg,284,284,165.79834102163855
130,8Yz2MTtiSaWvbd8vwBTvkQAAACMAARAD.jpg,375,375,542.6005588415021
131,dzmOx_EpRVub9gHydlNVdwAAACMAARAD.jpg,192,192,84.50331970203071
131,8aRTtqmRQEqB_F_eofY65wAAACMAARAD.jpg,247,247,58.65285853545996
132,hZJNrwsRTxmvvl_S-a5jywAAACMAARAD.jpg,264,264,253.33094839567198
132,8nwEFnh1QF2CbWuOTHNHsAAAACMAARAD.jpg,343,343,47.29333453052738
133,SNqcO_uSToSxo2YQewjytgAAACMAARAD.jpg,183,183,109.78771442300406
133,8xBsYu54SSOuElB4WEk6PgAAACMAARAD.jpg,239,239,203.44375838926194
134,92rVAv1mR4-vlS1G-U175QAAACMAARAD.jpg,197,197,148.21968673676028
134,ue-sGy7OS_CTzRlHfpNKOAAAACMAARAD.jpg,215,215,96.2413040248906
135,94FFvmA_RqCiHMvan2sQxwAAACMAARAD.jpg,201,201,91.05465166594618
135,m2cvZeDEQFO3uG9GwNa9fAAAACMAARAD.jpg,157,157,289.0127370611266
136,9BN3zUEnRsGR2eTJDCMK3AAAACMAARAD.jpg,192,192,64.39896196126938
136,DLWO8JJrRiqesOKutnp8gQAAACMAARAD.jpg,183,183,421.57688692614056
137,9P_J45qIS2aLPMhSvxdi0QAAACMAARAD.jpg,394,394,185.1919509416943
137,PVH3f0jwQCSITn9t3UdydwAAACMAARAD.jpg,284,284,1829.9650254110438
138,9R4nQX-4SQqSSylyda56eQAAACMAARAD.jpg,262,262,211.92000780430598
138,IPC4Hu3sRymuoCu2dX_NbgAAACMAARAD.jpg,190,190,607.315665398516
139,9SCfr0lYTbmnLACb9HuP5gAAACMAARAD.jpg,198,198,53.36279059901051
139,NmQEygcyR_y8s_Soo6o_0wAAACMAARAD.jpg,150,150,112.46341543506173
140,9Uiv3OtxQbmSM5egLplCPwAAACMAARAD.jpg,181,181,193.20473561980114
140,CoKUiVwKQCyRq3CzkH2c4wAAACMAARAD.jpg,347,347,30.81637450959678
141,liA36NMaSiaCbIQ2suzNEQAAACMAARAD.jpg,131,131,726.9718497547577
141,9o9J2AVcQYmm26rquX6GiwAAACMAARAD.jpg,218,218,33.08525159723142
142,srg93w4WSJ2LKlCcJWhI-wAAACMAARAD.jpg,234,234,59.87667866893654
142,9ujomu1XTzSE8yhDFk98cgAAACMAARAD.jpg,347,347,50.55788069638901
203,jfZa22ynRtutL9wWpHmiugAAACMAARAD.jpg,259,259,127.79338717424757
268,F5Zh80AsSzC9yvUZ1MQVEgAAACMAARAD.jpg,193,193,104.92824376504284
281,z4-nBJvzQEKVGCW6TA7avQAAACMAARAD.jpg,220,220,23.88239959702206
297,O_4vmXNnTeScsXkScRsTJQAAACMAARAD.jpg,180,180,51.35219996570644
378,O1CN01rek9XL2HxREAZK0gy_!!1065539217-0-antinsbiocamera.jpg,222,204,358.3866754269271
387,O1CN01COwpky1gFni1Rcudp_!!6000000004113-0-antinsbiocamera.jpg,323,253,176.03761077920345
448,gyjQCsf8TeKQ75hQD_UzVwAAACMAARAD.jpg,238,238,779.0314923840241
452,UuilqR07TCGzQs2pHRMKvwAAACMAARAD.jpg,266,266,2855.141343100924
493,hUrTycxVRWOxMeNDfnbpBAAAACMAARAD.jpg,224,224,507.0293725457404
517,PWO2-q1nTEyGxEj7ifaBLgAAACMAARAD.jpg,288,288,150.85122960210845
519,MQIVSnBdReuOTJi9h2j2VAAAACMAARAD.jpg,221,221,104.57854150085743
566,p_xAF_EDSJW56LhW_uuQHwAAACMAARAD.jpg,264,264,169.9642192252948
577,UQ9u7m5_SKCRhyFfP10LDwAAACMAARAD.jpg,214,214,693.9132491446934
765,BRWY6k1aSz2TMGiFKvWLVAAAACMAARAD.jpg,334,334,237.05468842039883
814,ZtGhH7maQu2iJpScugopQgAAACMAARAD.jpg,149,149,229.6597592748731
916,HOjBtvmpSaSUtxFELLRHUwAAACMAARAD.jpg,170,170,1070.2522103423091
997,O1CN01DjtYD02GKg6p9E7cd_!!173768997-0-antinsbiocamera.jpg,604,901,202.29061795981642
1008,O1CN01HXz2BU25LAfjySmUf_!!0-mtopupload.jpg,265,265,1003.4681586066044
1017,O2hmsS0jTmSzvq6lWLEk9gAAACMAARAD.jpg,527,527,53.034889393781185
1039,i810dUL4SaK1Lx3xzTTGFAAAACMAARAD.jpg,348,348,256.05284118935975
1076,hdBC0fY1SIWPHoyYjpNL2wAAACMAARAD.jpg,267,267,68.03118267860089
1098,Fc2iiqpERjqMa6_BkqAA8QAAACMAARAD.jpg,317,317,385.07338128285306
1225,fG5ktDozQlO-MvDutSW2gQAAACMAARAD.jpg,170,170,1215.8770734198586
1241,N95gyrCBTVmdAWn-1IUScQAAACMAARAD.jpg,213,213,1585.6082521680378
1313,N2gPBfkUSwyODfkDa0MjfgAAACMAARAD.jpg,318,318,382.57871273063773
1379,O1CN01It6HIR25MXrSmb4N4_!!0-mtopupload.jpg,597,439,237.82572662284085
1385,oPSG9-PeShagweLNMN6iZAAAACMAARAD.jpg,171,171,114.31181658870838
1396,VAtWzrPpTretoKqZprDRSwAAACMAARAD.jpg,269,269,122.56721387729992
1440,O1CN01NsJWqz1CMGqHy4s3W_!!6000000000066-0-antinsbiocamera.jpg,204,204,123.56848258970797
1445,O1CN012CYTzZ1xlGHiOzz3Y_!!0-mtopupload.jpg,110,110,3057.1430213510007
1455,A4t664kFT1aBdPMoWGwprQAAACMAARAD.jpg,253,253,852.7457546509366
1455,HKF1kVrhQm6QbuwJoEPNOwAAACMAARAD.jpg,186,186,418.24731396266816
1456,A6zlGF_DQPanGDBaHNzEjwAAACMAARAD.jpg,173,173,17.981227231823436
1456,HSCimDw8QqCuv_toBL3IIwAAACMAARAD.jpg,150,150,19.915930332839505
1457,ljqXvzTfTX-BCaXVWKKpCgAAACMAARAD.jpg,234,234,140.1642040968277
1457,A8vwHHBgR4eNRwwr7eqMRQAAACMAARAD.jpg,156,156,348.40294562670664
1458,ACQZrcGXRya75kOh4EqHVAAAACMAARAD.jpg,207,207,13.675121826711141
1458,DAizUGVvTWCdPU3KweaAdAAAACMAARAD.jpg,231,231,59.972196661414465
1459,SOtiKj0eRiyqX7JglCEiRgAAACMAARAD.jpg,475,475,496.23891922614956
1459,AI47oan4TeSxp_QpnNg9QwAAACMAARAD.jpg,325,319,108.06989833937962
1460,AJAf_1nnRVeOUlb7tp-5GAAAACMAARED.jpg,630,630,35.077147440255835
1460,dvvTH-NvR3qO2QCA2y2R6gAAACMAARAD.jpg,630,630,35.077147440255835
1461,sPZASvyQShKhTzSOSJCIygAAACMAARAD.jpg,183,183,664.9168998852934
1461,ALIbTbFCQgOFFOSMOyt0QwAAACMAARED.jpg,183,183,664.9168998852934
1462,ndJe23SBTRiyXdRD8sQ71wAAACMAARAD.jpg,158,158,499.22020744963277
1462,AMEWyYNuSVGHSWJheOiexgAAACMAARAD.jpg,158,158,312.32307996355644
1463,h5KqKZzRT1Gmoomh5vfKDwAAACMAARAD.jpg,212,212,27.672076977943426
1463,AMhBKyaeS6eo5aVQyBEwnQAAACMAARAD.jpg,478,478,79.62344396224353
1464,Smz1ajB8RQu7r0vCE2PMmwAAACMAARAD.jpg,167,167,3665.7650154506196
1464,AuClH1R2R8C1RuoYf9NGUQAAACMAARAD.jpg,226,226,366.46578052250715
1465,Ax7ZEOHtS0ak1yD9srjZBAAAACMAARAD.jpg,168,168,159.4553413506252
1465,EikOxJ15S-atlgQUk6A-GgAAACMAARAD.jpg,118,118,202.53107943119792
1466,fNQTxuFnQ_ii-6hJHdwyggAAACMAARAD.jpg,215,215,53.7864983771796
1466,B6uYe7L2RtuObAMMplrGGAAAACMAARAD.jpg,227,227,36.99849494348932
1467,dkORxcBaR_yee-k6FCfVmAAAACMAARAD.jpg,237,237,339.45654802503634
1467,BLfubprlShi9jLAO-5FnCAAAACMAARAD.jpg,157,157,1138.0459627415332
1468,QIOkXKeKQzigfSvTq3omCgAAACMAARAD.jpg,195,195,991.7619331508346
1468,BR6D2IbVStqt4llT_hVFIAAAACMAARAD.jpg,292,292,424.2542429629213
1469,rbjqpI2QTFGGuUNfTmnJgwAAACMAARAD.jpg,182,182,363.6429335410049
1469,BRBd98gzSTiYvpO3SQAnKgAAACMAARAD.jpg,245,245,92.32428900952522
1470,rER2wk1ZSkaDeS9sxJbG4QAAACMAARAD.jpg,192,192,215.76256248612464
1470,BUm2rigfR1OWAJ3v7bAQDQAAACMAARAD.jpg,251,251,46.231963982944364
1471,BfLpdt3vReqC6eeztepsSAAAACMAARAD.jpg,176,176,83.96965763479477
1471,BqnShoHOQsqv0kMYs1288QAAACMAARAD.jpg,251,251,91.8492898643557
1472,Bv4tfSpQQbCXL7WjQU1fDQAAACMAARAD.jpg,229,229,262.1895062332676
1472,ZP3uv5liTXuZE63xq4tfHAAAACMAARAD.jpg,292,292,1072.3036175868194
1473,W7gQ26T0TXy6W7LeJfDkZgAAACMAARAD.jpg,256,256,39.16027356102131
1473,BzUNpMMdQFyQkLdlV53svQAAACMAARAD.jpg,219,219,52.55267855637629
1474,IzcrgHfmRxCqY0BdYB5NfgAAACMAARAD.jpg,213,213,237.89774711562714
1474,C8JSANdmTkC13ywqDCFgCQAAACMAARAD.jpg,271,271,737.6870268987462
1475,C8TazVwiSM-CR0ZKZ8Am6AAAACMAARED.jpg,231,231,637.0725544075042
1475,qpALDgiKR6mSmC54y4dfEgAAACMAARAD.jpg,231,231,637.0725544075042
1476,CGcHiPReS927jUTUlyNxCwAAACMAARAD.jpg,361,361,315.8494605675012
1476,Y5CTWn32QcC0no774I1iIAAAACMAARAD.jpg,300,300,8.464599960000001
1477,igHuIG7IS8SUynFpYHe_ywAAACMAARAD.jpg,246,246,232.44115196608396
1477,CXNW0JeDTMaJABeidHCmkAAAACMAARAD.jpg,214,214,492.5059179345533
1478,D9t9NkgYRzupJuesOGFFxgAAACMAARAD.jpg,295,295,39.55506024204445
1478,CfKv21PwT-i2xZi5qaAfAAAAACMAARAD.jpg,223,223,92.69951341381997
1479,dSsXqRt7SvCAv0k-uQUkfQAAACMAARAD.jpg,312,312,227.2211343970368
1479,Cy7Xh3ZKTqKrIhFjK6H60AAAACMAARAD.jpg,262,262,429.70664777763216
1480,Cyujg6tHS123VaL_tKCx9wAAACMAARAD.jpg,146,146,183.68480847986322
1480,WisugtDCS9addMkVSyIBvAAAACMAARAD.jpg,211,211,60.13123220055234
1481,D8YdL-SsQZ25owE4Knx0RAAAACMAARAD.jpg,171,171,140.15922502339407
1481,WZo64dcbSVeYQGiDaGAPCQAAACMAARAD.jpg,278,278,74.66490828025175
1482,J_mTkLulR8maeKKDyFtKQQAAACMAARAD.jpg,339,339,332.05702546455916
1482,DA5L_xzIR3W3CnO6wt4kPAAAACMAARAD.jpg,142,142,230.1211405962282
1483,DLZVPeVCRUWyU79R98aBYAAAACMAARAD.jpg,159,159,96.43522734686404
1483,jvz9yIoERLCm2WPaxN-DLAAAACMAARAD.jpg,221,221,27.98800139905737
1484,DVsMc-UBQB2zoLcRNMaokwAAACMAARAD.jpg,674,674,361.1933342548692
1484,gZTYCGcbTk26HuFE68NUxwAAACMAARAD.jpg,218,218,980.7199185989679
1485,O1CN01pOb8bX1dmMx74Pisg_!!0-mtopupload.jpg,826,826,59.01396386839325
1485,DZYpm-pAQQmS2LKqsQlc3AAAACMAARAD.jpg,172,172,567.0923526442457
1486,DZa0jq6jS4K8nLLOctO_ugAAACMAARAD.jpg,326,326,64.84860915888608
1486,giTIkHuBS76hQJ4_8Q0XZgAAACMAARAD.jpg,196,196,69.5251340304017
1487,TX-FAyiRSZ2wM7PLo85zwQAAACMAARAD.jpg,257,257,237.23607196206166
1487,DjSkiQDFQbCA1jFAX6o39gAAACMAARAD.jpg,193,193,436.81068979276887
1488,nDytPZ_hTEquUAUfy4YbIwAAACMAARAD.jpg,154,154,267.47419378845484
1488,DkKx3yaWSnen5aDYm0lnfAAAACMAARAD.jpg,204,204,179.29731675516737
1489,FXWpSfuvRsyZNO5l5KxOugAAACMAARAD.jpg,311,311,72.35102788339411
1489,Dkgi6XjdRdOkTGSgqsr53gAAACMAARAD.jpg,200,200,175.2694355975
1490,DohFw64NRPKo8O8mm5WB0wAAACMAARAD.jpg,280,280,11.15095834483028
1490,KjxZdPJgQDSjHffQQJtBewAAACMAARAD.jpg,240,240,15.384741594027295
1491,a98wvHqnQyuY-r21rlx0CQAAACMAARAD.jpg,196,196,52.775632887604225
1491,DpIprnmwRc6VakcaISeOPQAAACMAARAD.jpg,206,206,245.57887669488787
1492,alAzIzqHRVyCA60240kzSwAAACMAARAD.jpg,195,195,312.91753554225073
1492,DxXl7S2QTuaayQg-Bm39VQAAACMAARAD.jpg,251,251,767.3037618026478
1493,vneyM7ZUQKmBMRbDugHaWgAAACMAARAD.jpg,266,266,199.36967932773638
1493,E6Bu9nywSc29ZzjRE59fTgAAACMAARAD.jpg,201,201,78.36884045762804
1494,EAPFqwAIRL-7oNVe9bulgAAAACMAARAD.jpg,210,210,168.2051315424129
1494,y8Nif92iQeGIpIZ6ZEnNnAAAACMAARAD.jpg,233,233,36.619404909006406
1495,EC_SSOPbRoCOSV-P4p6xoQAAACMAARAD.jpg,171,171,143.14193342678368
1495,EDAZ0ENwQgSB5nhjcC4yEgAAACMAARAD.jpg,127,127,707.4474917128891
1496,LsXe40XNSuS2vtnHs0WZWAAAACMAARAD.jpg,220,220,16.057479168089614
1496,EE9zZ8pUTRuSapotBEPMigAAACMAARAD.jpg,154,154,29.679742065202834
1497,ElPW0KggTNeHxMBZ5GxYqwAAACMAARAD.jpg,205,205,194.44925049726427
1497,IT5LC0l-Qu-eYtNt4a9ykQAAACMAARAD.jpg,157,157,209.27128003461755
1498,EnDbuQcNQxmoRlp96icb5wAAACMAARAD.jpg,181,181,464.81557177120646
1498,_60PlQV-T4mSVinlgAuVvwAAACMAARAD.jpg,263,263,564.9267487554409
1499,ZJa1nb8DQuW1rhKyGFA7XwAAACMAARAD.jpg,263,263,402.88872852893775
1499,FDCJxSn-QYqG90NxDKs-mgAAACMAARAD.jpg,164,164,84.31478556655844
1500,dj8Go5XcTmmgWHMpqd-e-wAAACMAARAD.jpg,170,170,583.5636335041486
1500,FTcM9WHqQNuP2bgRklRZqQAAACMAARAD.jpg,305,305,203.30287013684472
1501,xXNOW0qgTv60ptmrjfw5zgAAACMAARAD.jpg,239,239,17.424298423022353
1501,FY6Ss9d6T9-xM3eY_s5W7gAAACMAARAD.jpg,163,163,51.75637050761646
1502,FpCOFmiYQb2OVWMzbGFqswAAACMAARAD.jpg,171,171,666.9860143855145
1502,bn35mD0lQ4uFZy_ENqrDDAAAACMAARAD.jpg,199,199,145.56102809471858
1503,FtITz9-lQUipSiULnONSXQAAACMAARED.jpg,196,196,59.36472682380428
1503,wTa63xfNQxG8sEiMjkMamAAAACMAARED.jpg,196,196,59.36472682380428
1504,twl6wrAhQdKSzuf0qS7EmgAAACMAARAD.jpg,211,211,108.79422060317707
1504,G-ejN2KmTDG-xZupGckuuwAAACMAARAD.jpg,163,163,226.5678557974897
1505,GAHgd6CVQGGvYrFl2W7XCQAAACMAARAD.jpg,177,177,89.30699852778623
1505,oPQHfdKJRGO2HLvonw427AAAACMAARAD.jpg,164,164,52.414384650497695
1506,i1hVUvMGSEyEI1QmEGTk9gAAACMAARAD.jpg,192,192,291.63329971866847
1506,GAhJFW-TRdWLk4Cu6ZsjVQAAACMAARED.jpg,192,192,291.63329971866847
1507,r6X6XWClQ5y88xr3IFonbgAAACMAARAD.jpg,178,178,213.5430909725953
1507,GFJusJ-gSBS4XoKOyozYjQAAACMAARAD.jpg,175,175,227.04954111893377
1508,dy0iOSwgRZGlfbvpAm_22QAAACMAARAD.jpg,290,290,86.2364767038843
1508,GHhdmpfTRiKsbQi4pcQwQQAAACMAARAD.jpg,203,203,119.31131151331739
1509,GQNoS3D0T_2uxIvSPO6xXgAAACMAARAD.jpg,246,246,2139.6523883202517
1509,SRPvgWLQSjuX1m92klEJ-gAAACMAARAD.jpg,374,374,726.6120484450079
1510,OREnCiSSTJqg5L9v1CUMPQAAACMAARAD.jpg,178,178,236.637768806943
1510,GZeM55iNRPyezoZecoCghQAAACMAARAD.jpg,281,281,65.14445243281186
1511,jlol6d0aTT-9OtOVHyvH9QAAACMAARAD.jpg,182,182,38.132350220184584
1511,GcFMeDJjQYu_jeF6_BiZrAAAACMAARAD.jpg,186,186,35.186326298187474
1512,Qxp1j4zWSTGXiymlXHBHgQAAACMAARAD.jpg,189,189,266.65434814696147
1512,GjVl3Se4SyGhX2-4zE05KwAAACMAARAD.jpg,249,249,284.2675669410592
1513,H8bnWJB7TcuTlzJw5rmOnQAAACMAARAD.jpg,205,205,75.31118975511376
1513,yTlEIAxjQ-mgir62LwAHDwAAACMAARAD.jpg,311,311,64.62775937896996
1514,ZTyQ5hwuTlCNzvPldRbtIQAAACMAARAD.jpg,495,495,44.67855561991768
1514,HR5l2Hk6TzC4_G2o2jhIsAAAACMAARAD.jpg,334,334,20.55827082356115
1515,rBw0wUvyRzeC4YSKd30GZQAAACMAARAD.jpg,223,301,226.5743487384209
1515,HWNANFS7SHa0l24KI9ncRgAAACMAARAD.jpg,427,395,91.09748460068366
1516,HYcjr6YYTw-Ng0f9ExA4IAAAACMAARAD.jpg,213,213,356.52000045098345
1516,NoIzVJbVTAydK0mNzNc6sgAAACMAARAD.jpg,208,208,379.7116126905974
1517,HbtKFpPWRw-VvKoFEPqBjgAAACMAARAD.jpg,261,261,40.114337743528026
1517,dLbF22WJR8aK1EOOKz2xGQAAACMAARAD.jpg,261,261,40.114337743528026
1518,HffzVbhQQp-YMxqR1Tkn1wAAACMAARAD.jpg,229,229,120.73390188461232
1518,gNinLsvbTL6LbAxSL3nALQAAACMAARAD.jpg,171,171,181.70139959275005
1519,I_LdsF4AQ7SOYbHv_Q_UfQAAACMAARAD.jpg,254,254,194.2774081157701
1519,HksLd8AEQ9OXfGip9GdRdQAAACMAARAD.jpg,276,276,193.6277003732631
1520,nZpapD_gQ9GGZYfB9-y7qwAAACMAARAD.jpg,243,243,34.42513298257697
1520,HlGQx0VKQmi1TLpeQ750wgAAACMAARAD.jpg,153,153,133.00188981090395
1521,I2_5OMZRTNuN8UWJCzufZQAAACMAARAD.jpg,189,189,166.71840372120957
1521,et75wYjfTnm0h2pHGZ1J1wAAACMAARAD.jpg,249,249,307.68886068875804
1522,IAvyD0AiQ4OwkmalJT3MTAAAACMAARAD.jpg,167,167,144.75951087199857
1522,_SUC4mTATxmFB4YorxKAxQAAACMAARAD.jpg,174,174,530.303989778383
1523,IMz698zuQry6ZXzk8-XW0wAAACMAARAD.jpg,262,262,97.41387230181124
1523,Jf8aLDfJQBWBpzMnsDSmEgAAACMAARAD.jpg,246,232,167.17265532350245
1524,IS7fJ2kqR1qRw9vUOW2UQwAAACMAARAD.jpg,169,169,156.5724883199538
1524,flKCvELiSti6EClhChP08gAAACMAARAD.jpg,235,235,57.22695041745557
1525,RquVxigaT0iaIzi2803OpQAAACMAARAD.jpg,207,207,262.84127383784397
1525,ITe94uS8QmCAlfB325IXMgAAACMAARAD.jpg,285,285,35.53204240946926
1526,P-1wYRu3Q3OJKaUV_x-sXQAAACMAARAD.jpg,209,209,37.57090166792215
1526,Icd67HphRdix2wfNUktcFAAAACMAARAD.jpg,174,174,13.476885567518774
1527,IhRK6Kc4Q7iuiUsttGK-SQAAACMAARAD.jpg,285,285,7.124100786879425
1527,JydQNtz6Rbi3xwUKc9JICwAAACMAARAD.jpg,234,234,126.84621022728204
1528,IhjFdR_QS1W3SBgkh4GNNAAAACMAARAD.jpg,143,143,181.18144230081995
1528,kSEY4k_dTiOeQGyIeqRpXQAAACMAARAD.jpg,306,306,50.43704593259637
1529,IuO6HPG6RbO9Sx53nWLVIQAAACMAARAD.jpg,226,226,42.53013391458694
1529,PG8g7joMRg21Wwau9Z3RMgAAACMAARAD.jpg,214,214,35.64369882913742
1530,IwYzHbxQROW8eTlE-XigkQAAACMAARAD.jpg,222,222,142.77096243019452
1530,auCRE80uTt-OMAVnFrFhLAAAACMAARAD.jpg,429,429,19.943457602514798
1531,IwvoqBI5TWeJoTAF8YTJlAAAACMAARAD.jpg,204,204,793.0135559719511
1531,ewYrSsQqQKCtkfzPKoRmqAAAACMAARAD.jpg,194,194,129.44712625080507
1532,L0XW12mxRjSBgydoODBhDAAAACMAARAD.jpg,996,996,334.44280146791345
1532,J0X_L8jNTdCUJExbqWkZVgAAACMAARAD.jpg,315,315,282.7450824935325
1533,J7TdR3nsRqGAYzYjONxzEQAAACMAARAD.jpg,188,188,146.74254774543664
1533,Ko09ZlxpRU-9KUuVMLYsMQAAACMAARAD.jpg,243,243,31.74251920258031
1534,lQENuOuzTL-61qFaoDlkBgAAACMAARAD.jpg,252,252,398.94991741552593
1534,J8iR6WWcShaPm7ZxDfSLGQAAACMAARAD.jpg,188,188,244.70025689099222
1535,JQG1KHcTRPGepTwtTm435AAAACMAARAD.jpg,310,310,19.099510907819095
1535,ZXFHV9y2TQ2dm-y4NpygKQAAACMAARAD.jpg,231,231,49.59508292769196
1536,xwFWCNqrTX6jLaMA0GD40gAAACMAARAD.jpg,171,171,2115.363213274739
1536,JQlKxS4sTqG5RsIt_oFdWAAAACMAARAD.jpg,304,304,576.5189901196745
1537,J_hsEgOaQ2mFlzhPdLthMwAAACMAARAD.jpg,333,333,91.15045286265008
1537,ME1iGYI0ST6q1_4m3W8ejAAAACMAARAD.jpg,263,263,57.53248518320687
1538,r7Bhqb5tQj2jt33AD7MfBwAAACMAARAD.jpg,236,236,145.44437115080947
1538,Jvi_uAx6SNuCSuIyOc_QEgAAACMAARAD.jpg,208,208,263.4645434909456
1539,sBRQhsFLQq6Z6RDBCYpUpwAAACMAARAD.jpg,243,243,213.91381658415307
1539,JyTOnomRSAid1Ap7bI4BugAAACMAARAD.jpg,233,233,447.78717601763014
1540,KCtj0psuQuWm6KLniTpB0AAAACMAARAD.jpg,279,279,180.06126013868547
1540,vDXsLScXQkKIhcmr3h0KbAAAACMAARAD.jpg,173,173,79.58982194800674
1541,KEi0oI2NRP2a6F09nB6TzgAAACMAARAD.jpg,110,110,260.99565791954103
1541,VpDiYePkQgGncEqIab6T_wAAACMAARAD.jpg,185,185,51.568238545141
1542,OWkdMlbRQTOagoJopFjOAAAAACMAARAD.jpg,324,324,1852.1538958100898
1542,KYK7wE_URu-jWlUdAW5VSAAAACMAARAD.jpg,172,172,63.93046443767859
1543,zwD5QGqcQA-vdV7t8OpC-QAAACMAARAD.jpg,136,136,217.46051122949248
1543,LES5N_edSlSFJJM9HG8zWQAAACMAARAD.jpg,181,181,227.7111928176871
1544,LF1_EJvXR22NlR_TqG6wVgAAACMAARAD.jpg,322,322,183.88113152939104
1544,vSQyKwb8STevTzOFPml31QAAACMAARAD.jpg,212,212,91.38582516389052
1545,Lb8wKJOjRRWWtt6C1d2sDAAAACMAARAD.jpg,192,192,60.21054840014305
1545,lDHa9-8aS7CB22rVk7E_1wAAACMAARAD.jpg,350,350,12.684118839750104
1546,LjbcuCEmR02mLZmj2xCHGQAAACMAARAD.jpg,202,202,1330.8005486183933
1546,l_LodMXESX-dVBVf23SwEAAAACMAARAD.jpg,353,353,218.5239103599195
1547,OykXYO8ARJCvhvU8mIN4FwAAACMAARAD.jpg,287,287,156.8832554869131
1547,LyEYseadQv6kl-bFHQ6MSQAAACMAARAD.jpg,159,159,29.534227381068405
1548,MRCsueZCSfOPp5Mwz5zzewAAACMAARAD.jpg,171,171,393.5027855719225
1548,heBQDY-ARhqLYvmee2MuDwAAACMAARAD.jpg,199,199,100.49546431278118
1549,MdxCo5dGRuy0vH6PRSdIUwAAACMAARAD.jpg,185,185,135.6160244111365
1549,hw0E8r8tRQmorTrTZ6HWeQAAACMAARAD.jpg,198,198,74.17287068212994
1550,Q3P78v-cS2-UuDDbsdRM0wAAACMAARAD.jpg,160,160,79.13099599609376
1550,Mjh6ClhGQb2DF6OmxswK4wAAACMAARAD.jpg,209,209,20.593185409962793
1551,MsnDcdBaTFu1_3aDvJQiNQAAACMAARAD.jpg,265,265,278.35835967799676
1551,is7VrVxxTsymiLKUXw-qCQAAACMAARAD.jpg,219,219,175.3286839843355
1552,MyZGFfIORPuFfYRuDI6YJQAAACMAARAD.jpg,173,173,33.48754029663671
1552,TXUWRhIJSIaVE22TTIDOGgAAACMAARAD.jpg,206,206,22.712711144837687
1553,h9FbHKWuRVajkEODCPs61wAAACMAARAD.jpg,343,343,272.1718172198485
1553,N92qn09gQiakHbn-keRHQAAAACMAARAD.jpg,425,425,100.6082931528425
1554,gvjqEucCSaiVbyZjVkmt9AAAACMAARED.jpg,259,259,808.1015874945019
1554,NbbT5FFdRiCtects9W1lcwAAACMAARAD.jpg,259,259,808.1015874945019
1555,ObET9GMpRfiOh62451NYtgAAACMAARAD.jpg,186,186,114.01002693231851
1555,NmW3by98TDePqklrQAsFQQAAACMAARAD.jpg,238,238,19.23818096933087
1556,OV7FrkE7Q-aNE2zMG1SH2QAAACMAARAD.jpg,310,310,6.593195593278335
1556,NougR75SRraRgfYzdDG-XAAAACMAARAD.jpg,802,802,12.287994716765155
1557,Nvti5UtKQDuUSaLNto8gywAAACMAARAD.jpg,198,198,63.95619393825609
1557,lFQKKIZUTgyqEkMgsTkMvwAAACMAARAD.jpg,276,276,75.66033535905927
1558,O1CN0104FoMx1yVWHhOfdbc_!!0-mtopupload.jpg,1034,1034,286.3085426161416
1558,O1CN018fSwOS1SPVNUSLvkX_!!0-mtopupload.jpg,694,694,16.687672848306146
1559,O1CN01uN4vRE1w3vBfl5JIV_!!6000000006253-0-antinsbiocamera.jpg,230,230,166.1408938490071
1559,O1CN0105fKLn1ZqiDY7wYjN_!!0-mtopupload.jpg,248,248,74.89690606883829
1560,O1CN010Jp40w1n6pF7BEiki_!!0-mtopupload.jpg,327,327,790.8553765484605
1560,O1CN01q5Smhj1LwkuYLq5Om_!!0-mtopupload.jpg,328,328,590.6936485945698
1561,O1CN010YaE0k1twvuhJZ4V6_!!0-mtopupload.jpg,309,216,84.0195356717294
1561,O1CN017EIaGS1FyEP9zlveK_!!0-mtopupload.jpg,563,563,28.491512276467464
1562,O1CN010Z2gdw1StjcW7ggKN_!!2606422305-0-antinsbiocamera.jpg,208,172,3456.957675750905
1562,O1CN01Hgyejj1StjcW7mBRf_!!2606422305-0-antinsbiocamera.jpg,208,208,4030.527973022653
1563,O1CN010mg8V31Ekf3NE6mwI_!!6000000000390-0-antinsbiocamera.jpg,198,198,63.15554560951695
1563,O1CN01k8qdQF1luczcLjM2p_!!0-mtopupload.jpg,426,426,2090.8055568672576
1564,O1CN011BhA0r1jsDg5p8Obg_!!0-mtopupload.jpg,196,196,3564.019739395601
1564,O1CN01qZN0Vz1DOqZZbJVFX_!!0-mtopupload.jpg,175,163,738.0398947848537
1565,O1CN012Ehlfg1m6XI5zUFoF_!!0-mtopupload.jpg,422,422,163.7303136832951
1565,O1CN011KDyuV1P9WiQ9Vr2W_!!0-mtopupload.jpg,272,272,853.9259123921678
1566,O1CN0123Urq61VtDvMrwouv_!!0-mtopupload.jpg,185,185,44.43777807691015
1566,O1CN01NuIqXi1SueJKihpNr_!!6000000002307-0-antinsbiocamera.jpg,343,318,64.42252965464513
1567,O1CN01yspsUu1u08iFH1BCF_!!0-mtopupload.jpg,124,124,559.9299352017985
1567,O1CN012cy4hu23AWEL2cY7g_!!0-mtopupload.jpg,227,227,204.57439811547187
1568,O1CN012llyHN1iZbyE1Idvs_!!0-mtopupload.jpg,396,396,183.6572923497712
1568,O1CN01DrEyy51plFOJpCSGt_!!0-mtopupload.jpg,319,319,32.28621273600528
1569,O1CN01phlRzH1cTIowouRsf_!!0-mtopupload.jpg,314,238,659.1314265220637
1569,O1CN012xoP931DesR8hnbMP_!!6000000000242-0-antinsbiocamera.jpg,315,315,95.15703294597122
1570,O1CN0134JuxX1Q9MBOyQNCG_!!0-mtopupload.jpg,790,646,474.892260897633
1570,O1CN01thBmnc1Sl1zVJJEpt_!!0-mtopupload.jpg,345,267,352.5891088553469
1571,O1CN014XAsCh25ljcJY8ZPV_!!0-mtopupload.jpg,799,706,372.42630413001945
1571,O1CN013Nk3bw1GR5MBa8F1U_!!0-mtopupload.jpg,939,939,56.26373277120712
1572,O1CN01Dt0uMn1SdFGLqfLhV_!!0-mtopupload.jpg,443,443,98.45196930699016
1572,O1CN013PBRy41gsGsMn2muR_!!0-mtopupload.jpg,422,337,84.09405902846454
1573,O1CN013TVTJq2JKAOlfLPFR_!!0-mtopupload.jpg,441,441,109.194646155351
1573,O1CN01Bn3ENK2JKAOpnhAqg_!!0-mtopupload.jpg,179,179,1953.721411656368
1574,O1CN013lhKx71oiD85DE5Ac_!!0-mtopupload.jpg,259,259,426.07032588537135
1574,O1CN01YjbbQt1LfLnXFyDbH_!!0-mtopupload.jpg,214,214,128.15764786839335
1575,O1CN01RFNyuB1HfZV1z5Btp_!!6000000000785-0-antinsbiocamera.jpg,263,263,39.920479624319064
1575,O1CN014Ikerx1GKfoK2nF0U_!!0-mtopupload.jpg,453,453,184.87168455439576
1576,O1CN01O2ZQVQ1FXD2FrVQhN_!!0-mtopupload.jpg,175,175,285.898520132878
1576,O1CN014dZJHM1K7czZz5W1M_!!6000000001117-0-antinsbiocamera.jpg,218,218,145.69358200621502
1577,O1CN01V0Q8Yz1eH3SbYh367_!!0-mtopupload.jpg,306,306,107.56103561352764
1577,O1CN014pvSiY28yxuE9KagX_!!0-mtopupload.jpg,253,253,355.4686786697289
1578,O1CN014wi2vf1Vu8idsba7u_!!0-mtopupload.jpg,796,796,49.63235120388652
1578,O1CN01aYgUd41sXSGNZSrGy_!!0-mtopupload.jpg,656,713,48.143483312436125
1579,O1CN015bmR6R1yx039tBBEo_!!0-mtopupload.jpg,618,618,83.46133402947714
1579,O1CN01qZXvPX1nWTKpXkDOc_!!0-mtopupload.jpg,386,386,99.37197548006039
1580,O1CN01x7JLCo1beSrIPVREV_!!0-mtopupload.jpg,225,225,607.1764855380826
1580,O1CN0165M4S11iqYcsF6ls4_!!0-mtopupload.jpg,154,154,322.2728753733567
1581,O1CN016MAyZk1hOKbNOnbtw_!!0-mtopupload.jpg,493,493,178.94471620630324
1581,O1CN01FFmqdw1xz0AHWVHlB_!!0-mtopupload.jpg,539,539,119.48444198061691
1582,O1CN016Nj96k1PAtttvF0da_!!6000000001801-0-antinsbiocamera.jpg,286,286,89.77067972998793
1582,O1CN01jhdokc1qGqfdH2xZd_!!6000000005469-0-antinsbiocamera.jpg,325,325,112.41933749784113
1583,O1CN016hr2hX296kdYv1CGB_!!0-mtopupload.jpg,329,329,632.110128880197
1583,O1CN01CcMIcT1OaGDVe7Eyy_!!0-mtopupload.jpg,510,510,267.2022143847463
1584,O1CN01Y91ahv21NDxUBTgZo_!!0-mtopupload.jpg,225,225,158.1803558448773
1584,O1CN016qIawe21V0gwI6weR_!!0-mtopupload.jpg,360,360,75.93304815951979
1585,O1CN01HhirUA27yDeDUDMeC_!!0-mtopupload.jpg,354,354,537.8304837505231
1585,O1CN016yXbAk1cjn6pSjC60_!!6000000003637-0-antinsbiocamera.jpg,393,325,1310.6094806451079
1586,O1CN017MJfXh1n0PdYFKEj2_!!0-mtopupload.jpg,139,139,1885.5040539573527
1586,O1CN01E9oIg01GIqFrfoG0C_!!0-mtopupload.jpg,191,191,175.1376503151025
1587,O1CN017QWGTa1vIkOOD6q2u_!!0-mtopupload.jpg,723,723,66.76070258211519
1587,O1CN01cXIMtw1uSXF1jxJIG_!!0-mtopupload.jpg,233,233,141.1340999822325
1588,O1CN017USeqG1YlqOJHDnvy_!!0-mtopupload.jpg,148,148,96.30452696358196
1588,O1CN01Ehiyp61StjW9pSwer_!!0-mtopupload.jpg,322,322,106.55203164713672
1589,O1CN017qSgh91rPNfMATjY9_!!0-mtopupload.jpg,413,275,1033.8828222404068
1589,O1CN01aUsfGF1rPNfLJyqGZ_!!0-mtopupload.jpg,200,200,3063.5249892343754
1590,O1CN01IbUgl91kjLcnXrTjY_!!0-mtopupload.jpg,179,154,58.82770406711728
1590,O1CN018W5eF023GTLwr7f5G_!!0-mtopupload.jpg,178,155,62.257768118862636
1591,O1CN01TsoyMT1b4jzaOEMTm_!!0-mtopupload.jpg,723,723,488.0057751492687
1591,O1CN018p724X1PVVkldyEBD_!!0-mtopupload.jpg,383,383,688.8364952797793
1592,O1CN01ogc0ws1hahICbAJ44_!!0-mtopupload.jpg,703,703,12.382066789979119
1592,O1CN018sLVWZ24qU6mucEyH_!!0-mtopupload.jpg,516,516,819.659925773703
1593,O1CN018vmioG1c0Rrv2EPTG_!!0-mtopupload.jpg,214,214,1863.2770546959475
1593,O1CN01kb6SRQ1YBf6Q0FUqh_!!0-mtopupload.jpg,243,243,84.50957307927912
1594,O1CN018yqW5N25z16QKHqDV_!!0-mtopupload.jpg,156,156,545.863558270721
1594,O1CN01r5M7kk25z16Oup36G_!!0-mtopupload.jpg,292,292,28.392985783322814
1595,O1CN0190Z8rN1OHU2SPBLmK_!!0-mtopupload.jpg,193,193,1201.8809056612517
1595,O1CN01P8VjaK1K9Sdk2NwjY_!!0-mtopupload.jpg,365,365,933.1741092794585
1596,O1CN01ASnUXB1omn3vpvlLG_!!6000000005268-0-antinsbiocamera.jpg,182,182,37.192602139248756
1596,O1CN01Te8Fhq1RYppbow0MG_!!6000000002124-0-antinsbiocamera.jpg,232,202,160.6129395169103
1597,O1CN01AncEon1YqQLyOUOR1_!!0-mtopupload.jpg,220,220,264.25229474378455
1597,O1CN01hvzPU222C3v4s9ZdE_!!0-mtopupload.jpg,220,220,264.25229474378455
1598,O1CN01JjIogC253JCTSV582_!!6000000007470-0-antinsbiocamera.jpg,174,174,1330.5907479468713
1598,O1CN01BlzkRJ1USpU7BHcCu_!!0-mtopupload.jpg,260,260,51.698485910638624
1599,O1CN01BrdiUJ1quEjaV45Gw_!!6000000005555-0-antinsbiocamera.jpg,290,290,955.1402016481428
1599,O1CN01hvyKm61n978VZdohp_!!0-mtopupload.jpg,429,429,736.2681693185411
1600,O1CN01DT31kD1HKVHNhRNpU_!!0-mtopupload.jpg,315,315,196.30718049423217
1600,O1CN01BwRMnq27cEdFFHOWo_!!0-mtopupload.jpg,307,307,70.64214872319002
1601,O1CN01CUtqGL1HHku7Q7zkR_!!0-mtopupload.jpg,547,547,81.7845711248847
1601,O1CN01DzuzRw1TKIUUdL174_!!0-mtopupload.jpg,187,187,111.84005421498318
1602,O1CN01CxixwH24eZoOGs8hF_!!0-mtopupload.jpg,435,435,429.24666909763516
1602,O1CN01JRtI9N1fuGzQPfuHn_!!0-mtopupload.jpg,185,185,391.6831075460433
1603,O1CN01aw25wm1sB0xWLZtNZ_!!6000000005727-0-antinsbiocamera.jpg,174,174,262.2336428450103
1603,O1CN01DFFLrX1x62jrrMD61_!!6000000006393-0-antinsbiocamera.jpg,174,174,262.2336428450103
1604,O1CN01DN1h1l1i0nv9XSorI_!!0-mtopupload.jpg,229,229,1075.2794042047865
1604,O1CN01seOBTn1qPYEAc2hoU_!!0-mtopupload.jpg,303,303,431.88401720176125
1605,O1CN01DnP19N25zTXpb2Snm_!!0-mtopupload.jpg,140,140,264.4253081945023
1605,O1CN01xRIObX23MQXpch9b5_!!0-mtopupload.jpg,205,205,600.872163445387
1606,O1CN01RJLSSe1NLm6M7ON9l_!!0-mtopupload.jpg,171,171,34.036399348158035
1606,O1CN01DxdqZC1VvVvwXczit_!!0-mtopupload.jpg,165,165,241.66650651974288
1607,O1CN01nlWQ8924J3FgwdZoz_!!0-mtopupload.jpg,844,686,30.3571127041733
1607,O1CN01ELxeYw1qgUuLZosVJ_!!0-mtopupload.jpg,844,686,30.3571127041733
1608,O1CN01gIp2Hg20n2fUq2nY1_!!0-mtopupload.jpg,227,227,431.5483850141468
1608,O1CN01Eqfrxs28G55dOxWQG_!!0-mtopupload.jpg,563,563,80.10212473539798
1609,O1CN01t9fPvk1hEiHZYI8E1_!!0-mtopupload.jpg,393,310,73.89804039789959
1609,O1CN01EyyKNS1RcV08Cj4yP_!!0-mtopupload.jpg,961,961,14.122575561056044
1610,O1CN01FJVTZY1C6EtSQvXFD_!!0-mtopupload.jpg,185,185,389.31810569188025
1610,O1CN01l66khY1NKOuhF79mV_!!0-mtopupload.jpg,185,185,389.31810569188025
1611,O1CN01FqRhYh1iv8aO0oyOP_!!0-mtopupload.jpg,314,314,88.37080277220787
1611,O1CN01W8psit1tylUpqyuqB_!!0-mtopupload.jpg,314,314,88.37080277220787
1612,O1CN01GFLjqn1xAcb9x4NUL_!!0-mtopupload.jpg,179,179,167.19371622654745
1612,O1CN01Na8qAs1GYs5hUmXEI_!!0-mtopupload.jpg,163,163,955.2153381986221
1613,O1CN01GLwdL01gFLD4bqiWw_!!6000000004112-0-antinsbiocamera.jpg,193,193,531.1223172631962
1613,O1CN01Lay0dQ1p9grhU7HqL_!!6000000005318-0-antinsbiocamera.jpg,203,203,1229.8636662516205
1614,O1CN01GWeItW1e4glf3jKGp_!!0-mtopupload.jpg,504,504,27.949534388762597
1614,O1CN01mYjeH61cTlDX2iYNH_!!0-mtopupload.jpg,476,323,1001.3539685723264
1615,O1CN01GhtbuB1Lpsx73yNbd_!!0-mtopupload.jpg,259,259,179.51597529646207
1615,O1CN01QPBQ821d3UBIU7ewX_!!0-mtopupload.jpg,603,433,42.98723698846172
1616,O1CN01GysssP1XbToQsyRAG_!!0-mtopupload.jpg,1023,752,90.75483818857927
1616,O1CN01si1sho1Z02feMopQV_!!0-mtopupload.jpg,1076,1076,89.98697434609113
1617,O1CN01H3k8Zg1kHrt0yJy5R_!!0-mtopupload.jpg,155,155,241.17398599490426
1617,O1CN01fg6xlw1o0hVHIllfa_!!0-mtopupload.jpg,170,170,307.6034814465823
1618,O1CN01Uuyhhb1w0iPmtbPoE_!!0-mtopupload.jpg,623,623,17.602737810932446
1618,O1CN01HCQeM91SSFkvNtI9L_!!0-mtopupload.jpg,646,646,21.001860445617282
1619,O1CN01HM8CiV1CqUru1EEme_!!0-mtopupload.jpg,202,202,2880.1943968195933
1619,O1CN01XYpSDs1qLQdG1FUJk_!!0-mtopupload.jpg,187,187,292.6783929164842
1620,O1CN01I3s6BG1ZwCyCrN5vq_!!0-mtopupload.jpg,191,175,496.99276758547506
1620,O1CN01M6doUa29WOoqL5DYG_!!0-mtopupload.jpg,191,175,496.99276758547506
1621,O1CN01yKTMH71SqWkSUNkLY_!!0-mtopupload.jpg,424,424,56.57995877752494
1621,O1CN01IN9csv1OAc2RPn1ZN_!!0-mtopupload.jpg,299,299,142.0358177761945
1622,O1CN01T0HQf91LllJSbF2Sp_!!0-mtopupload.jpg,451,393,62.327428902887625
1622,O1CN01IXmmsr1mPlvJFhiWm_!!0-mtopupload.jpg,391,306,69.52954680478103
1623,O1CN01dBgYxJ1JDIHJw0iOO_!!0-mtopupload.jpg,281,247,1075.0696377105505
1623,O1CN01JBnX3G1bUqXWiz6U0_!!0-mtopupload.jpg,281,247,1075.0696377105505
1624,O1CN01Kk361u1wfTfFNEvU8_!!0-mtopupload.jpg,348,348,104.29799793210157
1624,O1CN01eliDmD1UUCfs1oqZJ_!!0-mtopupload.jpg,457,457,63.36455256605162
1625,O1CN01KwkPvP1SSFktMQ6xu_!!0-mtopupload.jpg,491,491,27.8976512311796
1625,O1CN01rlO9Be1FasCj4me7f_!!0-mtopupload.jpg,246,246,85.70146875320476
1626,O1CN01t38mIN1ORYgx80P49_!!6000000001702-0-antinsbiocamera.jpg,283,283,23.12202490527962
1626,O1CN01L8AinV1NAKAgFOZG5_!!6000000001529-0-antinsbiocamera.jpg,171,171,43.65104924034193
1627,O1CN01LAOCGr1p3jiUI44Xp_!!6000000005305-0-antinsbiocamera.jpg,305,305,31.535104408493495
1627,O1CN01Qj3jl425pOmolmUKz_!!6000000007575-0-antinsbiocamera.jpg,274,274,127.06040384467168
1628,O1CN01LAjGpR1N9PRH4pQ5s_!!0-mtopupload.jpg,201,201,476.6442574032923
1628,O1CN01qpzJx529RoutcZgrd_!!0-mtopupload.jpg,201,201,476.6442574032923
1629,O1CN01LHQFhG26oJSo2lXp5_!!6000000007708-0-antinsbiocamera.jpg,283,241,74.03507498452039
1629,O1CN01WcgVfr29pdSFwoaBU_!!0-mtopupload.jpg,280,280,202.77750778256458
1630,O1CN01N0p4uh273svbU4KKF_!!0-mtopupload.jpg,502,502,119.08416423656071
1630,O1CN01gzhZog28OmcJXCpjf_!!0-mtopupload.jpg,552,552,681.4996985389586
1631,O1CN01mqpa581sB0xRAC4Ld_!!6000000005727-0-antinsbiocamera.jpg,159,159,511.66888887389973
1631,O1CN01N9u1hC1WSUWgROWOS_!!6000000002787-0-antinsbiocamera.jpg,153,153,414.17881718116564
1632,O1CN01Th0IfE1NBhMQPgY9T_!!0-mtopupload.jpg,163,163,736.2832428542014
1632,O1CN01OxALCy274niqJzgcB_!!6000000007744-0-antinsbiocamera.jpg,260,260,168.5349111285932
1633,O1CN01PNOL8Y1U5vgVb5RY7_!!0-mtopupload.jpg,146,146,1629.9765720260632
1633,O1CN01i8wSmF1DKj0dKOC2C_!!0-mtopupload.jpg,146,146,1629.9765720260632
1634,O1CN01PaV44229QRimiFgp3_!!0-mtopupload.jpg,271,271,45.03118966623241
1634,O1CN01h0Ggre1STAbFshJT1_!!0-mtopupload.jpg,292,292,91.27632159492181
1635,O1CN01Pjq2xX1fgX6quZTjg_!!0-mtopupload.jpg,145,145,552.6588232965399
1635,O1CN01ZJzuV91fgX6nhHZfl_!!0-mtopupload.jpg,432,351,226.6565913474722
1636,O1CN01Q1JGIb1vNmkWOx1rO_!!6000000006161-0-antinsbiocamera.jpg,317,219,88.2006488992332
1636,O1CN01eIWvER229lwGKljr7_!!0-mtopupload.jpg,275,268,91.92163845874857
1637,O1CN01QopWIZ1u7T1O7Hrxo_!!6000000005990-0-antinsbiocamera.jpg,268,268,47.330429197764914
1637,O1CN01nAtwTZ1PQTMoehIj8_!!0-mtopupload.jpg,267,267,78.7355491533513
1638,O1CN01hB9qF41VsJAEYnmTi_!!0-mtopupload.jpg,210,210,125.62854804890965
1638,O1CN01QxZIMB1UeHPysT7EI_!!0-mtopupload.jpg,199,179,145.06347467150522
1639,O1CN01RBrDTv22ncOpmwjWH_!!0-mtopupload.jpg,401,401,2614.4919634020534
1639,O1CN01giL0AZ223onFkt6NE_!!0-mtopupload.jpg,484,484,817.411224761665
1640,O1CN01RT3Bwt1exeIMabKan_!!6000000003938-0-antinsbiocamera.jpg,200,200,234.016908494375
1640,O1CN01UjtDbI1s0w91Kuguy_!!0-mtopupload.jpg,182,182,531.4389030020737
1641,O1CN01i6mico210K9YeYLWV_!!0-mtopupload.jpg,332,332,94.32071500227208
1641,O1CN01RX7ZZG21axqB3gbEB_!!0-mtopupload.jpg,302,302,334.41325488980027
1642,O1CN01TexN9x1LoVh07ftvZ_!!0-mtopupload.jpg,278,278,53.75678629503206
1642,O1CN01Ri6Web27pyW6Nq54f_!!0-mtopupload.jpg,400,360,9.7439927071277
1643,O1CN01SOhBmQ1XolKhQ8HUn_!!0-mtopupload.jpg,326,238,910.3391111182967
1643,O1CN01qqiZP11bqpaIyOhxv_!!0-mtopupload.jpg,307,307,147.01688081571157
1644,O1CN01mYz9hJ1Nbo2g0mEPr_!!0-mtopupload.jpg,491,491,87.00612666134693
1644,O1CN01Si7a1E27T4oxpHfsM_!!0-mtopupload.jpg,491,491,87.00612666134693
1645,O1CN01lW07Lu24T7ytnC2ws_!!0-mtopupload.jpg,401,307,351.61626136953237
1645,O1CN01U7SK5X1ugjagnXmxm_!!0-mtopupload.jpg,419,419,414.47683296879114
1646,O1CN01ucPT3b2723OqL6YJc_!!0-mtopupload.jpg,325,325,93.08240029914919
1646,O1CN01VPVJEb1tU511mhxqM_!!0-mtopupload.jpg,420,420,115.11744904116598
1647,O1CN01Wz6bkN1CFOnpbJOfr_!!0-mtopupload.jpg,304,304,31.657279525617383
1647,O1CN01ZRgWUr1qzjV4DxVZy_!!0-mtopupload.jpg,180,180,1246.9706748628257
1648,O1CN01X9t0im1izG9IJfXFr_!!0-mtopupload.jpg,169,169,533.5205002387056
1648,O1CN01eQ7UKK1Tn9RVG0Nkc_!!0-mtopupload.jpg,401,287,21.60434329960684
1649,O1CN01XEhBqR1aWOJaU4vg9_!!0-mtopupload.jpg,267,267,36.95974226429758
1649,O1CN01jJzM9U1my7ggOT8so_!!0-mtopupload.jpg,308,308,873.920942423654
1650,O1CN01bPAkbP1Pr2MqtuQTL_!!0-mtopupload.jpg,347,295,499.0153857293186
1650,O1CN01Xoaxte20jpvK5olK6_!!0-mtopupload.jpg,137,137,418.5564399890006
1651,O1CN01Y3hZb41KJXI9exceF_!!0-mtopupload.jpg,389,389,151.97074545618193
1651,O1CN01e2lw6R1Rnwtv2IyzK_!!0-mtopupload.jpg,244,214,184.81849592558495
1652,O1CN01wS9zHv1aikz8yI4TL_!!0-mtopupload.jpg,451,451,121.65567769923726
1652,O1CN01YR39eP1pbAf1ZHpzQ_!!0-mtopupload.jpg,509,267,113.7361489934915
1653,O1CN01gOPuCp1GuOhn9JSMn_!!0-mtopupload.jpg,340,340,1171.32090736454
1653,O1CN01ZbhfjE1MXOVR8XnvL_!!0-mtopupload.jpg,322,322,1367.1659464770055
1654,O1CN01ZmFYd71nYIuxuGGPm_!!0-mtopupload.jpg,616,616,50.121444507231786
1654,O1CN01pPnoB81nYIv1UjiZV_!!0-mtopupload.jpg,616,616,50.121444507231786
1655,O1CN01baY1Vz1TS5HqKrBS8_!!0-mtopupload.jpg,640,640,4991.356284362412
1655,O1CN01deBhSW1zQJSc9PvO8_!!0-mtopupload.jpg,506,506,4244.537005742451
1656,O1CN01dg7rq51y7FIFRJMbu_!!0-mtopupload.jpg,180,180,169.27514744703552
1656,O1CN01olAEIV1y7FICeDJMd_!!0-mtopupload.jpg,180,180,169.27514744703552
1657,O1CN01xUt7VB26LSViWJCEO_!!0-mtopupload.jpg,242,207,570.5353373853347
1657,O1CN01e75Kcc26LSVj4PSnH_!!0-mtopupload.jpg,237,237,550.9150766250439
1658,O1CN01esASWS1lRm2bJZ99R_!!0-mtopupload.jpg,194,156,415.57430477076207
1658,O1CN01qUXKsV28c46S594qX_!!0-mtopupload.jpg,293,293,1172.7676797314928
1659,O1CN01fDgFUe1isOD7uYy8S_!!0-mtopupload.jpg,814,814,21.3965562246734
1659,O1CN01u3wxvC1RjMwMMiAiL_!!6000000002147-0-antinsbiocamera.jpg,267,267,106.926367118249
1660,O1CN01fMTjhm1rxGyV0pgwS_!!0-mtopupload.jpg,329,274,390.4860562678402
1660,O1CN01jJvF0d1ZlDSqpTKND_!!0-mtopupload.jpg,181,181,1432.631895691575
1661,O1CN01m5QcTS1h6vY1k9mAz_!!0-mtopupload.jpg,383,383,40.337628124866455
1661,O1CN01hIhb7T20G49a9fopr_!!0-mtopupload.jpg,374,374,65.12401041028883
1662,O1CN01iNGy6B22bFi1Eoqr6_!!0-mtopupload.jpg,288,288,373.7001914121886
1662,O1CN01tfeEDH1D3JxgmXYJN_!!0-mtopupload.jpg,366,366,1431.4697584614237
1663,O1CN01sFVlR727QmjWep0nD_!!0-mtopupload.jpg,186,186,129.29766599634564
1663,O1CN01kDPvZz1tlwPH3ko2q_!!0-mtopupload.jpg,189,163,129.6429571285011
1664,O1CN01lK76ij1zrKlfNSmY8_!!0-mtopupload.jpg,254,203,459.61160220692153
1664,O1CN01q2V3Er1dE1DpeQAcv_!!0-mtopupload.jpg,254,203,459.61160220692153
1665,O1CN01zzZ5l01X3aX0eGxeB_!!0-mtopupload.jpg,298,298,83.13709145564945
1665,O1CN01m4y4zA1f7GdhFavVm_!!0-mtopupload.jpg,282,257,254.31421999828407
1666,O1CN01mLjWgj1CgQ9joDaHL_!!0-mtopupload.jpg,296,296,2743.8799480577113
1666,O1CN01rAdCRT1groTkqjUhy_!!0-mtopupload.jpg,214,214,112.84219064099454
1667,O1CN01yaDYKg1IpTgJC8n6f_!!6000000000942-0-antinsbiocamera.jpg,306,257,122.27173189903702
1667,O1CN01o2i8Ch28c46Ru8CpU_!!6000000007952-0-antinsbiocamera.jpg,332,332,23.351967982518676
1668,O1CN01p1OLY41f3bXx5L42Y_!!0-mtopupload.jpg,446,446,690.9567400854214
1668,O1CN01shuFTY1XQ20pmpvve_!!0-mtopupload.jpg,294,299,1088.7249105857982
1669,O1CN01ueFxXz1yb12L53456_!!0-mtopupload.jpg,447,447,133.02615803105752
1669,O1CN01uGvf6G1meszeyEXP8_!!0-mtopupload.jpg,420,356,126.85423068801437
1670,OKB1EOQeSwWb0WQf56nVYgAAACMAARAD.jpg,277,277,100.47317544230586
1670,sw3NOS9SR9CulJYFX-fNZQAAACMAARAD.jpg,166,166,179.0344676700636
1671,OT8YpytCTBOPo0S-UdLKtwAAACMAARED.jpg,207,207,208.22027150750995
1671,qCmcffAoRcO3xwuhUC01nAAAACMAARAD.jpg,207,207,208.22027150750995
1672,zRYa01sZSTS0XsPGeA5M1QAAACMAARAD.jpg,126,126,3306.951599999994
1672,OjAZWOMDTOSn_WruQKjDXwAAACMAARAD.jpg,186,186,3724.7666676637564
1673,fXaYbEWlRYWti9ASCkOOXQAAACMAARAD.jpg,175,175,110.35454544179926
1673,OjF-ddutT_6nC6kRpWjXXwAAACMAARAD.jpg,241,241,110.66225484080316
1674,P-KjjiWiTnqdLgkPYcvMZAAAACMAARAD.jpg,213,213,152.60326653190188
1674,p5UGUSRRRX-dLIQ-nTfUAAAAACMAARAD.jpg,282,282,25.057710836312992
1675,fXDwsspzRv-q4W6veBFS-AAAACMAARAD.jpg,223,223,85.52603036548341
1675,P0IWpKbjTBqFI76B1PYcJQAAACMAARAD.jpg,316,316,86.85564546547411
1676,ieCfa_iHTeivCv17vvdxeQAAACMAARAD.jpg,139,139,438.2650966140756
1676,P3f82F8YQDC-PwDjJ82F0QAAACMAARAD.jpg,243,243,116.41974555971407
1677,XZQQB9qMTt2N06dxQS8JMQAAACMAARAD.jpg,245,245,99.61798532188708
1677,P5_GOwRCTxixQ3eVGD6jdwAAACMAARAD.jpg,160,160,1979.1186385726928
1678,PL8j8RPtQ4GDrZEoxghrDQAAACMAARAD.jpg,217,217,652.4863984661249
1678,eNmm7WhrTbmFlugsQxlvUAAAACMAARAD.jpg,236,236,494.76652286560943
1679,ll0duvwZRIqA0rl0VAT2UwAAACMAARAD.jpg,180,180,1528.7160530778463
1679,PPf1ByjVQ6-umVgvBiRAQAAAACMAARAD.jpg,220,220,1355.6316941995085
1680,rEKH5mauQMCeNm4wDrFfGAAAACMAARAD.jpg,226,226,310.45684285370004
1680,Q4XHVQsgRY6CvuyAthjeZwAAACMAARAD.jpg,294,294,79.71945693237457
1681,QGcp0dRKSfG97ELTnq5gGwAAACMAARAD.jpg,276,276,155.66166275869352
1681,yugAFj4CR029cUG1DgCetwAAACMAARAD.jpg,211,211,65.86454141539294
1682,QJOeWqbBQzC7cKbmrX4GAwAAACMAARED.jpg,254,254,71.65584735296353
1682,ZXZ97omgTu-QzY6LWjEZdQAAACMAARED.jpg,254,254,71.65584735296353
1683,QdAmQzlhT8m6HpaL6Y2M1AAAACMAARAD.jpg,260,260,131.76466945747697
1683,tCklP_YvQSqi5Ou8t3jxkAAAACMAARAD.jpg,305,305,35.66298573510991
1684,iZI1e3NBRiucMTT6L1BSJQAAACMAARAD.jpg,227,227,190.65370110473654
1684,QdSRGoxIQCWzUvZIGY5SgQAAACMAARAD.jpg,150,150,519.7461258488888
1685,Qkf75wlcSfuVK7s3vQePMAAAACMAARAD.jpg,186,186,407.63623908566865
1685,pbrol11mTgmlQ7WkaWNeYAAAACMAARAD.jpg,290,290,96.55305563969624
1686,ow5HvxZ-S3yMCbSeNB4qbQAAACMAARAD.jpg,166,166,13.763849741966219
1686,QrK43iaTT8CmH_zi-wnYagAAACMAARAD.jpg,176,176,250.83100394402751
1687,erpA7q74SJaRdkcyoR2ATwAAACMAARAD.jpg,168,168,76.95048042003259
1687,R0dATBHpRSiCC5G7YxnleAAAACMAARAD.jpg,146,146,352.07439399151514
1688,REgcBt6RSROzFu5WUlLBpgAAACMAARAD.jpg,236,236,75.67822979069814
1688,THJbMa-4QLiF5QxCuAW7MAAAACMAARAD.jpg,211,211,241.2258262270886
1689,Rn8WjwfSQvGzzTt6n61sQwAAACMAARAD.jpg,189,189,1818.8000382786747
1689,pAHpR9XuSBOy_8SCMirjmwAAACMAARAD.jpg,173,173,1469.853772872855
1690,Ruxe3ZsKS9yuxwfhDwKdrQAAACMAARAD.jpg,261,261,435.184981394649
1690,jave6pCdRQG7iNjr9v1OiwAAACMAARAD.jpg,201,201,742.0366993803632
1691,SDAr2eMbRKaBf5BtobSNhQAAACMAARAD.jpg,168,168,701.3830611473112
1691,ZVKV3u5STcWyIgKpteOuPAAAACMAARAD.jpg,284,284,367.347267111475
1692,TlYzuednQJOQjPAWQMjr4wAAACMAARAD.jpg,515,515,24.0313772629252
1692,Ss4WljOtSNuO4HwqXsyv5gAAACMAARAD.jpg,340,340,23.539005758357177
1693,UBi6qyugTg-0m9rmbLwA4QAAACMAARAD.jpg,274,274,503.67607488077346
1693,Svn49sTiQeq7PSMPZ7nwQQAAACMAARAD.jpg,303,303,267.236901063752
1694,TEFLQnvgTku-QxWThxexbAAAACMAARAD.jpg,164,164,990.7419234685254
1694,Zip-BXc3R_GKKfgBTcEzigAAACMAARAD.jpg,120,120,1624.2377314621913
1695,b7Mj3G9nTOaITwhItuRXWgAAACMAARAD.jpg,139,139,44.00142229445323
1695,TVQPBVnGRaCuWaFLQpPuIwAAACMAARAD.jpg,191,191,29.937154488994906
1696,vjaAUYByRAOLXVq2J37mOQAAACMAARAD.jpg,198,198,98.7464753887537
1696,Tr7S0JNeQT-Mh3GdzUO5jQAAACMAARAD.jpg,223,223,65.00538351475163
1697,Tye251wZTvCEZluDfObpdwAAACMAARAD.jpg,153,153,108.72573819542569
1697,ae3Y7IpgSNyk5uRNE7pGiwAAACMAARAD.jpg,167,167,444.38230167200805
1698,U5M6pNpAQ-WtBhZ4l94kpQAAACMAARAD.jpg,213,213,87.8121668078356
1698,eCODwyslSWasMbM9gQmJ_AAAACMAARAD.jpg,314,314,541.2762522330211
1699,aSABwxqbReuV8gX9vkQF3gAAACMAARAD.jpg,192,192,393.90976487854385
1699,UFau3k7dSAaft0BPU44UdgAAACMAARAD.jpg,129,129,130.52692007779592
1700,X1raug3JQTOQL546aWOJOQAAACMAARAD.jpg,260,260,24.988434454107
1700,UHfZDB5dSHCCLA5c1jcSMwAAACMAARAD.jpg,370,370,25.930363020893083
1701,y2Bz6aleQueh2cwl6ssnAwAAACMAARAD.jpg,342,344,39.78074962820398
1701,UcG5ml3wTdmv-fwMTNfengAAACMAARAD.jpg,135,135,28.288715500685868
1702,UjMOtW4uR8y7X1xY1Q9eJgAAACMAARAD.jpg,267,267,430.2058704589563
1702,XlK5BGeQSj-p7ujrmJxnowAAACMAARAD.jpg,193,193,1293.0745158321554
1703,gUB599FIQ0iKUz-ft8QknQAAACMAARAD.jpg,285,285,38.21047577149718
1703,Uo15CVIpQbS37ZW-piTR0QAAACMAARAD.jpg,209,209,55.67674271302942
1704,V1YjXZ1QT3OilkzLaVO2ZQAAACMAARAD.jpg,250,250,546.676272634624
1704,ppmGFtg6SGGfckH2SADcvAAAACMAARAD.jpg,176,176,10.193746367322236
1705,VADjlhZMQ_acq0_NATLmJAAAACMAARAD.jpg,141,141,476.04344857991265
1705,WXTjRu-dTMW7OKHKGKjBSQAAACMAARAD.jpg,170,170,71.68074494318793
1706,V_6ckG5SRB22PKxvJ8rbVgAAACMAARAD.jpg,251,251,589.7626395605071
1706,i-FUOi6PQLu_s9IysZnt3AAAACMAARAD.jpg,162,162,2903.2408169486357
1707,eLBAIrkaRVe-H0Kv0_GD8wAAACMAARAD.jpg,692,692,67.9218433753613
1707,Vd1aewJ9SQCHDabVfoJsrQAAACMAARAD.jpg,189,189,144.56717605324573
1708,oxWV6lMOQm6pN_YEXY8p4AAAACMAARAD.jpg,351,351,34.86332250738366
1708,Ve0Wpd3hQD2qA7xxEq4nNgAAACMAARAD.jpg,234,234,43.68005956819301
1709,VoYqFBh5TZiN_z_WIWQGwQAAACMAARAD.jpg,256,256,126.48419212526642
1709,i1DNiAtGSomIF8aZpCiKUwAAACMAARAD.jpg,199,199,65.99333299282831
1710,Wlav3Ov5QwCaqv4UWMTYNQAAACMAARAD.jpg,306,306,933.7965241794226
1710,gPFLw6MVST6i57FHJNY3kQAAACMAARAD.jpg,201,201,118.83867708928813
1711,e3-cwxW9QW2wMRzIgwTaIAAAACMAARAD.jpg,250,250,377.74273349094403
1711,Wt7ivRwXSzySN9LmfLTI4gAAACMAARAD.jpg,223,223,597.9316190286575
1712,n3p6Uy3oR9S8uJSLosUTIQAAACMAARAD.jpg,184,184,121.88870121992824
1712,WtTbZMy7RECA3cnsSUmElwAAACMAARAD.jpg,193,193,69.97345743244377
1713,qg1H0mtTQ2W-d08yoGMUmAAAACMAARAD.jpg,303,303,61.283625364588396
1713,X2S4TRyeS1mIOR4JMWwJnwAAACMAARAD.jpg,325,325,45.1752899408284
1714,kPeki8rJTX29CTX5FTjACwAAACMAARAD.jpg,198,198,481.1285271754095
1714,XMmcD02aS7CvRy4WUb0gnAAAACMAARAD.jpg,249,249,245.35307809130165
1715,hBRZzm-5R3imDUmUdKzq8QAAACMAARAD.jpg,344,344,224.41983579367448
1715,Y0Z4w7ciSzmHSh6Pdc0D0AAAACMAARAD.jpg,274,274,152.422849599145
1716,Y5xQpDMqSxK4fRAog9kmzwAAACMAARAD.jpg,179,179,235.2631317626273
1716,rW0NBcyDTB-T8QCXz-m1HgAAACMAARAD.jpg,145,145,253.00475533995683
1717,Y65GtEiKQJmTql3qRiK1QwAAACMAARAD.jpg,176,176,330.90565476444567
1717,Zu4FhqGZQRSswC383USB5gAAACMAARAD.jpg,282,282,239.78079958214536
1718,YIizgCg5T_-ioyLSPq5flwAAACMAARAD.jpg,152,152,225.29490493778044
1718,oAvR26O1Tf2aRkfw3fq_yQAAACMAARAD.jpg,207,207,92.15617010935938
1719,YL5o9LNkQXGKoZsrCW7AeQAAACMAARAD.jpg,194,194,319.70655842387333
1719,xGCcz4gsRyKVguqcvjzQQwAAACMAARAD.jpg,147,147,938.261767428885
1720,gNu7bxVaRwK78tRdLm1XsAAAACMAARAD.jpg,864,864,111.72451291834601
1720,YOPDwgXVTYGhKwtFx_A9pwAAACMAARAD.jpg,273,273,151.926040588229
1721,YP-3tP9OS-K_7jFlSjoU5QAAACMAARAD.jpg,247,247,86.69198039652625
1721,gpt9nkriROmjxBEi7tNHbwAAACMAARAD.jpg,183,183,184.92875181796467
1722,aKup7PbHS3q9dAH9XHVVagAAACMAARAD.jpg,281,281,107.17717253239309
1722,YQFaPBujRMyRtYg__MlKUQAAACMAARAD.jpg,204,204,203.3339465212998
1723,ar15CFbjQ52ArG3ZxdZUngAAACMAARAD.jpg,224,224,115.78734871071114
1723,Yu8qgl_OSaaBImbzmuQ6kgAAACMAARAD.jpg,175,175,183.54400222947106
1724,Z01Z59h4RaGotlmU8cuauQAAACMAARAD.jpg,162,162,1420.4705830729824
1724,cqbV660mSHeQSuELld4KNgAAACMAARAD.jpg,128,128,5427.526363357902
1725,Z3NNGH8jS3WyH6x092XycQAAACMAARAD.jpg,151,151,135.63229703682447
1725,uNSxLzhVRKaOlqO-1dgMTwAAACMAARAD.jpg,193,193,90.35414137898552
1726,cPXeT-9bRQuF3bv7m6np3gAAACMAARAD.jpg,227,227,43.98410331634017
1726,ZHFUC338Qre34s2wpNdrGwAAACMAARAD.jpg,314,314,20.720635652571353
1727,llH7jW1FQoKYReoV4PF4ggAAACMAARAD.jpg,223,223,208.26654025759913
1727,ZYQqgyy4S1G1kZ_mcs6YCgAAACMAARAD.jpg,161,161,9.033634264269491
1728,__p5YavdTOaSktF2o7CxiwAAACMAARAD.jpg,182,182,1024.4920395106021
1728,wx6UghFgRVahKtb_7OK7EAAAACMAARAD.jpg,288,288,356.63372832503086
1729,_c3KFcG6QYi5UbPJak2WWgAAACMAARAD.jpg,214,214,210.9134867083552
1729,tDKGsrPBTDOssAzFX5EMzQAAACMAARAD.jpg,295,295,141.5130324401163
1730,luDU3aLpTpSpla5IZEQqMgAAACMAARAD.jpg,301,301,29.82312713057673
1730,_cyrQReiSfyTH-43uYWDhAAAACMAARAD.jpg,173,173,318.43353111457526
1731,jBYoOB5JTFiLI8_gghEmYgAAACMAARAD.jpg,232,232,573.7068291156003
1731,_czT0xy8TKiC4xo8LsRNxAAAACMAARAD.jpg,509,728,343.13945704774306
1732,_zSKCMl4S_eWuO0rA0lNOwAAACMAARAD.jpg,187,187,71.34477447696877
1732,w52N6NbYT2qka03wV8T94QAAACMAARAD.jpg,247,247,36.15449570255427
1733,eTw9E0VvSGWnBlYP7bRxiAAAACMAARAD.jpg,223,223,150.89453346215697
1733,a83Xk5lgToWhhSBapz-bvwAAACMAARAD.jpg,446,446,166.22407426978913
1734,thU5wSJ1Ts2QoPbM-uA5swAAACMAARAD.jpg,300,300,22.269951732222225
1734,aJcoK199Tne1C1zuSyzvbgAAACMAARAD.jpg,383,383,70.91973655506207
1735,aMIK7LIfSaewco6T6wvhhwAAACMAARAD.jpg,208,208,188.46465438522756
1735,xCWw3lwzTiadFG7PDDDmiAAAACMAARAD.jpg,176,176,34.066684991526365
1736,gB4WbmiIRqStIfpk7FBgWAAAACMAARAD.jpg,177,177,386.92535168709134
1736,acXsnzxGSJ-9RlcFxcdI-AAAACMAARAD.jpg,131,131,43.61706074617249
1737,nW_UrW01RKWj3EVfINkVFgAAACMAARAD.jpg,329,329,1984.637792051216
1737,atUYzHHgSVWkvD69h1kgLQAAACMAARAD.jpg,416,416,1777.4886587071887
1738,bUABOnYPR1GKZPYKrwMxaAAAACMAARAD.jpg,190,190,202.8408015408108
1738,wGpD5NRrR8O7HfTIn6NOGAAAACMAARAD.jpg,252,252,25.722002457734373
1739,doGYJxplRXynOBArWpE-lQAAACMAARAD.jpg,171,171,137.0569072324329
1739,bk3xU5pcRf-KYWmdYBfqzwAAACMAARAD.jpg,159,159,16.096950089545388
1740,cO83HP7PSICTuooXrDSeBwAAACMAARAD.jpg,351,351,6.893207035657178
1740,i-rLZLGMSASqbyGiOqk3YAAAACMAARAD.jpg,304,304,153.4106074566112
1741,cmCMBeDVSiuJdByJ-0eFVwAAACMAARAD.jpg,273,273,26.320182179456662
1741,vDYT6BlNRUSt1DGT7A3FOgAAACMAARAD.jpg,167,167,37.86124271986625
1742,mW72QSHUSJinaauNzzpPcQAAACMAARAD.jpg,309,309,8.010698912474007
1742,d5lusY6ESHePsFBtLZAAlAAAACMAARAD.jpg,294,294,9.57005793799086
1743,rYuhNssaRWKFeGwPs20zTwAAACMAARAD.jpg,179,179,38.393979618361016
1743,dGVAR_HSRqebxOXyWPSd9AAAACMAARAD.jpg,282,282,68.27106255182473
1744,dWzmd4d7QYmj6WGXx__DhwAAACMAARAD.jpg,312,312,42.42049417495393
1744,p5MHwqueRIKa-wf_BP6L3AAAACMAARAD.jpg,216,216,131.62666995796496
1745,dwH602gNRjK1sobVYgK5dgAAACMAARAD.jpg,257,257,99.76295432061545
1745,eXxu17ujQdihem-fMsBp9QAAACMAARAD.jpg,185,185,188.66092230069884
1746,hdflO06sT_ysltJHccfSPwAAACMAARAD.jpg,681,681,342.4867789901646
1746,eW9V3EoXStib9V2uqp3ClwAAACMAARAD.jpg,320,320,1111.4700529018403
1747,ezPOn2FGSBm8YdAlTiZmyQAAACMAARAD.jpg,177,177,772.749884629618
1747,hMFjlFiZS5iVi8YaJGUSmgAAACMAARAD.jpg,210,210,952.4834637188209
1748,f9jA6bZZRaqZ8OGwr2LwLAAAACMAARAD.jpg,197,197,1470.2371453544981
1748,z0Spj6kAR5m-4OXacUMMIwAAACMAARAD.jpg,194,194,1571.0334197591642
1749,rDVaX7KjTjeJtGcEGrZwfgAAACMAARAD.jpg,198,198,241.3423582120646
1749,fZsX1TDoRASlOh6GjyYvuQAAACMAARAD.jpg,214,214,99.58029150165021
1750,fxGWaZccRP-nm-PKf2oTJAAAACMAARED.jpg,403,403,405.30691608018935
1750,ow09v0fySYGxX27yWn6X-AAAACMAARED.jpg,403,403,405.30691608018935
1751,gXA_TD6MTBq1j7CJZjFV7gAAACMAARAD.jpg,204,204,36.52938906524636
1751,qOtPPGC9T7uB6-mBDp696gAAACMAARAD.jpg,168,168,9.995316782230654
1752,oqomOiphQn6i5u3CHSZLcwAAACMAARAD.jpg,177,177,349.2840036663608
1752,h1GSLCc7So6WnpJHzvZ2nwAAACMAARAD.jpg,239,239,358.76354105622215
1753,h4sMVdRHQdGuWX1PKSxY7wAAACMAARAD.jpg,266,266,216.91993258522245
1753,sxr5rbjoS3yPFw_zlnvKMAAAACMAARAD.jpg,219,219,25.378804686451453
1754,hAgHbvH8Tc-eMHAcsaZvewAAACMAARAD.jpg,302,302,88.15061819761287
1754,nSld7GbDSt6YRD8z0VXEoQAAACMAARAD.jpg,228,228,251.4000006903656
1755,kAOUJ1UhSL2954PU1fu1PgAAACMAARAD.jpg,157,157,1928.2644895886383
1755,hy5GeHU0SQm71dohZcj_5wAAACMAARAD.jpg,191,191,129.61127651631247
1756,iFkqo8tmRfudl3PMSZigngAAACMAARAD.jpg,325,325,41.933577718337595
1756,m0wCDn57TJC1veZt4ck3owAAACMAARAD.jpg,245,245,24.76184956143326
1757,qlPqMsmnSdW4TOkvb9FZcAAAACMAARAD.jpg,216,216,1989.4633138988318
1757,iWnBj4pNSxG30JZ5ygsiOQAAACMAARAD.jpg,262,262,619.7734424163054
1758,jYY4oGUdRZ6nf0oOa4TJtwAAACMAARAD.jpg,196,196,1409.3988772437406
1758,r6-dLEgxRJuWOiJAzN8tEAAAACMAARAD.jpg,180,180,513.6329381944445
1759,q1_HR22jTgyN-plxamRamwAAACMAARAD.jpg,172,172,367.31770311707965
1759,kM9YuiKgSXmA9qg48IkD6wAAACMAARAD.jpg,108,108,810.8719500303773
1760,wCbazsG4SgWiGhScSYZCWAAAACMAARAD.jpg,150,150,58.10179377777777
1760,kl5D2npMReK7rr1dFtbfIgAAACMAARAD.jpg,277,277,54.77222429750505
1761,y3T-32CvSiihDEiCmOXPrgAAACMAARAD.jpg,302,302,33.97787347691901
1761,n8pfE1DzQBiED-UYyetX7gAAACMAARAD.jpg,466,466,34.61185718681364
1762,nw6-1tyNQ6ev9LQQJxJaOgAAACMAARAD.jpg,150,150,779.2720228661727
1762,rGu7Vg3LRk2ZTAuNRy3RAgAAACMAARAD.jpg,182,182,815.0633070894127
1763,osTujBaASyqZZqO6cV9sTQAAACMAARAD.jpg,180,180,3130.9303779911597
1763,xicua_HSS_i0ybE-bPQ0CgAAACMAARAD.jpg,268,268,125.15193709865447
1764,pq5GjkbWRKSaGXVZSP2cFQAAACMAARAD.jpg,181,181,2838.8969839971987
1764,w41Sxc09QfWQti4jgqfzIAAAACMAARAD.jpg,135,135,3100.4251311705348
1765,tMvkhFo3TWeaCb9-TgxmoQAAACMAARAD.jpg,186,186,130.926102353331
1765,vghxe7ozR1OqCWR6imw0qQAAACMAARAD.jpg,255,255,69.48098592050702
1766,y2DNElacTlKcv4sX0P_44AAAACMAARAD.jpg,238,238,53.41950946044685
1766,uT-4WICFQBGJuay78l7FUgAAACMAARAD.jpg,206,206,108.82609577429697
1767,xEnPJidaT7qZCDbidn2vhgAAACMAARAD.jpg,260,260,216.82731970847482
1767,uY0fLay0RrqQXzZGt9dVuAAAACMAARAD.jpg,192,192,508.1544058028563
1768,wjGV-_k0R5WuMkJPBHCuWgAAACMAARAD.jpg,236,236,722.3326855356026
1768,vlHkkSjFTfOH1GtD6tj3LwAAACMAARAD.jpg,310,310,646.863729060736
1769,xvOtcULCTo-GfmYMoqGZ9QAAACMAARAD.jpg,228,228,3.93353346734656
1769,w0w2uwTfRdaq7MYxQjl5xgAAACMAARAD.jpg,341,341,23.23373480970211
1770,yFBA3GpgRM6rNy-Ohfs-LwAAACMAARAD.jpg,189,189,51.74129735724127
1770,wYH73vzYTWumKzz-nIKmmQAAACMAARAD.jpg,224,224,29.22883182344512
1781,XMbemnrcTG2OR1Ns10Qu3QAAACMAARAD.jpg,185,185,27.5209852523876
1781,0Tolu7cpRQurgl7b87DAOwAAACMAARAD.jpg,254,254,12.978831436652582
1781,sM7cbs-uQw2yT6JFxJVDMQAAACMAARAD.jpg,192,192,21.76374887463487
1781,8lDjXIJZRCW2b_XhVJX7dgAAACMAARAD.jpg,270,270,11.377012841688918
1781,miLuamg6Tx-rWnXEs7jOuwAAACMAARAD.jpg,290,290,30.259481939851348
1781,Kpo2dxkOSMGLuUAARIF44QAAACMAARAD.jpg,209,209,52.89967606328128
1781,iAT5TIVJR0y77Yi92FyU4QAAACMAARAD.jpg,191,191,29.218554716827917
1781,d1sSMlRGTjqe1gx-bbo6swAAACMAARAD.jpg,213,213,46.55932157176162
1785,6K1t43AoQDGWw8fU2Jyu-gAAACMAARAD.jpg,192,192,509.04106111585355
1785,K3sINDG5Spi7ysmkZrO-aAAAACMAARAD.jpg,170,170,1284.4457791884677
1785,Ig1gLrn2T9uc1D0bn3MMjwAAACMAARAD.jpg,177,177,1727.9513557265298
1785,voZg6cYgSbWcFjaM0cswGQAAACMAARAD.jpg,215,215,198.60632201476483
1785,1XcE6m3zSCur58X-hFtdTAAAACMAARAD.jpg,187,187,547.738455990893
1785,sPBvJuzrSGyankEK4WBGTAAAACMAARAD.jpg,181,181,272.440120867232
1785,tpD7HMHdSwiW8lRHokXsRwAAACMAARAD.jpg,218,218,1037.6633421340052
1785,_BwNKsaCRDGzPFLHiAQ2QgAAACMAARAD.jpg,296,296,145.19909608456442
1792,krGBsWt7QZq2UlEFwetRGQAAACMAARAD.jpg,221,221,29.94512690071376
1792,uYlCxpMHTeWEtno0puSPFAAAACMAARAD.jpg,211,211,156.4771382846247
1792,1oiW0N2eT0CLNKGG6LyFaQAAACMAARAD.jpg,188,188,128.05410678917204
1792,fiPk_1uwRfa8kmpZR47IDwAAACMAARAD.jpg,250,250,85.24602923622399
1792,UcKId7c0R0mFqWhve68rrwAAACMAARAD.jpg,227,227,209.84034488381639
1792,MWbaDJE0RIu14TlZUHNOLQAAACMAARAD.jpg,165,165,198.3220581822904
1792,Mh_i4FbxTIKnC43KETL1DAAAACMAARAD.jpg,175,175,186.19112788977927
1792,MvlC4_YQQyC5q87K7IILAQAAACMAARAD.jpg,195,195,107.91128636935197
1798,35EY1v2rSGSYkeZ-W59BpwAAACMAARAD.jpg,239,239,201.39752893709465
1798,R9gRcvtsSvOIGqrn6MTQ6gAAACMAARAD.jpg,279,279,504.51938062732063
1798,jSnDuSdxSOCmYPeRckbodwAAACMAARAD.jpg,210,210,802.0558610064736
1798,SpiajXWzQ8WeB3xsuedwfgAAACMAARAD.jpg,215,215,848.0926107912102
1806,9E3gq6i9QnqpQnMlI91rgAAAACMAARED.jpg,587,587,1627.9533586509167
1806,OCx_Oa6wRmy8LG6zG9ofnAAAACMAARAD.jpg,587,587,1627.9533586509167
1806,q7NZTbKzRFiLi1v1vuLYUAAAACMAARAD.jpg,524,524,138.4905370250374
1806,SVawHX_sScis7EtB_zm9WgAAACMAARAD.jpg,580,580,1653.382255712148
1806,O-K6M2cFRiykae-6m-gFfwAAACMAARED.jpg,524,524,138.4905370250374
1806,a0NOVEVNTsaiS5nIbfB8mAAAACMAARAD.jpg,604,604,1632.058814143318
1806,Buo77H_hQUOkyHmz8otyQAAAACMAARED.jpg,580,580,1653.382255712148
1806,13lD9vBzRDedqvhV_BCaawAAACMAARED.jpg,587,587,1627.9533586509167
1821,O1CN01g47h2w1dAoRpeaHXF_!!0-mtopupload.jpg,356,356,757.0244853739664
1821,O1CN0199QeI91SnmN32gQlQ_!!0-mtopupload.jpg,186,186,550.4494996611264
1821,O1CN01l4jhKI1MWw6tuOiFl_!!0-mtopupload.jpg,385,243,765.4056377310055
1834,1AyXaRO3R2S6jKOt1OTS-AAAACMAARAD.jpg,301,301,31.95244244885407
1834,Cvl0uE1AQ3iH3TZj1wLg7gAAACMAARAD.jpg,223,223,83.44918528787386
1834,ys37OeRHQeihQEND47FlgAAAACMAARAD.jpg,395,395,27.660563659418326
1845,O1CN01jSkG6m20s51cOyVmj_!!0-mtopupload.jpg,290,290,313.3926353993674
1845,O1CN01aYKWj81VZ4UyTg53x_!!0-mtopupload.jpg,748,595,222.42231014593554
1845,O1CN01t54UnQ1dyjcNR6Z5v_!!0-mtopupload.jpg,306,265,296.86441983934486
1855,f_5OW9npQxSJA8635ecYqgAAACMAARAD.jpg,187,187,21.770644819321024
1855,J7LW_jA6SwqaYUvbBwOhXQAAACMAARAD.jpg,432,432,14.58724619848716
1855,XRkbHeIDTxyMlkfcuNLCGAAAACMAARAD.jpg,247,247,66.14917736607597
1856,d1jmD_qNQ0KW3BICmXZ4zwAAACMAARAD.jpg,195,195,465.4802556683313
1856,sboM_F5wRRSC-VSOtFl2OAAAACMAARAD.jpg,307,307,481.64126281047766
1856,vCBy5v8ZTxmhIT_ho-n6uwAAACMAARAD.jpg,190,190,1534.923769132373
1857,654js6N5R2SihWFxkIp5EwAAACMAARAD.jpg,193,193,58.7306181857208
1857,psvcekR8QHiZD4ntWITeOgAAACMAARAD.jpg,252,252,23.26519023922511
1857,0nxret1wSGaJkpuJnsHtwgAAACMAARAD.jpg,202,202,30.987010462317937
1864,Iw8qJKMGQCuUk8x1j7Ml1QAAACMAARAD.jpg,191,191,94.90786403428534
1864,hOrVPWOCSEyxUXciArACsQAAACMAARAD.jpg,188,188,107.62385786271172
1864,oBglDHOfQa2osQOgPWshWwAAACMAARAD.jpg,308,308,26.815377162177803
1866,bV-hnNDwTf-33yZYLYgAdQAAACMAARAD.jpg,309,309,106.81084024062058
1866,27lzgXLkRhmoqlW4yBxbYQAAACMAARAD.jpg,203,203,212.37248382612836
1866,VG4gHBc7TRSPX2Dec7cLLgAAACMAARAD.jpg,208,208,130.22248325846758
1869,Qj9hOr7HSnyAz-qTdaIfJwAAACMAARAD.jpg,189,189,47.02223522013135
1869,DzgeJhXBRcqlZ2GVVaojoQAAACMAARAD.jpg,193,193,121.14885792803335
1869,agDN0HDERsSZSAVM85EWFgAAACMAARAD.jpg,258,258,38.11094604259154
1874,8in1TG3UTKu8d1tW-dszLQAAACMAARAD.jpg,551,551,136.55970228488064
1884,O1CN014aLslq1ZtSauLUyCe_!!0-mtopupload.jpg,401,401,242.20832211831848
1884,O1CN01KAh8IE1PBoh4k9CRH_!!0-mtopupload.jpg,401,401,242.20832211831848
1884,O1CN01Wf7Lu41zGEgN4Rsp2_!!0-mtopupload.jpg,185,185,469.7817343547325
1885,1tBX3qJMR9yoYAgbLOn2CgAAACMAARAD.jpg,187,187,156.88217261617078
1895,CZktQs9-QEmjaNb6o24TlgAAACMAARAD.jpg,206,206,271.0390329968852
1895,unZvTxBfR4iDuKuK56Ot2wAAACMAARAD.jpg,217,217,43.3830731402383
1895,EDJnsxJeSLuEYIi_Chrb1QAAACMAARAD.jpg,195,195,64.64799300712662
1909,9czlY3sRRC6Q8gDddSRuvgAAACMAARAD.jpg,220,220,131.76239173169523
1909,C6hv_lcwQN-Nn1g2zp2_BwAAACMAARAD.jpg,273,273,160.84640339932187
1909,MCgIJ-YNR8u_tyj5l-MeZAAAACMAARAD.jpg,228,228,259.8273846435785
1910,syL3ypOCR3O0i74c_sZtnwAAACMAARAD.jpg,189,189,170.44870941727189
1910,HUf9fA0zTiapfMBydVyGtwAAACMAARAD.jpg,198,198,22.04704519592997
1910,dp_JDcuzQ5mAei7F95bCCwAAACMAARAD.jpg,264,264,51.00199263621342
1912,REp3bsFUT-i6UCUKpFoWpQAAACMAARAD.jpg,186,186,314.3508781428179
1912,aqLVZ_TATeOt4Iu_xXbF0AAAACMAARAD.jpg,219,219,54.358303710117504
1912,kAdqAUQASuS7_RGZgWn2FAAAACMAARAD.jpg,257,257,50.31877865891795
1920,gCNf02uRRESZ0GxBV6gJOgAAACMAARAD.jpg,1236,1236,142.8742819027301
1920,vEAFSczLTD6dXaEaDIrd6wAAACMAARAD.jpg,361,361,23.59698273304157
1920,uX6TYGtISJyOsRZHyYwNbAAAACMAARAD.jpg,395,395,15.609077264861142
1924,tkT1cBkiQHC25qHtYYbg-gAAACMAARAD.jpg,266,266,488.1279555880282
1933,Q9f-qnk2SlCXkkJu3PP9qAAAACMAARAD.jpg,228,228,572.2849833695899
1933,7sG-d5TXQhGrHUrrUWRzOAAAACMAARAD.jpg,210,210,88.90225022444352
1933,W_ysjXsiRdWvuaMtVIMckQAAACMAARAD.jpg,306,306,2707.7536618860345
1934,MUx9VGjCQPCJ8p16BxarXQAAACMAARAD.jpg,221,221,343.73881410094197
1934,VGtazi9DT32TqoNzbWlBigAAACMAARAD.jpg,231,231,291.27239276994203
1934,0cuE2Cv9R6SjBy3sbxD0nwAAACMAARAD.jpg,387,387,663.0848083513907
1935,QALIxwWDRP-dS-613LOZFQAAACMAARAD.jpg,190,190,73.85769783841438
1935,p83sYDqwR-m70YRzEW2wsgAAACMAARAD.jpg,270,270,163.8220091176631
1935,2dcuj_S3RfS36BisGBY8mAAAACMAARAD.jpg,324,324,33.248299916966964
1936,or1UdU93T-O-9xiWBBxg2wAAACMAARAD.jpg,182,182,76.22373344842295
1936,Z-75bkHuQqK5rdQL0aQb2wAAACMAARAD.jpg,211,211,263.2973362416054
1936,5ur7bM9eQ7W_9xVNafI7xQAAACMAARAD.jpg,287,287,154.05224840825852
1939,MuqhkR_BRDelFDRh2Ov3tgAAACMAARAD.jpg,248,248,40.78000964446421
1939,QUm7Z13wT3aHmbD6Cr6A7QAAACMAARAD.jpg,187,187,86.23604033689494
1939,u_DNia8yRA6pjC8sVSE9zAAAACMAARAD.jpg,193,193,92.00269095660452
1950,go8mqGDnRxG_96wB-F6puwAAACMAARAD.jpg,248,248,508.93881730659376
1950,fB956fJWT32YdC0leQLnRQAAACMAARAD.jpg,225,225,127.975183725993
1950,Q0r2kL0XSsKyoomTy1NQ6wAAACMAARAD.jpg,262,262,39.7004213330502
1952,O1CN011IUQ9f1NGjiZfhnvm_!!0-mtopupload.jpg,277,212,242.92327867718532
1952,O1CN01PLPNUZ1NAKAnQG0fv_!!0-mtopupload.jpg,217,217,591.7174261571015
1952,O1CN01ScdGkn1tU4xg8A3HV_!!0-mtopupload.jpg,356,275,181.8293007576888
1956,72Bh-1HKTZamhXTAy3pU3QAAACMAARAD.jpg,178,178,38.86334034813164
1956,vwLRsCKoR5G0QnDtr33SdQAAACMAARAD.jpg,244,244,93.80084698104244
1956,z-gZfYVtT2ipmT02DkrCrQAAACMAARAD.jpg,340,340,5.009543602731648
1967,SMu8PEhPSQKTs8ZUIWYojAAAACMAARAD.jpg,199,199,1386.0222480856096
1967,H80AjugdSTmmfjhvC5SIywAAACMAARAD.jpg,286,286,355.2288677582031
1967,lCK57cWrQ2C5iUlVu6hScgAAACMAARAD.jpg,217,217,228.664811503391
1978,x0vDI4RTRAOBsi3optHbwAAAACMAARAD.jpg,353,353,183.36871590676674
1978,faZn5WVAQ72BshpOXb_3swAAACMAARAD.jpg,266,266,108.69840222979225
1978,tQN--iWhSASSgHXUmhJT6gAAACMAARAD.jpg,258,258,522.3444793137191
1993,O1CN01YrTiMM1UXruvDxp4I_!!0-mtopupload.jpg,253,203,419.7980000970381
1993,O1CN01VVdjaH1OQBZvQZF5r_!!0-mtopupload.jpg,205,166,500.8200279143854
1993,O1CN01mXLWFj1da0Izv5N9A_!!0-mtopupload.jpg,201,151,351.3027436873548
1995,kHKJ7Ye1TsO49s4N0PVeHgAAACMAARAD.jpg,267,267,182.64412950939354
1995,xHCdqbRUSruMgOC-jOMB6wAAACMAARAD.jpg,165,165,2083.0271751511273
1995,uSl82ZGqT8Sw_h0Z38JO0QAAACMAARAD.jpg,201,201,180.22643950069963
1996,O1CN01wQEsBJ1TbF9OJ2Xuj_!!0-mtopupload.jpg,340,340,139.48848820588535
1996,O1CN01GvPYX61sttfv5SV8L_!!0-mtopupload.jpg,131,131,3322.078767151859
1996,O1CN0119GW5I1ImGucpzgit_!!0-mtopupload.jpg,131,131,3322.078767151859
2008,O1CN014yujt61oZVZcCdv3j_!!0-mtopupload.jpg,495,495,22.030595993102242
2008,O1CN01P8aeqr1VXEug1pdTG_!!0-mtopupload.jpg,319,319,1154.9313778383944
2008,O1CN01m2ashv1lKRherSLxR_!!0-mtopupload.jpg,980,1074,15.816267108447576
2011,ETfzUaJeQTi00-oOoYnmdAAAACMAARAD.jpg,411,411,76.16872869327167
2011,oDhBy-e5QZmqg73ju9nkbAAAACMAARAD.jpg,269,269,68.70976043343727
2011,UARBndKEQTaHU-3RY-CaTgAAACMAARAD.jpg,323,323,47.287331863335794
2018,zwDCLwAoQ4SqCo-2y18vYgAAACMAARAD.jpg,224,224,85.08988477745835
2018,eskfiQDzSLmwCiUP-J_ksgAAACMAARAD.jpg,194,194,18.735574150743414
2018,Gseu-UR0Sx-thWPDEzzpCQAAACMAARAD.jpg,312,312,97.52551417860883
2030,iNkD5A2FSamluTNqsUN5awAAACMAARAD.jpg,188,188,968.724464985999
2030,s8UvnMH6SFOvVVpaPL1ntgAAACMAARAD.jpg,341,341,123.8223545640844
2031,UNMuPviJRgensf5LRcdO1QAAACMAARAD.jpg,221,221,176.22104355370755
2031,8Vfx4vhiR-O1Ej7w-It8DgAAACMAARAD.jpg,144,144,345.55164394486224
2031,KMS3DXexR3uD8mU3G-qW2AAAACMAARAD.jpg,154,154,299.06963204833403
2033,F64c7CNlQwuApbSTfWEK7wAAACMAARAD.jpg,139,139,402.04574250839016
2033,rJ7ZQLZfR1KQTUl1EWHTIgAAACMAARAD.jpg,144,144,165.938316292887
2033,2f7hAfWkRUiV8b9RwYjoYgAAACMAARAD.jpg,211,211,125.41308588678535
2040,w2eXdg1tQ46EFIH-SIB5igAAACMAARAD.jpg,347,347,301.1209909730276
2040,HH80M9GpR1qjAmAgkBX8wgAAACMAARAD.jpg,236,236,315.0345907400444
2040,nbI4elTeSUevKlithCiCMwAAACMAARAD.jpg,235,235,332.65240954037773
2043,s5GYV6AyS-uaeeDVYN5o_AAAACMAARAD.jpg,200,200,69.605302474375
2043,7thc9GjbQNubXORSdVhq5wAAACMAARAD.jpg,267,267,31.10911891789846
2043,5VTlsERYSQqGUOwEFrUUawAAACMAARAD.jpg,161,161,301.52138681666827
2048,9NmD18AgRpK6nCSEXQhauwAAACMAARAD.jpg,268,268,74.30013352277493
2048,FIjI4IruTl2sDBdLpkymPQAAACMAARAD.jpg,196,196,129.5935462581449
2048,iM2-Air_SN2KvgCeJUefbQAAACMAARAD.jpg,151,151,48.53523205771571
2051,O1CN01xPdDIa247bLV9b95V_!!0-mtopupload.jpg,710,729,432.61726636999236
2067,M80BKG57TIuBahH-TExZcAAAACMAARAD.jpg,286,286,157.91548651486534
2067,I49gNzn7RnGDuB9FUHNhzQAAACMAARAD.jpg,210,210,136.83995155259385
2067,QbxJNTixTJ-96_AUONjKawAAACMAARAD.jpg,201,201,87.4812518033606
2072,sirI5LrcSOOMBzrBCLquFQAAACMAARAD.jpg,189,189,880.1296711703208
2072,7hEcrAtpQzitGygy8RDuuwAAACMAARAD.jpg,372,421,8.949197751121277
2072,QJhP0DQvQHSZi391v0tonQAAACMAARAD.jpg,310,310,161.16789626873674
2076,M5ul-_f3RVWx0pB95oVZtgAAACMAARAD.jpg,237,237,301.28935481974133
2076,Ecta9KVjT9WdGkDQ-AfF4AAAACMAARAD.jpg,335,335,894.7248837879342
2076,ToTZyCcNSaeSoUVmtMnz4QAAACMAARAD.jpg,264,264,182.19880871382745
2081,UW5Wm8GgSvejG5gToFpXNgAAACMAARAD.jpg,266,266,56.44969758215259
2081,EUoyowMnTVWJP315lnMh0wAAACMAARAD.jpg,240,240,644.7213082438151
2081,WgVR0jedQ9S1QUwVgqtXYQAAACMAARAD.jpg,169,169,514.3935704660067
2086,I9zl1ZXQQDOA_-6PxQPl9wAAACMAARAD.jpg,252,252,139.03148793741062
2086,VE9MoDYDSaOuPvlpzg2cigAAACMAARAD.jpg,174,174,118.4299923288212
2086,oRLDe9Z3RS6KiMQatbkSEgAAACMAARAD.jpg,177,177,46.84394149664912
2087,HiCl_rb_R02Yx64xad4rkAAAACMAARAD.jpg,200,200,54.830129244374994
2087,ds2tL7OcQH-4a79W7W5hUQAAACMAARAD.jpg,249,249,165.4477261380102
2087,S1dSCIzST3K2AaZm3WxJSgAAACMAARAD.jpg,201,201,62.66111715583809
2102,O1CN01FB3LiJ1Hsqz5tjU2M_!!0-mtopupload.jpg,275,275,93.65107842509119
2102,O1CN01cTG7JC1sVAHXo4jHJ_!!0-mtopupload.jpg,287,236,94.26840620640216
2102,O1CN019jFm3V1F5jGmST7Xc_!!0-mtopupload.jpg,1092,1092,290.5429303969736
2121,so982-zyTz6Hly-dHBrjHgAAACMAARAD.jpg,214,214,24.969268358449607
2121,NGPTO9hZQ6e9JRoFb0qwRwAAACMAARAD.jpg,279,279,23.865174178972193
2129,OGW3GyetQfy34mPRW6jbmgAAACMAARAD.jpg,249,249,44.658888728183875
2129,zcAkcASKQsK_dfPLCAhkCwAAACMAARAD.jpg,321,321,375.46585059325054
2129,5kA1dgVnQMais2cz-mDKAAAAACMAARAD.jpg,233,233,150.61801305740187
2142,O1CN01jQPpU81Ck5K45WBIC_!!0-mtopupload.jpg,531,531,4.943010708053104
2142,O1CN01A92BUE1Ck5JuvWoCb_!!0-mtopupload.jpg,531,531,4.943010708053104
2142,O1CN01sFxvxG1Ck5K45Sl5J_!!0-mtopupload.jpg,435,435,12.392207841928332
2147,ICem_kMzT1qoz8zYH64D3wAAACMAARAD.jpg,168,168,957.7215493865224
2147,WErNblhlQPqGssjWJVjGLgAAACMAARAD.jpg,203,203,378.1536301556653
2147,cgUJh_KsQiK9ereFpiG4gwAAACMAARAD.jpg,277,277,199.23001715980047
2150,KKSjZdHuTrGHYc8npw4JOwAAACMAARAD.jpg,145,145,63.03194912121207
2150,P26QKXM5TMuSc8JAFpVosgAAACMAARAD.jpg,325,325,77.73032422974545
2150,4Rw8Sf0uSZWOmoMnKHUXEQAAACMAARAD.jpg,199,199,69.68752062842994
2158,mXFaqJbpQsWE0nEoRw9OigAAACMAARAD.jpg,152,152,117.72591547236009
2158,FY1NtzPtTEWr8bunqpjYtAAAACMAARAD.jpg,236,236,152.96323068992447
2158,oKgN2w94T-Kl6KzGSMyrNgAAACMAARAD.jpg,242,242,87.35276045082544
2162,F-f5_lokQxysOJm2POJslAAAACMAARAD.jpg,211,211,390.8998267567065
2162,QyKUNnJLRDiEo8lQ0W6Y3AAAACMAARAD.jpg,275,275,298.99029891855474
2162,fDhUOumgSSSs3acksRIpXAAAACMAARAD.jpg,205,205,241.65004820945578
2167,VVHfrFMAR4Oilh6d80hUjQAAACMAARAD.jpg,283,283,529.5485739719352
2207,nAGC3bz0RKefdgUvLpWGAgAAACMAARAD.jpg,248,248,335.71417416772624
2207,Aq8RbNa-SBuIbLGNHXPR9wAAACMAARAD.jpg,191,191,552.1044025811152
2207,K0DKMcMaQJ-1fLcPxKjHLgAAACMAARAD.jpg,175,175,373.48268290878804
2212,u7iCA9bRSo-88LXL-u2q-QAAACMAARAD.jpg,313,313,339.0094249183409
2212,YTYiUXJyQxiB-I8LTR3tLwAAACMAARAD.jpg,380,380,30.827333305789168
2212,2JIvtjHsSSa_lu8WpZufXAAAACMAARAD.jpg,363,363,28.52019034113216
2213,2u2TumHuRLebvzNSPymKMQAAACMAARAD.jpg,210,210,31.775226770738527
2213,5baMxXDYSeWj892kr6TpwwAAACMAARAD.jpg,250,250,12.688942850816
2213,xuhYLBkiRvSluav3aMxCtwAAACMAARAD.jpg,257,257,8.146278200501653
2220,YYkUIXtySqie1GX1yVIA2wAAACMAARAD.jpg,143,143,1359.180281457742
2220,L8Dv8dXoQ-asYjNetIZTcQAAACMAARAD.jpg,203,203,1328.252560982608
2220,wA6Sww1AQACFTyV6eRbKcgAAACMAARAD.jpg,462,462,20.988857228240935
2225,anG6OGtWSZ2Uq2a-1080bAAAACMAARAD.jpg,225,225,121.56910460976071
2225,RH5jZgFURN2VEzXFTCfvXQAAACMAARAD.jpg,275,275,272.8981142424698
2225,ElKl8ruPTO6OEhMUhKmlwwAAACMAARAD.jpg,254,254,52.40949915892174
2227,O1CN01ivUMAM1TGB086iEs3_!!0-mtopupload.jpg,280,280,95.59675859000806
2227,O1CN0112yERU1m3Kb3R4Cxc_!!0-mtopupload.jpg,215,215,580.9922082994594
2227,O1CN012Tukhg1cdNbqnqCt1_!!0-mtopupload.jpg,279,279,90.71433705607888
2232,O1CN01oOR4v923XQ6bSzDLy_!!0-mtopupload.jpg,309,309,88.47108345207495
2232,O1CN01N2khOX1FmmbK5Qnl3_!!0-mtopupload.jpg,247,247,577.082565561227
2232,O1CN01BLTuIa1h2Lgd5uBsP_!!0-mtopupload.jpg,169,169,451.6149066868355
2237,IyBqjXDfR6-40lodvSOtKwAAACMAARAD.jpg,163,163,505.42231510433777
2253,N3VswzCeQxOT417wTEZcXAAAACMAARAD.jpg,185,185,254.51602187346768
2253,zg9LT-5gR62zh1VA5f_OeQAAACMAARAD.jpg,236,236,61.33484486509687
2253,OfpiFCYYQHySCWO6Bbm7XAAAACMAARAD.jpg,362,362,53.70481758530096
2262,Q-Ui1F3CTPetIHuong3QjQAAACMAARAD.jpg,201,201,450.9825935199129
2262,wBl6r18XRh2b9PKn-0zsxwAAACMAARAD.jpg,150,150,184.03890709333334
2262,DvkHFJYwRi6x3bVZpOeg6QAAACMAARAD.jpg,210,210,1646.4775857646764
2263,xKkxY-coRZeDCd0gY7Td0QAAACMAARAD.jpg,225,225,63.2709824025362
2263,0B_1VvW7Tf-JbPPg_FILiQAAACMAARAD.jpg,163,163,768.8063257611598
2263,ta84pcxQSyq_HDH0Lfad3AAAACMAARAD.jpg,220,220,396.55889445691884
2274,Xu99QUXmQZeNsEz8ltmYtQAAACMAARAD.jpg,229,229,65.24864074045122
2274,ZN72N5JmTw288HI9uXAU5wAAACMAARAD.jpg,315,315,168.06974854761592
2274,4BVX-oOsSOm3rQm3fFhZpQAAACMAARAD.jpg,225,225,30.333587138545955
2276,erhtrm-lToaheyIvOkugqwAAACMAARED.jpg,193,193,673.0825900237821
2276,xg0VNA2xSJSKhWxdGGc3RwAAACMAARAD.jpg,193,193,673.0825900237821
2276,kC0DhUsBSAWyNZm652IrSAAAACMAARAD.jpg,206,206,621.6782341179542
2278,caQRZBtZSBifQYofuRIU7wAAACMAARAD.jpg,146,146,2150.6445944904654
2278,qBOSIAahS96C4hlqsXygbQAAACMAARAD.jpg,183,183,208.41390287755715
2278,lhkIfBJNSUyF3e8KGhYlfQAAACMAARAD.jpg,243,243,431.27041715648653
2280,_SpTEEGUTW-gVMUw4DbY9AAAACMAARAD.jpg,168,168,59.27986057357266
2285,9G2Ke8hLTjeJ1UdoxH-EnAAAACMAARAD.jpg,219,219,149.3743427277767
2285,oSnmO-zLRMiahBm9QvnR-AAAACMAARAD.jpg,195,195,332.6463495069034
2285,hXIaNPnDQme6pDsVWvVZjgAAACMAARAD.jpg,226,226,38.330761481551974
2309,IAzIGdi1TYeMrXVN7OPx9gAAACMAARAD.jpg,272,272,966.2764115127285
2318,oU0eq4y6S7eWdPC6opBieAAAACMAARAD.jpg,302,302,40.60905769632962
2318,EpCN03zlS_yWFLpW90ncAAAAACMAARAD.jpg,233,233,92.44265238646899
2318,zYEiNIkbT020MCuR-iyZngAAACMAARAD.jpg,238,238,107.61860979619502
2319,jpAIuBDaSOChMZLptFGYhwAAACMAARED.jpg,165,165,1098.6771447150356
2319,uGi_7y_KTfOKCBABLqNl8gAAACMAARAD.jpg,385,385,970.8012884942044
2319,W-Jv6btXSNeNfMtJh80YHAAAACMAARAD.jpg,165,165,1098.6771447150356
2326,O1CN01NYV3nc1ia4QFMdhrl_!!0-mtopupload.jpg,307,225,122.6918323226012
2326,O1CN01lAYt211U98VXzmsAz_!!0-mtopupload.jpg,337,337,1347.5430667458727
2326,O1CN017w3LUx1MrXzNQo6aD_!!0-mtopupload.jpg,216,216,70.10537640084928
2337,EHZt4dmtRGmhfe0nFajgzAAAACMAARAD.jpg,245,245,141.05619705630775
2337,7XFUIXvKShOr-p3EROGTsAAAACMAARAD.jpg,279,279,37.863490593322005
2337,U5xuFMFQRyu0S30iTwpz3wAAACMAARAD.jpg,244,244,26.98706219682683
2345,6I1N5a15SySZlloMMwdrkgAAACMAARAD.jpg,189,189,328.09057358631435
2345,W6RVmAvIQne7fUObaJX0VwAAACMAARAD.jpg,284,284,71.20873673705411
2345,dC_EKn71SiWE8B2jjV6OyQAAACMAARAD.jpg,357,357,18.89823665010818
2347,vDvfH6tPRxScDq2Um_uNCgAAACMAARAD.jpg,254,254,1666.8625911546262
2347,v1aFbJ5-SIOPB50esmdG5gAAACMAARAD.jpg,342,342,1464.3651521078325
2347,8fsKNw1_RXWqycQlyEaAygAAACMAARAD.jpg,269,269,296.8679131694611
2349,9TkkJCkvRD-SirBew7D-YAAAACMAARAD.jpg,184,184,89.59972123399984
2349,555YCUAfS3SwDR9pCPSoLgAAACMAARAD.jpg,141,141,28.16477161387809
2349,g5c66O_TSBCbX_ERNfkNgwAAACMAARAD.jpg,305,305,29.39594900111882
2374,0dVTXL9mS52QiCwBjwd3lAAAACMAARAD.jpg,238,238,531.4317964923625
2374,3BmbW2K1SzmqENOgcpeGZgAAACMAARAD.jpg,249,249,408.2782777760868
2374,-sRd0HOLTMi31Zl8olY0swAAACMAARAD.jpg,297,297,76.42921060238295
2379,O1CN01rJaDnj1twTd8rJlff_!!6000000005966-0-antinsbiocamera.jpg,137,137,41.270470386374825
2379,O1CN01XgLYjO1RWXxnDzMPI_!!6000000002119-0-antinsbiocamera.jpg,170,170,39.95843815447612
2379,O1CN01sKMj4E1Lvq8tXEnre_!!6000000001362-0-antinsbiocamera.jpg,298,298,304.03346840144775
2381,mSLxtW2kTJe0RLnh8P0oUAAAACMAARAD.jpg,692,692,59.36261233455645
2381,jObjxdD7Te6MIp8q54e2-AAAACMAARED.jpg,220,220,201.04136069769825
2381,t4_BdYKxQw6C8K2YMlqrGwAAACMAARAD.jpg,220,220,201.04136069769825
2382,EgbLrztHTEOIf8bXlhTp5gAAACMAARAD.jpg,259,259,198.8311460760395
2390,_1VTdCWJTdecI0_TdnN_cAAAACMAARAD.jpg,188,188,342.5856747859132
2390,3TRtBLi8QZi0CI2DqyYc_wAAACMAARAD.jpg,316,316,436.857198820315
2390,hTWN4xH2TaasNvKHf-t_7AAAACMAARAD.jpg,194,194,441.74532252992657
2396,x_TIxvBRQ6eQ48Ptrzf7qQAAACMAARAD.jpg,155,155,435.4094995548558
2396,BuNN97MRQcCz3fGnadhcKQAAACMAARAD.jpg,149,149,345.5071264144146
2396,-AneLss4TrWlctiSmAEgWAAAACMAARAD.jpg,225,225,480.7039607263771
2398,O1CN01vR0Zcv1mACSVScrxZ_!!0-mtopupload.jpg,451,451,77.32392059660735
2398,O1CN019bTs9L23Wxbj48LsQ_!!0-mtopupload.jpg,475,361,418.1044299159453
2398,O1CN01tXcazU1ssWTx5LNu4_!!0-mtopupload.jpg,288,288,1376.5649070925801
2400,O1CN01mlmsbn1dQqJ6Qdefz_!!0-mtopupload.jpg,631,631,61.90022554392217
2400,O1CN01nNbgyq1qK3RVJYV5x_!!0-mtopupload.jpg,246,255,741.8154030521418
2400,O1CN01LBpoaw29Lrhxy3V7x_!!0-mtopupload.jpg,246,255,741.8154030521418
2408,MfLV7wcIRa2ubW54lemx8AAAACMAARAD.jpg,203,203,496.888034104285
2408,sQu5KTudRASUYHTtS971CgAAACMAARAD.jpg,189,189,125.18500462105168
2408,AgPRe07VS_OJG3W1KMPxTAAAACMAARAD.jpg,187,187,122.69751071505623
2413,uiXpGef4SmCaIwlsqceaAwAAACMAARAD.jpg,167,167,130.11822227171476
2413,2aNdjPnZTsK2-J1ZbRPiNAAAACMAARAD.jpg,231,231,131.64383783791507
2413,SuCpRr74S22M9e2GQ7QKkwAAACMAARAD.jpg,185,185,329.9285767880134
2428,7vGGp0xuSfuMp2eN2XOtrAAAACMAARAD.jpg,945,945,85.4611634097485
2428,WxDnGnPkS0yJgmntE8CmlwAAACMAARAD.jpg,575,575,212.7793144645515
2428,tML96aX4Tee9WeAOK6I00QAAACMAARAD.jpg,316,316,347.4648534434972
2437,fQTRxYJKQ7qqW6m6spSyQwAAACMAARAD.jpg,292,292,467.3013284938141
2437,1MiYCUu6Ruu3vrvdp4GapwAAACMAARAD.jpg,227,227,2115.9975156779183
2437,bK9rmr2aRe6J8NlReDfN_gAAACMAARAD.jpg,212,212,137.66007189103476
2448,O1CN01owlHlL1xyXljho0VH_!!0-mtopupload.jpg,439,439,282.2788457320367
2448,O1CN01xpgcO81baLIHilcfa_!!0-mtopupload.jpg,1828,1412,4.422211351546918
2448,O1CN01dSFdy51OTOH8boisE_!!0-mtopupload.jpg,439,439,282.2788457320367
2454,LDuNGO_wT-e7R55RJof6lAAAACMAARAD.jpg,183,183,20.425274500199095
2454,ZzrEAMpTS4a0_WwvrRSehQAAACMAARAD.jpg,157,157,93.2212987583697
2454,NGtsN5x8SxyVeZuDBhbYvAAAACMAARAD.jpg,197,197,25.31063498403504
2458,O1CN0195pIsh24rOtwXwljk_!!0-mtopupload.jpg,157,157,150.3718772842978
2458,O1CN01dfJTts24rOtv0ODav_!!0-mtopupload.jpg,166,167,307.7499349715078
2458,O1CN017w9O5A24rOtwlYzHh_!!0-mtopupload.jpg,197,171,433.10064753882136
2472,9mg-GoQ0RGOBTm9BJsmWygAAACMAARAD.jpg,238,238,200.4480333591542
2472,AeTgejFWTI2FfYJG-3L8AQAAACMAARAD.jpg,176,176,707.6793200759466
2472,6P_eSvMxQQSoAElFUQJHpAAAACMAARAD.jpg,326,326,99.03324994998916
2485,yMO71uv6TX2dJkLiSRi_PAAAACMAARAD.jpg,249,249,63.581078523590534
2485,yymMIqycRnq-JysjQIDDkgAAACMAARAD.jpg,213,213,53.68544879560713
2485,n5A3G2vBR3WT38r8dhbf6wAAACMAARAD.jpg,208,208,131.02284343673134
2486,NKDe8KwrRAqTQCk8rXceWAAAACMAARAD.jpg,224,224,20.060144210348323
2486,5h8eC_9RTXqWYqH30VekugAAACMAARAD.jpg,301,301,198.7012196105319
2486,CFxGlTFCSMqEVNHDNFHTPwAAACMAARAD.jpg,200,200,1036.8902877500002
2502,nfaVzoelQVOGzXO9KB9OEgAAACMAARAD.jpg,285,285,663.0164889504653
2502,IbNKWbyFSpmkX37kjmz9vwAAACMAARAD.jpg,169,169,138.5874764351311
2502,sddR9LryQZehnp7sNJh-pgAAACMAARAD.jpg,295,295,2222.97007452286
2514,L1LTops8SNmaGmKiShKhkgAAACMAARAD.jpg,186,186,77.32703672569505
2514,ilUXFzRaRVuStUPr_aU9qQAAACMAARAD.jpg,158,158,488.70443557453706
2514,XIYzCUmjQtef_1MKp9Q_rwAAACMAARAD.jpg,169,169,228.97316777652657
2517,OTQFjHxXR7SZRGuRmUjZwgAAACMAARAD.jpg,206,206,201.27791586544754
2517,sGW4FlZFQFK_FgDrjQqjXgAAACMAARAD.jpg,155,155,12.07511572600948
2517,bCRnpOcCSsOgyu7ZqtZ8KQAAACMAARAD.jpg,207,207,366.7809611088509
2518,V-p_GXoiTn2M5dwFlAqDogAAACMAARAD.jpg,209,209,696.156598311047
2518,pbvpcIjdTbenA8SRyFm6kgAAACMAARAD.jpg,368,322,625.8944973701648
2518,2yWjMwbbTdqpAhULgB_0QQAAACMAARAD.jpg,294,294,875.5328393081372
2521,fskAew-_TOuFXvWQg5uZuwAAACMAARAD.jpg,216,216,960.6841417363469
2521,M3RDHjqyS6GSeaJzyDZNhgAAACMAARAD.jpg,423,423,790.0191409575971
2521,a9781G6zQ-CMwsBo0qCLRgAAACMAARAD.jpg,231,231,10.636776252967561
2523,rPmsr2dATOaBNCDgq9O9YQAAACMAARAD.jpg,206,206,128.59861613777593
2523,_pRCIEzxRHGF7ex3tkVZ9QAAACMAARAD.jpg,175,175,93.63637940191587
2523,eaIF8QDRTYW40LuVs2Wu8QAAACMAARAD.jpg,294,294,87.026010645237
2535,8sZais4SSzaZyplF7eOj3gAAACMAARAD.jpg,789,789,117.8722681012005
2535,w8VTMBICSSGfAojXh-fofAAAACMAARAD.jpg,251,251,326.6474906499196
2535,1LKZ0le2Q2yfopXd5bQ2xAAAACMAARED.jpg,789,789,117.8722681012005
2536,zmUHRFvMRmyTdLdKuCGq_wAAACMAARAD.jpg,933,933,12.611140018503692
2536,yMNSqkGPQbiLN_ieS2XXeAAAACMAARAD.jpg,825,825,31.881986403020097
2536,T3sObvTaRQqANRzpZi83RAAAACMAARAD.jpg,207,207,142.0747384801466
2547,-eiqVCVbRUWz5IAFPHniJAAAACMAARAD.jpg,225,225,121.9369647091358
2547,SkUSir7oTPqOWyVEREsopwAAACMAARAD.jpg,215,215,55.827422957229736
2547,R3Ov-kp9QXa4fx5zgy_6LAAAACMAARAD.jpg,175,175,252.28680637894212
2559,_OjwGFJASxqg-P7O8ToZiwAAACMAARAD.jpg,172,172,826.9047009451833
2559,2MRqbXiGRxibzpyfvB2YswAAACMAARAD.jpg,181,181,1634.8407604222448
2559,01BHfBWoScyoxXamUICRiQAAACMAARAD.jpg,205,205,197.91845750804828
2582,O1CN011w6cCU1Wo12H9vz0J_!!0-mtopupload.jpg,322,322,9.435138687169148
2582,O1CN01kefK1S1JqDwXdYA3t_!!0-mtopupload.jpg,251,251,169.73195670942877
2582,O1CN01ZRoFkS1V6DXz1VtVd_!!0-mtopupload.jpg,196,196,184.87994452236947
2616,TNjBPxlXQ_KrbRV5UR3xLAAAACMAARAD.jpg,167,167,196.34487743739277
2616,DXgSUP4QQdK-g3sFJRXaUQAAACMAARAD.jpg,269,269,277.3716702183516
2616,u0lgPH02SdiQOecxh39F2gAAACMAARAD.jpg,179,179,456.1625533834664
2633,7lK0Fz1JTiKhdMOhlHIp5QAAACMAARAD.jpg,222,222,60.34847476870325
2633,G24WhZl1Q2q2WoJpbMhhwAAAACMAARAD.jpg,302,302,403.86579960646
2633,Dgf7jtnfQ9GdD-0ieQ5ENwAAACMAARAD.jpg,252,252,83.56785066371808
2641,20Uy-ycjRkKSy8-ldfiG4QAAACMAARAD.jpg,157,157,512.4610089509198
2650,eijKX-NFTGK7ZFvvwXt9sgAAACMAARAD.jpg,283,283,264.0593121844814
2650,1RvlhAkYRWWF3Cud0tGDKwAAACMAARAD.jpg,248,248,853.0468170008028
2650,JjIOCMlvTg6TWp7Mao1GHAAAACMAARAD.jpg,289,289,166.49096417026638
2653,O1CN01uzn14b1WX4NuV8kEu_!!0-mtopupload.jpg,521,521,1499.441106578689
2653,O1CN01UwxlRe26yOAwdsukP_!!0-mtopupload.jpg,464,334,3626.699341758121
2653,O1CN01eoHMvY1cdNXFyhGYY_!!0-mtopupload.jpg,421,421,2613.6867963973104
2654,4Okkvm1DSZ-_nGArf76s3AAAACMAARAD.jpg,323,323,56.429383929180155
2654,hRLTxnhbSJue1HbaMYwQGgAAACMAARAD.jpg,279,279,24.498986902736284
2654,sdC5Ys0iSs2VVE6I9DrvHQAAACMAARAD.jpg,241,241,69.6823918738941
2658,p6TMDddZRZ2M6hpNW1TGuwAAACMAARAD.jpg,721,721,147.56234576035973
2658,10yEUsTlSu29vWDDI0Jh7gAAACMAARAD.jpg,365,365,7.989960840405573
2671,O1CN01rY469G1uX7CQkRRhF_!!0-mtopupload.jpg,733,729,167.58608569240175
2671,O1CN018Zo1QD1Znxq9pcel5_!!0-mtopupload.jpg,378,309,42.96640476526055
2676,tvDcjj5CQL-3nDZpnt22EQAAACMAARAD.jpg,306,306,443.89366712418774
2676,XVIycobgTQqgYVMK3oqctAAAACMAARAD.jpg,355,355,294.38967640911284
2676,ioz2Xhl7QECo6qWDSU2V0wAAACMAARAD.jpg,330,330,1045.3305409465722
2685,xekH6wAoRQyBC2YUKB2HKwAAACMAARAD.jpg,172,172,195.0536792986324
2685,rX32t-FTSIKybmGPjEUIEwAAACMAARAD.jpg,276,276,38.21816349934781
2685,LxTv16HHTVetc07dY7kMTAAAACMAARAD.jpg,153,153,317.41996727074337
2695,G8c-2EIMRW2jAtyVqKjVjQAAACMAARAD.jpg,195,195,259.80675067071087
2695,Y7Zp9dheQb6S-28hJzlO5QAAACMAARAD.jpg,279,279,198.72222249808274
2695,6Q4vxoh1SPOGcjxCpAHVBwAAACMAARAD.jpg,175,175,734.6790540890629
2702,vph9BADEQAa5WNkywVtnUQAAACMAARAD.jpg,277,277,36.858599859691694
2702,jC7bkvpKSo-LkP0KBvn-eAAAACMAARAD.jpg,202,202,90.04600535317944
2702,Oy0HrE9BTPSIW-mzlHsLXQAAACMAARAD.jpg,196,196,230.50841451354418
2710,Jb8OW3r0QAuj3LtnfdErpQAAACMAARAD.jpg,285,285,53.101580817811595
2710,JH-F-aK2ThW0EThAUk4krAAAACMAARAD.jpg,221,221,131.14393055149733
2710,SJArJT6LSoeLxB2uQb_akgAAACMAARAD.jpg,189,189,439.3537141758482
2713,MC23vSxfQk6VGs2Vg-pgKQAAACMAARAD.jpg,408,408,485.8032938982292
2713,y0dJjrEzRhC6debXXXpmNQAAACMAARAD.jpg,169,169,1174.2707495651619
2713,5sR1xN3XTRWZuabwkogZhwAAACMAARAD.jpg,163,163,338.07920261864007
2716,9bvPu1-OSIuZAuk0eeUGUwAAACMAARAD.jpg,285,285,27.603812263981403
2716,Af1UlajXRA22ZxkSwSKNhAAAACMAARAD.jpg,259,259,72.35842679526087
2716,j43dmrxOTXi9a5kcttwc8AAAACMAARAD.jpg,164,164,43.01319037929075
2718,E5jkZvUxQPyyl1dGMRFNBQAAACMAARAD.jpg,268,268,445.39566062304146
2718,f7EED57XSTGasuyeanCHrgAAACMAARAD.jpg,391,391,168.96908753069735
2718,244eHycdQlqC9Ljx60B7-AAAACMAARAD.jpg,222,222,252.2482709003596
2727,KhyQCK33SOqv3kZbY13vpAAAACMAARED.jpg,844,844,124.57073095432715
2727,ZKQy-axSSdGKJKfd4iSKIAAAACMAARED.jpg,844,844,124.57073095432715
2727,UatO2FYqS3Wd1qEZ4z8e1QAAACMAARED.jpg,844,844,124.57073095432715
2733,OQrU2044SO2zoLs0SnY40gAAACMAARAD.jpg,180,180,315.35100486873193
2733,lny1-uiMRpOT9IS7RmWTuQAAACMAARAD.jpg,193,193,345.7774408356848
2733,2Qawxl8BT2qzwZfWnMCFMQAAACMAARAD.jpg,261,261,844.1421512301299
2738,PvmDQFGxRHK11MwRWIX74AAAACMAARAD.jpg,293,293,187.28918717801932
2738,mETBUvDtQOKsED9FKLhWngAAACMAARAD.jpg,187,187,667.2656556608072
2738,8ro1WzkwQs-DuGa8LDHzUAAAACMAARAD.jpg,217,217,288.5113680761108
2757,WtZTbChYRSyWDiQ-IOd6EwAAACMAARAD.jpg,197,197,27.838616927283727
2757,2iPrkh4kQti6KfXjm4XiZAAAACMAARAD.jpg,301,301,57.772548138788345
2757,mYKg4ZfTRhaRadQbLCkbLwAAACMAARAD.jpg,230,230,21.50087723528718
2772,Iyl26noOTsuV-wN8Kuq41wAAACMAARAD.jpg,655,655,43.99667816748108
2772,NInbJgnyT0CKdfb6j2NzFAAAACMAARAD.jpg,197,197,361.3126120187085
2773,tXsUUvyPRaSFzv9CXIde0AAAACMAARAD.jpg,197,197,1111.1836014725661
2773,NZf1jEEJTsmzM_HHqenLtAAAACMAARAD.jpg,281,281,1234.1947862420373
2773,_0eUjLDEQLOYOBrGEQ5m1QAAACMAARAD.jpg,208,208,1181.314272260721
2782,_NbLDbTiR7qXPQNwZ0iXZwAAACMAARAD.jpg,145,145,641.8778489454686
2782,Fj5wkBYtSxeyoxRYga5wGwAAACMAARAD.jpg,183,183,144.86773164555783
2782,v_Ef9i9NQ5eiIBhK5eCd6AAAACMAARAD.jpg,200,200,261.03544776
2794,vNGJTNSgQQqb0YtBCmfeZwAAACMAARAD.jpg,172,172,145.74962928797993
2794,ic91gndkSgSprJYmzXlt3gAAACMAARAD.jpg,290,290,49.19746506112846
2794,onlXl6JsQciXX_rSReKAnQAAACMAARAD.jpg,166,166,153.57433774758908
2801,O1CN01u0WqoE1Mw7zv2mnQQ_!!6000000001498-0-antinsbiocamera.jpg,1139,925,11.654286590837845
2801,O1CN01PfytEk1Sq4SJQomBG_!!6000000002297-0-antinsbiocamera.jpg,273,273,49.01197877872582
2801,O1CN01dNp3hc1VXhPoDJevK_!!6000000002663-0-antinsbiocamera.jpg,1139,925,11.654286590837845
2816,upVgeWPeSVqX7NG-fhHvzAAAACMAARAD.jpg,204,204,250.16893965668945
2816,WjU9EGJZTJq1yl2dkNPW5wAAACMAARAD.jpg,224,224,314.5718312801693
2816,mIKknZGLTlSuFDDxtGrMJgAAACMAARAD.jpg,303,303,236.01879974176407
2817,-lizwZHiQZ-e9gn19oJZpgAAACMAARAD.jpg,156,156,182.41481899790995
2817,nGTS9tqxRKKXukq_Ws4tqAAAACMAARAD.jpg,211,211,77.74234248984394
2817,e9dUnbJ7QMai2qk6sx_wGgAAACMAARAD.jpg,199,199,594.2220654067172
2831,TJ1lIJI0Tfe6eK8efcqbnQAAACMAARAD.jpg,188,188,219.41753056497828
2831,9FzB-ZUVSIKi6BLWh-ZlmgAAACMAARAD.jpg,184,184,182.34972649560237
2831,q8OuXrzFROWSInNgDQG3jwAAACMAARAD.jpg,249,249,79.44462729260434
2833,FwnGx0c6SzeFUDP6b5_euwAAACMAARAD.jpg,244,244,124.39392970936858
2833,EIXHY2eCSNWsvluXDYSR0AAAACMAARAD.jpg,166,166,78.68934156456987
2855,4UCiGOSlTEOx2rSheu1rRQAAACMAARAD.jpg,119,119,62.69733991786856
2855,vm63wiASQ16Pg1IXmv3WEgAAACMAARAD.jpg,273,273,1139.0385658501018
2855,NMZukpKZQla35OT2u2GCuAAAACMAARAD.jpg,274,274,245.8257270288838
2867,-klaK4SPTX2NaJwGjddxcAAAACMAARAD.jpg,200,200,411.65061479
2867,3N6xBEstT0Ood7MO8c2owAAAACMAARED.jpg,200,200,411.65061479
2867,-G70uwjFQpOupKcE5FBwqAAAACMAARAD.jpg,153,153,177.26499876188288
2869,oceYYjXSRX-tzGyBZ8trswAAACMAARAD.jpg,263,263,182.42179256145022
2869,SvpGRhmiTqGOR-GDHIrHVAAAACMAARAD.jpg,213,213,92.55633041015982
2869,9KsyFyD5R-i-ZQsq_LI5sAAAACMAARAD.jpg,199,199,449.9667598807843
2874,2xGSIEHuQu6k-3x-Ze7F7QAAACMAARAD.jpg,180,180,82.73487160493826
2874,ftTZ_FZlTqiHmA8TVjxIgwAAACMAARAD.jpg,152,152,164.32914780498731
2874,fhR941v_RB-KGh6p2nebHwAAACMAARAD.jpg,138,138,128.07275113367947
2880,jhekVEvSRfuIU1k-_oLlJQAAACMAARAD.jpg,164,164,105.16009465569628
2880,P78_rcR6Q7mGeoLCSymtFAAAACMAARAD.jpg,159,159,136.0624229794525
2880,Vbt5fUPuToeRlQBKDE2fmgAAACMAARAD.jpg,202,202,239.5600085209166
2881,v3jVzFsjTSGSr6YrVI4RvgAAACMAARAD.jpg,310,310,383.6746134734348
2881,kfV661fXTRWkcoziE6QSfAAAACMAARAD.jpg,231,231,698.2365218087249
2881,Mfx5Bz4QSGiUsEkwrlaMDQAAACMAARAD.jpg,324,324,467.16757718898026
2882,hb3BRhm_SVSS-WDviY0qXwAAACMAARAD.jpg,343,343,133.60511640076328
2882,WbuFzEGaR3erYphosg88DwAAACMAARAD.jpg,271,271,251.15130873190355
2882,qWxKyEV1SWmKiGdcpwst1gAAACMAARAD.jpg,251,251,538.16510288155
2895,frcN6tW0QPO_7wiJWXsIzgAAACMAARAD.jpg,212,212,62.53771690960207
2895,VdJOR0iKSWSXd3i4K4WfnAAAACMAARAD.jpg,1273,1273,79.90214231191801
2895,BMbS2HVtQz6-vYB9nv_ZcgAAACMAARAD.jpg,1320,1320,51.98328033848238
2903,DIyPxdISQNeWNTJ-aBKk1AAAACMAARAD.jpg,246,246,80.66449941916882
2903,GgJ2xrptS6-rBlR7Lg6XBwAAACMAARAD.jpg,151,151,178.75818196395866
2903,I6YTZ_rzTiqnOl36TT7m2wAAACMAARAD.jpg,175,175,294.555389468788
2910,BV6UMIXeRFGlJSDXgKdjXwAAACMAARAD.jpg,231,231,204.91018549433602
2910,LLrZ56b4TWWEUnVDqO79GAAAACMAARAD.jpg,191,191,66.39314780565216
2910,gdM3O8gURteqr7iNFJRFdwAAACMAARAD.jpg,378,378,59.93626539480418
2923,XSANg08SQEKrX-ttlfIbugAAACMAARAD.jpg,249,249,163.725355931878
2923,Y4wMYAhHQMCeMMD1I_PpTQAAACMAARAD.jpg,161,161,261.89461970328335
2923,jKdup7lYQ4yL3W7WDLHCywAAACMAARAD.jpg,211,211,241.8174995489588
2929,cgcXZOVzTXy1Soom6I15DAAAACMAARAD.jpg,230,230,519.7003429015048
2929,HyN7szDHTluC8dKD__kT4QAAACMAARAD.jpg,310,310,343.3032433224583
2929,jiy5v5qeThOBdodbn-_RxwAAACMAARAD.jpg,183,183,892.13623047037
2934,lQGfovacRMCmdlPpW5sQXQAAACMAARAD.jpg,152,152,588.3215377123483
2934,egD59s4ARzWOBN4myMbZWAAAACMAARAD.jpg,149,149,2629.4713491247207
2934,aZQUIsOYQHG2e3qRGNQQYAAAACMAARAD.jpg,163,163,335.677152527283
2944,O1CN01cCNdlH1IkRQYIH4MI_!!22690931-0-antinsbiocamera.jpg,146,146,794.605585525086
2944,O1CN012vE2Of1IkRQig1l9l_!!22690931-0-antinsbiocamera.jpg,146,146,794.605585525086
2945,O1CN016AyQdE1XJ9yG3cr7o_!!38492902-0-antinsbiocamera.jpg,1083,1083,133.62073689378045
2945,O1CN01jvCDDB1c5wcZHLhaZ_!!6000000003550-0-antinsbiocamera.jpg,1088,974,87.12554922120145
2945,O1CN01sDhPJJ1XJ9yCQCK7d_!!38492902-0-antinsbiocamera.jpg,304,304,1265.91854270415
2955,oVeCXNVPRdqv9rqRpqge6AAAACMAARED.jpg,371,371,286.12840378395936
2955,6s3CzzcWR7yJ4ZK5RxzmqgAAACMAARED.jpg,371,371,286.12840378395936
2955,JzhtQbfUSneL-VFIa9y22QAAACMAARED.jpg,371,371,286.12840378395936
2957,Q7AAXg0vRkeEypg7Kn2lswAAACMAARAD.jpg,227,227,173.2218372387982
2957,ne2S8xu9R06BoDCh1-PwyAAAACMAARAD.jpg,366,366,53.00410969355925
2957,XADUc0NbS2eYQUmhHE8MmQAAACMAARAD.jpg,221,221,349.73189783840434
2969,Z_ztJmjCRHCao4Fzry7qZwAAACMAARAD.jpg,176,176,393.45609592406225
2969,FZwpiQ-2SV2_hpdC8ZFGYAAAACMAARAD.jpg,159,159,359.6384899760473
2969,LzyTon_fSwu7twPWvvCxEAAAACMAARAD.jpg,133,133,309.21442704505625
2973,XiXVG_XXT4OLnXzrOMcQ_gAAACMAARAD.jpg,265,265,742.0023199039956
2973,i6AYh_dYTy-P9pYFqbqH3gAAACMAARAD.jpg,266,266,282.42757283287784
2973,mqaa1X44QRuX6B1_OhvVEQAAACMAARAD.jpg,275,275,323.112719414204
2978,O1CN01z0jzhb1uZreBz6kMh_!!0-mtopupload.jpg,251,251,1224.4932317798698
2978,O1CN01JvHIz61Gou1PtN7Eq_!!0-mtopupload.jpg,602,485,962.003940876356
2978,O1CN01ddbyVM24vWXG3B8wi_!!0-mtopupload.jpg,264,228,809.132296797996
2979,V8wIuRLyR5SFqYmlEE3yIAAAACMAARAD.jpg,203,203,574.6549747935951
2979,nXYGd0SNTPWUlP08MWt7MwAAACMAARAD.jpg,216,216,187.21497119269165
2979,fnaMK6MbSbCl7yBMZ6dYDQAAACMAARAD.jpg,227,227,267.5575550928584
2980,mPcftR-5RuWn8HXAKsqb4QAAACMAARAD.jpg,246,246,29.451613761940784
2980,IofIcSRnT6KDWlx9v9npRAAAACMAARAD.jpg,168,168,147.36323671540376
2980,PAjjdRqiSMiZlh9xYoTDkAAAACMAARAD.jpg,196,196,110.81324891936319
2983,T1C92ERpQJShQOq8bY2ANwAAACMAARAD.jpg,210,210,257.88393376165277
2984,WZMWCMUzSA-SO45TH0MX2gAAACMAARAD.jpg,174,174,104.58617850033447
2984,HrXE1eIGS5KI6UpX5IAFXAAAACMAARAD.jpg,221,221,988.0953055525617
2984,k2VuXgchSsmzW9Rai2_KswAAACMAARAD.jpg,287,287,52.98652182649456
2993,9cz2lg0LQW-syd-thHE5uAAAACMAARAD.jpg,273,273,93.83405835906264
2993,HvPoeofURauYOi72oRbifAAAACMAARAD.jpg,160,160,227.07729180755618
2993,_5rpyjpWSs2I2safndvQAgAAACMAARAD.jpg,190,190,37.71637976611598
2994,L1qfFCg_RA6Uz5jbj-3OfAAAACMAARAD.jpg,246,246,457.10528117360724
2994,_II6tlDoQKmaG0N1DSOZKgAAACMAARAD.jpg,269,269,34.51839590535938
2994,UUyWOdpyT3m2sSmx_g9QhQAAACMAARAD.jpg,334,334,1709.059952581323
2996,6s5RFRJnSR-wHtuJMs_tYwAAACMAARAD.jpg,175,175,441.2969022907122
2996,ncZEncEZSji_QSA-z6cbDwAAACMAARAD.jpg,274,274,146.9438824255083
2996,nTRXa9M0TRaMgoKSnsdbdgAAACMAARAD.jpg,222,222,99.22476904908514
3003,nGIlZSCMRUqHo-OlMLe9OwAAACMAARAD.jpg,163,163,158.2419072459681
3003,otF9y3PHQZeT1uDTg3Ls-wAAACMAARAD.jpg,216,216,25.188576965740317
3003,bClgVSqFQQqGiFFK0oA10QAAACMAARAD.jpg,209,209,57.97298405556683
3014,O1CN01ZntaPo1qDdtsgFDbc_!!0-mtopupload.jpg,665,665,43.418315992183345
3014,O1CN01LPSteA1k3fa3GBnJA_!!0-mtopupload.jpg,581,535,56.46881400785936
3014,O1CN01EWnx2z24qU6rxqX8s_!!0-mtopupload.jpg,274,274,60.51085406594757
3019,1mdgCTLZTRayFRSpTtnSEAAAACMAARED.jpg,261,261,171.5863015166957
3019,uHAC0MwuRKqpXCp7dNyr2AAAACMAARAD.jpg,261,261,171.5863015166957
3022,CPyzlu2hSaKV8_XOkn2D_QAAACMAARED.jpg,645,645,74.1765476695297
3022,ug0SqLouRcGPncbIvBJLTAAAACMAARAD.jpg,320,320,98.60320284690857
3026,9BBPX1wMQzuEjfBEqLDxXAAAACMAARAD.jpg,164,164,306.97393664347186
3026,onPnoR4bTbKCk4Yd3n0r9wAAACMAARAD.jpg,179,179,3388.7884957847646
3026,KEbmq1C5SDiw4DbimJfvcQAAACMAARAD.jpg,224,224,654.0615969919652
3046,O1CN01onSVuu1Yv0JRFD5NF_!!0-mtopupload.jpg,531,531,259.3137222879291
3046,O1CN01AKgmFg1PpCkzQu390_!!0-mtopupload.jpg,505,405,204.06804994663506
3046,O1CN01i8hyuV1F6e47WgtLg_!!0-mtopupload.jpg,159,159,37.07716744821394
3053,Yv0KlGumR4yGIznJMAx7UgAAACMAARAD.jpg,605,605,206.34987157757368
3053,4pHfMYhuT_GThbscBXt3igAAACMAARED.jpg,615,615,14.280020060760123
3053,WicRfmk8SM2QBNoa9fYNmwAAACMAARED.jpg,605,605,206.34987157757368
3067,8hpECcmUSr6yZmkbOiGx_AAAACMAARAD.jpg,213,213,248.19429633342418
3067,maRssFoBQ4SXuAgRGY33kwAAACMAARAD.jpg,284,284,359.17870718818614
3067,6hVSiiDISC6Rj-hif261ZAAAACMAARAD.jpg,265,265,916.2481762510549
3094,TpCaaafFT7uLVIquQtNJygAAACMAARAD.jpg,152,152,68.1181419266537
3094,ck9zbtoaSXybIc94A_kSRQAAACMAARAD.jpg,208,208,71.33494564451878
3094,GDwpHSD-SxGWl_LkAdqybAAAACMAARAD.jpg,171,171,11.757934940291717
3100,Jv32K8v-TKm0MJZ5YawdFAAAACMAARAD.jpg,339,339,258.22975701467243
3100,Sq4bm-79T5O5eQFIKZ1x_wAAACMAARAD.jpg,249,249,667.4411656326795
3100,CAaN-fthQWOyiwQim6VHOAAAACMAARAD.jpg,249,249,44.298790377652026
3103,YdKTIsgSRV-S27hyQj8kUwAAACMAARAD.jpg,181,181,884.3405369234349
3103,GGT8BzViQ7y2DnrFZk4xQQAAACMAARAD.jpg,200,200,733.3209151899999
3103,Lid_GZtURTmfqdtMMlnJDQAAACMAARAD.jpg,216,216,71.2724654358827
3140,NC0BMM7FTk6h7kdGHX127gAAACMAARAD.jpg,239,239,23.156326040881044
3140,c0YeO1JSSkOl2_nn_C-5EQAAACMAARAD.jpg,358,358,20.73318069568143
3140,r1rLXXX3S1OlxZzq7aniRQAAACMAARAD.jpg,306,306,139.15262080366574
3145,3aUCj_RsRGS3GtaLklKpuAAAACMAARED.jpg,282,282,59.10152223087538
3145,rdKnRZxQT3avnPqHT2hYQAAAACMAARAD.jpg,371,371,275.42509664693785
3145,OjXg0lQOSDmZTqvGwqKLoQAAACMAARAD.jpg,709,709,40.21637100033228
3156,7nF3azREShSYbcs-dXQ3zQAAACMAARAD.jpg,413,413,19.111229762879383
3156,ok7y2SN-R0SwiSRzpBD9uwAAACMAARAD.jpg,358,358,73.0712737345307
3156,Y4qJ9ooUR8qTozByMLnSZgAAACMAARAD.jpg,275,275,40.53687991908749
3158,nQ1eD8ccR7erUiZWjaaWUwAAACMAARAD.jpg,206,206,651.8893526847427
3158,wRrImVnHSHSUQnrS3ONqeQAAACMAARAD.jpg,247,247,691.2620623647665
3158,Jms_iX3JTCGOFiGG5ZOxvQAAACMAARAD.jpg,166,166,276.07801146583967
3161,VYEaLc-2TyaMSKZZVFlzYgAAACMAARAD.jpg,160,160,974.231106225586
3182,KgU0A4jqRpWvW7vEMlX4fAAAACMAARED.jpg,853,853,133.7688628635114
3182,8xm2ittOQq6lNOdTu_JlSAAAACMAARED.jpg,853,853,133.7688628635114
3182,q22bTyI1Sc6SSM5za2drFwAAACMAARAD.jpg,853,853,133.7688628635114
3186,O1CN01z5xEdU1MGRqz2B9xV_!!0-mtopupload.jpg,521,521,51.01094579545933
3186,O1CN01syT89V1n5uMafNxDF_!!0-mtopupload.jpg,585,585,42.75770498524295
3190,MylHboYQRtexxAZq84JHbAAAACMAARAD.jpg,432,432,2366.1516284436398
3190,d_BsfI4gSeyuos-kR6KSHAAAACMAARAD.jpg,195,195,286.15829054227015
3190,ucDE8m-VQ9mGhKddl3OXCwAAACMAARED.jpg,432,432,2366.1516284436398
3192,O1CN01lHOKQ71C9u2Bb1Tnv_!!0-mtopupload.jpg,191,191,177.37586154195736
3192,O1CN01ERJ4OF20hXuve9rnp_!!0-mtopupload.jpg,385,317,305.166351886618
3192,O1CN010jkWVo1yq86gnEpZC_!!6000000006629-0-antinsbiocamera.jpg,164,164,304.16293968990783
3195,O1CN016C6HhA22wJvPWDKiF_!!0-mtopupload.jpg,383,383,4324.486163587171
3195,O1CN01tlAoHt1kIKFpNswCp_!!0-mtopupload.jpg,659,659,561.8242150901588
3195,O1CN01SjfAAP25MXpn3eCfb_!!0-mtopupload.jpg,247,247,573.9449845867723
3203,2lTRptsASteCaLyYfQPYTAAAACMAARAD.jpg,141,141,262.28431907640305
3203,gGLMO4ycRAKoe8tpSN8sgQAAACMAARAD.jpg,188,188,251.51448286831533
3203,Y9b_7KZhQUaWFk5p0tAuyAAAACMAARAD.jpg,251,251,111.78500969740317
3209,BaI01fTrTVCU5SdupY6g8AAAACMAARAD.jpg,171,171,420.627686973598
3209,BGw28a5PRVeirGp6bQKeKQAAACMAARED.jpg,171,171,420.627686973598
3209,L5PCE_1IQje4hrxsKKf1xgAAACMAARAD.jpg,392,392,970.922373300043
3219,zDu8Z517Tvi0vPse5VSChAAAACMAARAD.jpg,170,170,2253.4472872690703
3219,XOTn5hcsRGKmbXwtQsKT9gAAACMAARAD.jpg,197,197,67.11786567253903
3219,nzNWLnknTLeFpA7rniGjowAAACMAARAD.jpg,222,222,487.52422718983104
3223,oHK2MVGkTyGHlWUYgp3dAwAAACMAARAD.jpg,295,295,84.87694735564946
3223,3kqyfiZBTOyomQKuj-DCewAAACMAARAD.jpg,170,170,181.75633275942573
3223,u2vh_mnNQ9qxEhtYUOPQxgAAACMAARAD.jpg,223,223,225.44724016872286
3226,L-B-MGhURF6i1ZAZUFdMbwAAACMAARED.jpg,291,291,100.80561591680093
3226,Uj1jzK7_TIGWhGgt7lZWoAAAACMAARED.jpg,291,291,100.80561591680093
3226,Tr71W4hAR4Cq0ok6VU9e_AAAACMAARED.jpg,291,291,100.80561591680093
3249,P0wPmWebSWKveKQ9B13kWwAAACMAARAD.jpg,323,323,51.56094469805911
3249,6OEy-bLNRH2gG17teH331QAAACMAARAD.jpg,188,188,32.74192610836139
3249,yxx4Er78TOCwQiI-v-C6uwAAACMAARAD.jpg,258,258,52.739421981891056
3251,tvKatj22Qlyw3Ib5d38N6wAAACMAARAD.jpg,293,293,101.9430493681342
3251,CsgGgwI4RWyc46RKXAtLMgAAACMAARAD.jpg,221,221,63.15230078195266
3251,J7ROJohaSwewyHiDO-6vsQAAACMAARAD.jpg,338,338,97.36090453149366
3268,HG4n8eUZQd-yysqooUwvHwAAACMAARAD.jpg,202,202,400.3078530149764
3268,8F9pVTV9RgKC6xOtN76NkAAAACMAARAD.jpg,203,203,392.0331842244152
3268,v3Fmp6cKTmedJqNJ5fgq7wAAACMAARAD.jpg,229,229,149.96334401151958
3269,MAZkSLUgRyqdZEapYd_CpwAAACMAARAD.jpg,283,283,25.222083944453754
3269,H1Ds0brSSnWDF45wlwtg5AAAACMAARAD.jpg,199,199,60.12487215462738
3269,8ccLjMRiR22wQUV1bKeH6gAAACMAARAD.jpg,189,189,29.47888853137037
3283,hHEMaiCfRNOYYFaQHDIN6wAAACMAARAD.jpg,169,169,437.07043533303437
3283,bNI1emvDQLCu-niM7VJl6gAAACMAARAD.jpg,303,303,37.121032041789555
3283,XS-rTvJuT2Ooo2oH8xqGNAAAACMAARAD.jpg,202,202,260.1348656824799
3294,2N2S_zsTRoaApegbtYFCGQAAACMAARAD.jpg,200,200,179.90120591
3294,3SK2sXhGSRC6YcLQdZTeBAAAACMAARAD.jpg,226,226,106.09188130925956
3294,cf_Ugc6JRYSrPlt8WTW0qAAAACMAARAD.jpg,215,215,1257.408288133764
3309,d_t8iaU5RRayYPn-na_yDwAAACMAARAD.jpg,498,498,37.85333895806539
3309,JAOjHjHcS4CauObgq-ZYAAAAACMAARAD.jpg,363,363,53.76821396284693
3321,__c53XWoTJGgRsRS4MKOxAAAACMAARAD.jpg,310,310,1880.1877029217526
3321,xP076o7HQuGx5ng7MDyl7AAAACMAARAD.jpg,217,217,811.103010851186
3321,JQ8j09WsQnSlLrOeub9apAAAACMAARAD.jpg,217,217,234.58821873282056
3323,6z5-sRnDQ6eaEbrhpPYYhgAAACMAARAD.jpg,180,180,970.7258451065006
3323,d7Zf8kW9TxSyD6KqcfA1jAAAACMAARAD.jpg,171,171,1016.6564129473269
3326,ztKv9YUcQ0aUx8_pEYs4LAAAACMAARAD.jpg,406,406,291.16248080540333
3326,E9m18GFETiWO0Ao8UqyRwgAAACMAARAD.jpg,303,303,496.61278693323504
3326,VoebGDtKQl2qfSB1QsauwAAAACMAARAD.jpg,298,298,858.3917972203183
3333,frZh2SFFS8S7s3W-MfmGvwAAACMAARAD.jpg,177,177,182.067110385292
3333,zs6NmX7DQE-VCm96OjDVJAAAACMAARAD.jpg,168,168,574.3566861314838
3333,hNX7cT-tQ1u6WQtnLBhg-gAAACMAARAD.jpg,293,293,291.36062192171585
3338,FKV9SP57S7GOsuof4IhwlgAAACMAARAD.jpg,344,344,123.90732468739303
3338,sCqU4OgkR2apaFQJwtUCOwAAACMAARAD.jpg,210,210,198.288347535749
3338,FUGyEVr3SPuCO95k7Ebq1wAAACMAARAD.jpg,184,184,187.95578034435184
3341,M_RYoY2SQAmF8dM1QW6B7QAAACMAARAD.jpg,298,298,225.23606617142667
3341,Ebh1BCq6RpCrx-MSzDChqAAAACMAARAD.jpg,183,183,352.5288084667892
3341,BKHg6KS7Qvy-Bp7usWegbwAAACMAARAD.jpg,224,224,411.96127644363713
3342,5k4sjzVGR3KGbXsJaMWZDwAAACMAARAD.jpg,223,223,95.27686328192962
3342,weQXzgKcQ-iYRWqYydIAxQAAACMAARAD.jpg,187,187,197.5340725070176
3342,HTthGP9uSrmHKV3p4ac6zAAAACMAARAD.jpg,189,189,102.77046165918496
3348,dwoML0IOQguBEh7bwn-R9gAAACMAARAD.jpg,339,339,89.86592598835269
3348,PUcugxxsTLS0E-fgkWtGLAAAACMAARAD.jpg,300,300,578.1623543791359
3348,nO9MJBQ_S8Guwb-qTXzDvgAAACMAARAD.jpg,432,432,179.41910684975232
3355,da5HCm8xQnuCW_6EhpYyHAAAACMAARAD.jpg,296,296,220.1826505121773
3355,u1xVyKnLRjCUURSRQxeJHAAAACMAARAD.jpg,231,231,187.32504750679558
3355,wRuZfUi3SGCGXAkIeqgQMwAAACMAARAD.jpg,169,169,61.8449838620213
3360,HKf8C-aaRKGDMhedlNzr7wAAACMAARAD.jpg,228,228,139.39718966491193
3360,66MqsTM2StGpxi3pexcDpgAAACMAARAD.jpg,329,329,605.4149102227404
3360,0iWNHmtdT3WIteY42Nt7JwAAACMAARAD.jpg,394,394,474.39417749479173
3361,FnWsQyfTR3OOt-e916NEYgAAACMAARAD.jpg,201,201,145.24345846566052
3361,Ra0JrHAPQd-an2TDIJFF5wAAACMAARAD.jpg,200,200,53.310778669375
3361,L9ogxAMxSF2b0P7SmRGcWQAAACMAARAD.jpg,409,409,78.51337871494819
3362,o5ZrvSA9RLaFj95SLJeGfgAAACMAARAD.jpg,184,184,227.3591718398517
3362,yKbHwyZPTdeeHLhFjV0VSgAAACMAARAD.jpg,183,183,263.5885838575044
3362,R_Oz5g5NSgSNKdk1AL1XtwAAACMAARAD.jpg,168,168,117.230792789527
3377,vHq7xZb5SP2ZxpEhMnf96gAAACMAARAD.jpg,272,272,536.29723422015
3377,kigRdq38R2STF0aShK5J1QAAACMAARAD.jpg,217,217,172.2070741527405
3377,0oUMWZG6TbOpnNBBUI0JDgAAACMAARAD.jpg,202,202,2474.29955283074
3392,O1CN01VRmUGh282LD20uTDi_!!0-mtopupload.jpg,234,234,123.2747552119212
3392,O1CN01XamdHn1kVbjxXlHfO_!!0-mtopupload.jpg,232,232,79.24518295535948
3392,O1CN01wQKt4H1RAYqAguHP4_!!0-mtopupload.jpg,250,250,91.31361171558399
3400,SPZEvy7WR0mLZ84CkIe6vgAAACMAARAD.jpg,302,302,2846.605727270734
3400,CD-mQD7yTP-C2_F5xSVBdAAAACMAARAD.jpg,95,95,9462.105031557463
3400,ZZNAIg3MQya3ti4yX_sg7gAAACMAARED.jpg,95,95,9462.105031557463
3401,0JthCVaYR66NKvppWKPhVwAAACMAARAD.jpg,175,175,78.80819255017077
3401,diXz9GjUQ8O6n2zyiq_3ogAAACMAARAD.jpg,258,258,35.50408214078742
3401,16rmbJ0XQda2W8ulca69IgAAACMAARAD.jpg,225,225,43.62373197802774
3403,4Bs3xpz1TxapOJCKkAJbpAAAACMAARAD.jpg,150,150,445.79767866469143
3403,5Q2Ts_ESTcifrZw9lNOKGQAAACMAARAD.jpg,192,192,204.13608847061792
3403,X4AwmJWmQDqcZgkOhNBD3AAAACMAARAD.jpg,156,156,100.8507044268689
3405,Fpjhf_UoTR-LpxjgzprT5wAAACMAARAD.jpg,310,310,911.3562613228069
3405,BHuTY1EPQKya8LtwZ30M0AAAACMAARAD.jpg,237,237,86.2215402210731
3408,uZH9VkjBR6yMZaDQmotlbAAAACMAARAD.jpg,321,321,136.0555857196317
3408,X4wEK_4ETKK-GwDui0qcygAAACMAARAD.jpg,234,234,303.7020729635456
3408,rcwh5_JeQaGHftks4VJ2QwAAACMAARAD.jpg,169,169,1285.179814947781
3415,UwYxRYBZTlWeneLWntuWjQAAACMAARAD.jpg,219,219,107.95304752576006
3415,r4PVI1MlTPG4PBEVkFF5-AAAACMAARAD.jpg,246,246,96.4323143448551
3415,dqSoGs7GTqOXRnsGRBuVSQAAACMAARAD.jpg,245,245,55.05700455602891
3422,Yj6eG85mQG6fWAMXaVT2ugAAACMAARAD.jpg,265,265,38.39891627068109
3422,VaOdXj0xSqKbv-hDxlVRMQAAACMAARAD.jpg,293,293,95.32543483834257
3422,l3GV1aYoRqiaTsr3ueRrYAAAACMAARAD.jpg,191,191,162.04793988464152
3428,fYo3u2RZQ8uBxtlXj_3oDwAAACMAARAD.jpg,270,270,6.743673281511964
3428,f4onmQkNQtekB3uFRteK0AAAACMAARAD.jpg,191,191,35.13216180124445
3428,gyeN5i6XTj2nDGF-eZM9xgAAACMAARAD.jpg,188,188,8.789370388658602
3429,htPZNJCyRGqTsR1Nnfos9AAAACMAARAD.jpg,266,266,177.0241914996658
3429,XepqIjwOTBeTjlqoe2d7vgAAACMAARAD.jpg,193,193,566.7407878506043
3429,3RWo5sQ3QgOgkEE0IBjj5gAAACMAARAD.jpg,199,199,470.6013504402891
3442,O1CN01HMdeA01LXZ2Odsaxj_!!0-mtopupload.jpg,385,385,87.0045837729942
3442,O1CN01UHAhfu1dihkuAJ6Ty_!!0-mtopupload.jpg,375,375,75.70245818868621
3442,O1CN01hDByVw1YlNzolfGGL_!!0-mtopupload.jpg,290,290,209.079404783106
3445,YbfcYQGFR_-ugd9f2oDPWwAAACMAARAD.jpg,426,426,72.85598217886442
3445,75CnFUSZT428q905hhpJ6gAAACMAARAD.jpg,212,212,33.001736280696164
3445,N1dks_u2RZWUcinDHRVZSwAAACMAARAD.jpg,213,213,221.4354287650842
3473,zCkc4ZG2RLKBDtj4SVl75QAAACMAARAD.jpg,213,213,38.34406196849607
3473,TmoEBCLMSDeYgMZanW06LAAAACMAARAD.jpg,187,187,20.49058942170503
3473,HAlPMF6bRuyQ5GKm1m7UEwAAACMAARAD.jpg,184,184,27.347965925537572
3498,nLYqy-IPQEaEJ0nT-yjDUQAAACMAARAD.jpg,359,359,104.30555064124059
3498,EuNsnL3OQIaKrFW-FfZSIwAAACMAARAD.jpg,232,232,140.84842461912183
3498,XE-04TBkQjW2IID5MPshywAAACMAARAD.jpg,225,225,195.57954301853985
3502,iXrJgKA7R2ehJnmQz28hewAAACMAARAD.jpg,201,201,757.6935807194051
3502,CaZJjLndTA2kv47qCGcpCgAAACMAARAD.jpg,262,262,198.87267620014066
3502,5VqQBipoSguI0apuimaH8gAAACMAARAD.jpg,336,336,77.67699554427823
3511,q6vD56CKS-6VkOu1EjEG0QAAACMAARAD.jpg,174,174,1933.1353903012443
3513,da7NxuohQO6TrY7nNQ3-EQAAACMAARAD.jpg,155,155,3719.2497556703097
3513,X1qESw46RT-VRMTLaarPEwAAACMAARAD.jpg,193,193,1088.6735613420271
3513,64nZ4nC0T7G-40-p0-XPMgAAACMAARAD.jpg,187,187,5477.618540306161
3520,ghryWrvfQsSTkwRRAxATyQAAACMAARAD.jpg,282,282,391.737241902812
3520,-SJHelDESymQnkQLzxKlEAAAACMAARAD.jpg,285,285,26.445426442987262
3526,ksSppSkvQ0S5whILabI3ugAAACMAARAD.jpg,191,191,1718.7356219764472
3526,5LxErIEPQm-Lsa92fDafJAAAACMAARAD.jpg,249,249,860.6856473171299
3526,1a6zORYrSb6WKnRVTUq7gwAAACMAARAD.jpg,305,305,125.8842855657811
3528,hsZNfCYXTT6IDyEi4WVmdwAAACMAARAD.jpg,157,157,708.8157979634128
3528,1nBKJQBuTJGX0hbQZNlvQAAAACMAARAD.jpg,280,280,93.66801370376275
3528,i3XvPmmLTty9catSNuCJnwAAACMAARAD.jpg,215,215,325.60824506322535
3535,x9BQE10sRPe26lBgcULfPgAAACMAARAD.jpg,223,223,317.67616154354
3535,04DbnQwuQ9-V7aXBO2DEHwAAACMAARAD.jpg,196,196,525.801731191995
3535,mVX_PQHxT_GtiLV6OSMxwwAAACMAARAD.jpg,173,173,342.1767125317527
3537,O1CN01gOEICO1NOWRwFzJfc_!!0-mtopupload.jpg,359,269,412.7197744418846
3537,O1CN01Qv0qVb1ZToPlVhKI8_!!0-mtopupload.jpg,454,352,881.0556681778395
3537,O1CN0109ZCMk1CDZCc5FpDP_!!0-mtopupload.jpg,348,240,954.6996720535653
3543,N3aGcFZ5Tt6UdUFS7gxTOwAAACMAARAD.jpg,632,632,858.0507528581653
3543,MMt_iAgARf6T_Obg6vz_zAAAACMAARED.jpg,293,293,3459.942149520877
3543,KybL_cK9QeWRMEd780Uy_gAAACMAARED.jpg,632,632,858.0507528581653
3544,O_9tu6PdQfCAGhHfde3WGgAAACMAARAD.jpg,275,275,182.11189118120345
3544,FWouOG6iSzWpyJ2c6nHjVAAAACMAARAD.jpg,311,311,388.3309678335734
3544,RxbCCnPDQwCPA8xpU5L2NAAAACMAARAD.jpg,257,257,1953.4062892700874
3546,qDxbnKsGQGag9DBtcWtlyQAAACMAARAD.jpg,202,202,335.2003777714637
3546,Udaw4euYQu2YOAYAjoANqgAAACMAARAD.jpg,290,290,79.80740855119818
3546,SnPE8USTTWeUwRE_2qCbJwAAACMAARAD.jpg,202,202,144.60928167814768
3548,n4xabOx4QWCh4twQrVGIgQAAACMAARAD.jpg,269,269,591.8923784521397
3562,-4rOCQlwT5ednnqCt8nDGwAAACMAARAD.jpg,201,201,28.96488984409354
3562,o_D2J6FkRlCZxYTSoKUwWwAAACMAARAD.jpg,205,205,171.66173264108323
3562,bkWDAmckTlSLYpY5UgTyXAAAACMAARAD.jpg,201,201,171.2726689252758
3579,2hThfX84Qg64nsG81y9RTgAAACMAARAD.jpg,223,223,713.6872263683966
3579,ivy5nIK5SN2iWvUZBRIM9QAAACMAARAD.jpg,147,147,313.6384193969189
3579,mJqaIc3uTWu3S03N37c0ygAAACMAARAD.jpg,148,148,761.5876090500462
3584,bVHcTTL3RQGIyOssUwQtjwAAACMAARAD.jpg,321,321,308.773258325981
3584,u2Qy5XeUQRSDPGcK9rgk6wAAACMAARAD.jpg,198,198,316.59857736851836
3584,4wqLHxcyScWES5oeXhLzawAAACMAARAD.jpg,218,218,204.15187295254927
3589,3tjIw0kWRVu4ZAkxX49UAQAAACMAARAD.jpg,167,167,121.53964893593268
3593,UsG-IrOuSYKbXID9NNRamAAAACMAARAD.jpg,547,547,10.258277332140159
3593,AUFUyIzdQh29WRYzcykyXwAAACMAARAD.jpg,163,163,2040.3452633678394
3593,piUduJf9R6y1tWHDjUWb5QAAACMAARAD.jpg,348,348,93.6249072706656
3599,AhhoCSOsSzyjz74-B8gqgAAAACMAARAD.jpg,224,224,1179.957033963265
3599,cU3SujOLS9OPOo9w_8JvzgAAACMAARAD.jpg,241,241,562.8393565774612
3599,aMdbbxOtTC6mfC9Pi6DgGQAAACMAARAD.jpg,326,326,357.29482770262274
3605,IECSqrZIRyyH9hTfvlZaPwAAACMAARAD.jpg,195,195,198.2560420084195
3605,XvEISBXzQqKW48e9SphaMgAAACMAARAD.jpg,271,271,162.71454485746088
3605,SZeAtZJLTkue55fETia32wAAACMAARAD.jpg,270,270,418.33786250044693
3606,7Izx53g6QAuWvDiCyXL7EgAAACMAARAD.jpg,237,237,168.63202103910044
3606,ItMI9HNZTRCGw5ZzGwSpaQAAACMAARAD.jpg,264,264,75.570030457209
3606,0DrBosxjRlm7IG7Uu3fvsAAAACMAARAD.jpg,355,355,92.83110707608836
3616,QhNmcgB8StyFo88OhTDcWgAAACMAARAD.jpg,375,375,137.36347311217776
3616,3SQVraSIRQKSX8F5MxE84AAAACMAARAD.jpg,246,246,846.8068837105591
3616,kBhoftcJT7e3AR8B7rwNrwAAACMAARAD.jpg,294,294,78.54045792648553
3623,MHjlGbxhSzuQ2VpANQpddwAAACMAARAD.jpg,228,228,918.8235250702272
3623,ItoYAO7yQouk1llqOd16CQAAACMAARAD.jpg,182,182,666.9724355174989
3623,Fq1HkzxoQaiBeRzbOZOi0QAAACMAARAD.jpg,312,312,472.4714931235304
3624,O1CN014cIM7h1GQAZ6Mm4Wi_!!0-mtopupload.jpg,343,343,373.09319769558044
3624,O1CN01AN0DJR1YBChpiYNqb_!!0-mtopupload.jpg,363,291,382.5351805715784
3624,O1CN01f5IDaK27k1MpBl0PF_!!0-mtopupload.jpg,363,291,382.5351805715784
3631,iY9yWc3QTcOx6n-kOIIz7gAAACMAARAD.jpg,212,212,229.00190048567305
3631,G-MSAzgASrGgCWRr-CSISgAAACMAARAD.jpg,155,155,387.1585245528797
3631,T61kZWM_QyyjVO_zDw9ungAAACMAARAD.jpg,163,163,177.97176883698359
3646,jW6uf1QPQvC1fDWuYi2m8gAAACMAARAD.jpg,227,227,29.28340721022437
3646,Ec-GWSp4TumVP3cXrrJfVgAAACMAARAD.jpg,398,398,132.62091118533868
3651,2a6qMY-eQjmydXrNH8g-8QAAACMAARAD.jpg,267,267,12.106740531834678
3651,C31ai8TvSt6Aw7nn7WL8EAAAACMAARAD.jpg,304,304,13.302871339495173
3651,M5qyXN0IQDmFV__iZ5mxEQAAACMAARAD.jpg,261,261,117.14041856686751
3660,7F5GgZ6eTpmFpOIfeUU-3AAAACMAARAD.jpg,245,245,133.52471115821692
3660,0ZtjBTLARn6qt52yuQnElAAAACMAARAD.jpg,170,170,304.2352588821973
3660,JQWS0PGVTK6mPX4AOT4KMwAAACMAARAD.jpg,187,187,327.45157396452277
3674,VrXVzGm2Tpyrp2KsKbA7PgAAACMAARAD.jpg,237,237,180.3364513201613
3674,S25MaRMMQ_iWrjC-_Sh1RgAAACMAARAD.jpg,364,364,387.9517594206484
3674,ab8HIIiZTqG5-rsdSStVDQAAACMAARAD.jpg,220,220,172.31107191448675
3676,Kn8XqtIhSryOhVcmBoV3oAAAACMAARAD.jpg,195,195,138.13732258674418
3676,cJl8B2jjSyaKRqpEJMWTEgAAACMAARAD.jpg,180,180,206.7857344297744
3676,gGtVXsUMS7CufhWjoMeSjwAAACMAARAD.jpg,206,206,68.45438063863311
3697,8kARUQ51Q2qBAaQMZXs_MAAAACMAARAD.jpg,240,240,42.778645828510804
3697,OpgTfethRwmlkvrqtsjxbwAAACMAARAD.jpg,294,294,300.1284661418591
3697,usrmMx_GRba2kYf0d-OO1QAAACMAARAD.jpg,377,377,40.937718596950354
3698,O1CN01jdoFrE1WnYdoCpaBE_!!0-mtopupload.jpg,429,429,167.57180126713976
3698,O1CN01epR0xK1WSUQEcG7FY_!!0-mtopupload.jpg,458,416,184.43628567610747
3698,O1CN01NZ3J5s1Lt5eV9suJO_!!0-mtopupload.jpg,429,429,167.57180126713976
3701,OpCSNS1aSAuTXIC0S6ogewAAACMAARAD.jpg,221,221,106.33202994860895
3701,5zxCNHTRSX6xWrbnOdarkAAAACMAARAD.jpg,351,351,228.3727676356206
3701,Lb30IMwHRPmIOGnynSRCMQAAACMAARAD.jpg,213,213,790.8654632402231
3707,VyvxA09HQ9Wn3Bw6-vPUCAAAACMAARAD.jpg,211,211,225.6296737034022
3707,l7LlQEUyRtKxBMqdL4p38AAAACMAARAD.jpg,208,208,1245.4226891662654
3707,zlJ5Sr9qRIe7U5Newhi0LgAAACMAARAD.jpg,226,226,520.1152500852191
3724,6U4EIcWDTzqJ2eXd7Cxi1AAAACMAARAD.jpg,290,290,156.40020075457988
3724,VcdJgZnSTGuamfCXXXnLAgAAACMAARAD.jpg,161,161,12.56169215659548
3724,rovw_GrAQOSHEi-L201IugAAACMAARAD.jpg,195,195,155.70219430259945
3731,lY3RC9HzSNGnxSEIZsEfYgAAACMAARAD.jpg,242,242,794.4068341633114
3731,t81Jr_6LRcmtTcTh2G8BpAAAACMAARAD.jpg,242,242,785.053442769418
3731,GIgIeD5PS5Cm0npAdSRqmwAAACMAARAD.jpg,226,226,460.95062277449244
3734,QemPmgrtQ0-aWozkhbX_kgAAACMAARAD.jpg,239,239,2606.4623210105074
3734,11yV_KqvSrGfn50W16TtRwAAACMAARAD.jpg,238,238,2738.1922739881497
3734,XBxcAxA1SaOzWvX7ujIr2wAAACMAARAD.jpg,331,331,1188.5328192930458
3735,O1CN01G7db8j1qwWiIWPNa9_!!0-mtopupload.jpg,314,363,76.25343401593481
3735,O1CN01rqxIws21qXJ3zzfZx_!!0-mtopupload.jpg,309,457,135.1903722795963
3735,O1CN01wHKDvw1IwLch7mBxE_!!0-mtopupload.jpg,313,313,328.6301202473008
3736,R_lIr9HoSymBv2GkWbgVFgAAACMAARAD.jpg,197,197,847.5981689229544
3736,TmNZdOMjQ8WgU8JPq49y9AAAACMAARAD.jpg,168,168,27.368018432512365
3736,9rpV88xPSKCAZM9GmwDo0wAAACMAARAD.jpg,305,305,233.01294084472005
3744,AmX2Gh__Tju_71iDcpKJIwAAACMAARAD.jpg,204,204,46.74849390503605
3744,NmIJz9J3QYKeeI9BKWb3iAAAACMAARAD.jpg,182,182,1082.190579338244
3744,V4U01RoxQX-ldp1dUAWoDQAAACMAARAD.jpg,286,286,179.24689420849046
3771,D3deQkugSO6LZeXmIXHpVgAAACMAARAD.jpg,192,192,269.58508588576024
3771,hTUWuxjLQLatnweU0UusOwAAACMAARAD.jpg,316,316,32.73613522529885
3771,2gbC7vVpRb6oLhhBtMylvQAAACMAARAD.jpg,188,188,651.4483763609495
3776,zt5WH3y1SUOwGwOn6iH-7AAAACMAARAD.jpg,161,161,28.744834767323045
3776,eAYV5ef7RVuIzDE-itmdKwAAACMAARAD.jpg,164,164,293.019447978737
3776,roYOBuvNTZmZZA74IbQtLwAAACMAARAD.jpg,228,228,20.2542891005789
3779,O1CN01MmZlKN1ruyzra3mWE_!!0-mtopupload.jpg,156,156,73.19024110081044
3779,O1CN019sVLiY1EVXzBb6C3B_!!0-mtopupload.jpg,297,305,312.13505575963615
3779,O1CN01UL5G2j1ZvIBDa7K6B_!!0-mtopupload.jpg,323,323,234.1596257028345
3787,O1CN01xfcngz1YY6ZphBmnk_!!0-mtopupload.jpg,308,256,48.78119640700993
3787,O1CN01KyOAfa1VO53vUZvqW_!!0-mtopupload.jpg,311,311,57.253627745960294
3787,O1CN011vkAuA1WtVrH7dxlo_!!0-mtopupload.jpg,238,238,153.304875602567
3794,rQtKRQhXSmivgPXosfC3aQAAACMAARAD.jpg,351,351,35.31524569661206
3794,Z0JpU05GQxCI9Lb9v37SQwAAACMAARAD.jpg,1471,1471,83.381110944646
3794,Tabk9kg9TgCBqHSd6P2Q4gAAACMAARAD.jpg,393,393,10.985995188554915
3796,O1CN01BaRoAr1dqwsysSkgD_!!0-mtopupload.jpg,188,188,377.29462283801826
3796,O1CN01hpAAVZ1lVRD2cMBJg_!!0-mtopupload.jpg,220,220,357.65969225975
3796,O1CN01yorSiB24ihNTAwDhl_!!0-mtopupload.jpg,336,251,125.1426924066929
3813,AqXchAkcRZO7PC4XWF5gzQAAACMAARAD.jpg,306,306,193.1744344393034
3813,aLAOgZ2uRR6FUaQM_EP1IAAAACMAARAD.jpg,216,216,373.20902671226014
3813,hHJAWPJNT4WqzAAz8Be97gAAACMAARAD.jpg,303,303,123.58134626939965
3819,cPAWgG14Q_KymaXKh2gUcwAAACMAARAD.jpg,140,140,235.04044430445646
3819,RKz0EIZQQJOt8Wm4YICA-wAAACMAARAD.jpg,265,265,142.72139478442443
3819,eruPBCl2QmK-1bRDZwdWawAAACMAARAD.jpg,181,181,456.5322954687554
3823,M-Qjm4fkRJeY8XHFLqnenAAAACMAARAD.jpg,195,195,147.97899015362827
3823,HcsarOQzQrOE11zy_cnxnwAAACMAARAD.jpg,154,154,318.02025444078936
3823,5wG_HgRkS2mfjDWm3bdD0wAAACMAARAD.jpg,198,198,357.00387961415225
3829,IJ8amjRARFOaNbFGGa_vbQAAACMAARAD.jpg,280,280,40.47064564097642
3829,BLeEhoOLQo-PFKfvx47-HgAAACMAARAD.jpg,260,260,48.495663150581215
3829,T64m08sZSTyxuDsa5PYOwgAAACMAARAD.jpg,368,368,46.788065550426055
3838,G_jO4Tp5R6OYX_fKDIUv-gAAACMAARAD.jpg,190,190,280.7697266472786
3838,jIq8ly_MSJSOALumHWsq0gAAACMAARAD.jpg,175,175,536.3910600300542
3838,XkD_bxAKS5WE7JreVSqU1AAAACMAARAD.jpg,157,157,1175.7861714740113
3848,tbKGX4TfRmyDcxc43kPQ9QAAACMAARAD.jpg,231,231,81.20717410170457
3848,1ocGkY01T7K_DAl3n-uQLwAAACMAARAD.jpg,156,156,181.55206491515239
3848,_HCqSj_RTTGV-Sbyvo1JBwAAACMAARAD.jpg,169,169,249.64074401949608
3851,11IMRtN8SE-xuYblvD6gaAAAACMAARAD.jpg,307,307,397.968733547952
3851,enhtcOq4QViKY7uFFuZyhAAAACMAARAD.jpg,311,311,443.997580670175
3851,j2aPohm2RuCcIGUorq9xDwAAACMAARAD.jpg,355,355,282.24225966280625
3854,O1CN01LtB7CE1jQHWCdl0KP_!!0-mtopupload.jpg,162,162,2246.993172840912
3854,O1CN013njqOW1jQHWEyJSr1_!!0-mtopupload.jpg,193,155,2175.12962958814
3854,O1CN018ujOTW1jQHWB98OK3_!!685284542-0-antinsbiocamera.jpg,615,615,50.63862456396309
3863,VdprWgrtRYSMl8XTAjO_OwAAACMAARAD.jpg,229,229,77.87862377171025
3863,DVC91NoRSsSznalEearShQAAACMAARAD.jpg,167,167,293.4307344403086
3863,QlbY4Ia9RGSiyNHMUlcv5QAAACMAARAD.jpg,229,229,149.06744117853543
3865,E30z9Y5nS5mcL8pF9J7eJgAAACMAARAD.jpg,150,150,104.23671170172841
3865,6Ta7H7kPToytbEYZMdO1ywAAACMAARAD.jpg,133,133,620.9854996467075
3865,5yX-40d0QcKPJmxRysxA6gAAACMAARAD.jpg,140,140,82.04064846938775
3877,O1CN01QpVgRu1Y4KlWTyAtF_!!0-mtopupload.jpg,424,424,215.29829263762863
3877,O1CN01jhKfvh1PxRsuGzzh6_!!6000000001907-0-antinsbiocamera.jpg,280,280,433.711304599646
3877,O1CN01O2z7kH1P4wknvnDd2_!!6000000001788-0-antinsbiocamera.jpg,302,302,341.2890478774772
3880,Sa8W3pgLRuauJZnlupIBHQAAACMAARAD.jpg,297,297,26.662801265807907
3880,0HmctjqsQjOHQ3-FGaEvkwAAACMAARAD.jpg,267,267,26.738575069189103
3880,vp5rwj4ZQi-BgF7ZJBCw-AAAACMAARAD.jpg,168,168,147.265589569161
3888,lBhkEVh_Scy3QNuwx0tSigAAACMAARED.jpg,336,336,7.300913963749591
3888,BBlM4d5fRoGEQ0WGaxbUXQAAACMAARAD.jpg,336,336,7.300913963749591
3893,59ydf7ldRfSPmONcy8lorgAAACMAARAD.jpg,213,213,180.40265843797494
3893,okwo8iVQQ1ajw9b2PYoNogAAACMAARAD.jpg,181,181,2526.5663065915296
3893,UW882mh0TDmgT7-UorDYhwAAACMAARAD.jpg,234,234,647.6899397336193
3897,44Co3RMoSiWwVdn2DCVN9AAAACMAARAD.jpg,577,577,1276.4117739223723
3897,IC1uwshuSxediKm1-kTg5AAAACMAARAD.jpg,245,245,2242.629223905838
3897,zENs_AgTSpm5Q3bXhRK7tgAAACMAARED.jpg,245,245,2242.629223905838
3913,OpoQQUTZR1mEw3owWKVzVAAAACMAARAD.jpg,166,166,184.75185247282556
3913,Pi-28WJMRp6YRXSH7vgHnwAAACMAARAD.jpg,229,229,405.44795100740987
3913,gX95WEvOTu2GuxB-IT8mhgAAACMAARAD.jpg,213,213,43.29714682038849
3934,LrvxzSDtSRGsQBjRTn3d5AAAACMAARAD.jpg,211,211,53.519632369117154
3934,3R5zk6EzQVm_XhQtXAmGuQAAACMAARAD.jpg,183,183,179.09192752101558
3934,40YCNGXWSb-_0lKj3kLsEwAAACMAARAD.jpg,209,209,112.19365047314899
3940,WOP1QCMWR1OuPZmg_C2VtAAAACMAARAD.jpg,224,224,533.077610728841
3940,NeMqB8myTF6XCunDJZhZOgAAACMAARAD.jpg,220,220,225.29941786080184
3940,hlLA39mfQBymo7IsoSaOdwAAACMAARAD.jpg,280,280,169.69014667960616
3953,SWluRl2_SYqBVlONl56_ZQAAACMAARAD.jpg,284,284,680.3661330338348
3953,u2H2mrxNSM2aVJiLLVnkRwAAACMAARAD.jpg,234,234,1837.2131266357674
3953,3hMkt8qNRmi3QOrBXtLV0AAAACMAARAD.jpg,306,306,346.4966782049623
3961,8ixPq5SAR7KzlFJvIyodxQAAACMAARAD.jpg,217,217,277.9042397351258
3961,n3Z_QqmbS8-wWpH565Bj3QAAACMAARAD.jpg,221,221,373.59518468970043
3961,e4zUOiGvQPigqwo5Pp3KLAAAACMAARAD.jpg,283,283,145.2726482556551
3965,bWrVKQMHQ3yT7HepRrK54QAAACMAARAD.jpg,248,248,20.24832886700355
3967,R1Iobn6STaGmiizCAlzXYgAAACMAARAD.jpg,304,304,11.948215286597126
3967,YvpyRHA1R6G35KDGlW6fwQAAACMAARAD.jpg,459,459,9.791852047984982
3967,LlbX6IOxTyyTUT4lZR7g5gAAACMAARAD.jpg,350,350,8.910383673469388
3978,O1CN016aSymJ1iXmO3c2vs4_!!0-mtopupload.jpg,452,386,953.6998526912198
3978,O1CN01Rph5sM26l6gt4h6Vp_!!0-mtopupload.jpg,268,268,528.6733503676732
3978,O1CN01HnEzYc1prCUaxMZv7_!!0-mtopupload.jpg,314,338,489.8442673736473
3978,O1CN01Fq2F5q1Bvhl2T0Yli_!!0-mtopupload.jpg,346,346,323.9204356730427
3979,7RWb871WT2K7iFu5ofZhvAAAACMAARAD.jpg,329,329,446.216899691863
3981,p1SUI3gGSwaAsfKaUhJsuQAAACMAARED.jpg,387,387,6.540287318796487
3981,gPLUd4xsT5e_MQaftylzdwAAACMAARED.jpg,373,373,42.79975800660391
3981,uTizheh6T7uUGsHN08RqBgAAACMAARAD.jpg,373,373,42.79975800660391
3981,ltm-g4XsRROuNbdmTlPZlgAAACMAARAD.jpg,387,387,6.540287318796487
3989,AaiyEHf2Sx6oG7jjpQEQewAAACMAARAD.jpg,422,422,745.5574167221375
3989,BEskcUShT0WPfEfAYSjjCgAAACMAARAD.jpg,279,279,493.7482237972091
3989,whSkyGiXS0WYYYmGJodCoAAAACMAARAD.jpg,263,263,129.84259608772427
3989,MDL4onQXQLmBkOnpWW9CAwAAACMAARAD.jpg,397,397,604.1969476543353
3991,9Nlq5MuUTJKVUDZXPSiwBAAAACMAARAD.jpg,172,172,58.058290204482496
3995,O1CN01ZqOQMR1QPqRRO88td_!!6000000001969-0-antinsbiocamera.jpg,258,258,442.1993533108863
3995,O1CN01BSkRTk1ReKaJeF6Tj_!!0-mtopupload.jpg,326,241,157.14554332752704
3995,O1CN0189SE3s1V9QJpqgjKw_!!0-mtopupload.jpg,302,302,98.03281741351786
3995,O1CN01a4T1ZK1qDdtsGbLck_!!0-mtopupload.jpg,333,224,41.12975113072141
3997,6d4_co6OTRmCOiclIsCC1wAAACMAARAD.jpg,164,164,156.97359281601487
3997,jhBry7OiQ4W6TULmery0CQAAACMAARAD.jpg,131,131,183.24743107825827
3997,dlUgDkDmRF6zf2zibXZMdAAAACMAARAD.jpg,224,224,117.313257756406
3997,_oSJHt2GR7SotGEECF_k3gAAACMAARAD.jpg,152,152,486.7942968689303
4004,_7iKli1TSPSXS-zm9nFL5AAAACMAARAD.jpg,298,298,179.47022242239717
4004,ob6vG33NTfmHwGU8NMEOEQAAACMAARAD.jpg,301,301,224.87478606370703
4004,Agi4UEFKShan4g7Eq2h_sQAAACMAARAD.jpg,263,263,100.12280470849888
4004,hPnFzQ7RRyONGjr_QrIv5QAAACMAARAD.jpg,246,246,69.31580075784109
4017,9KOLUNUNSWq92nYA8HIdNQAAACMAARAD.jpg,204,204,59.04413273287723
4017,7J49QT9OR2Sg364S4PDRjwAAACMAARAD.jpg,304,304,31.70878537672048
4017,D37N3EydSO-WztWFGibXpAAAACMAARAD.jpg,255,255,229.22769903829908
4017,TAN2X5RSQnaCYxQKRGkt2QAAACMAARAD.jpg,183,183,326.9985888626978
4018,82cv6kXIQR6Mt0kNK2HBlQAAACMAARAD.jpg,218,218,141.32078266626044
4018,9vyUBN7hSq67KBdVUBx8rgAAACMAARAD.jpg,265,265,100.29575146052566
4018,mWSbbshNQtSsnJsgsqABEQAAACMAARAD.jpg,166,166,135.68732597493283
4018,l8dqKRedTb2VtXBTs4nTyAAAACMAARAD.jpg,177,177,163.3507965070596
4020,isP3jzjmTiOXqUyJkphdtwAAACMAARAD.jpg,206,206,1071.7373900004168
4020,JVfxk3X9QGyyl3LrwMhfrgAAACMAARAD.jpg,344,344,37.06842358557949
4020,fpo_lNwwQHmc55OfWPYp9QAAACMAARAD.jpg,335,335,272.4814340843073
4020,mVWFTj63ReWdZujcQ_y_zwAAACMAARAD.jpg,162,162,208.59883552454556
4026,Nv0uM17bRma0gXGfpusnXAAAACMAARAD.jpg,895,895,131.67153487594237
4026,6KU4O1_VSo-1wT5nVfY9qQAAACMAARAD.jpg,398,398,53.78721607386186
4026,EzVrqORCQcqgN9myhmm09gAAACMAARAD.jpg,224,224,136.57065768124707
4026,4-wKYH4cQW6iRVuQOgnWVAAAACMAARED.jpg,272,272,1372.864219079719
4040,gD3luQfDS6yDzMiEGLexBQAAACMAARAD.jpg,207,207,41.1835212065556
4040,1-dWWbXST4y5ds1thWeNHQAAACMAARED.jpg,381,381,29.20751881524001
4040,Dl7Y8UauQI2L9XJCzWgM0AAAACMAARAD.jpg,381,381,29.20751881524001
4044,9-c9gK6lRaqpP4zt7ZzZFAAAACMAARAD.jpg,285,285,272.5811321911015
4044,ClmIDy_AT2SozAhOJPWa-QAAACMAARAD.jpg,162,162,1147.5895635276727
4044,dZo5CdsASoawgtya75MMmwAAACMAARAD.jpg,231,231,689.0169101640839
4044,WcUt-TDgQv-Px5iQJJORLAAAACMAARAD.jpg,187,187,1585.4965656745421
4046,bh_Yb8CCTaOznldSGmU8GQAAACMAARAD.jpg,187,187,356.0272430180969
4046,_eBAyO5bSdaC-WJiuqLjiQAAACMAARAD.jpg,231,231,52.72475892828127
4046,HcWlGBuwTmW7Yz1_yxxSXwAAACMAARAD.jpg,244,244,244.79916507932552
4046,6zRQ7QkBS5meAJd65o7JOgAAACMAARAD.jpg,319,319,64.90996138575737
4050,E7m2RnQ3RyuYWBEcnv_LMgAAACMAARAD.jpg,209,209,337.54524190359314
4050,RWkjawS-SkCKoD_7xUo8xwAAACMAARAD.jpg,239,239,710.2181386199167
4050,HgQXBjV-Tzq0_7TT864AngAAACMAARAD.jpg,275,275,394.9085452862072
4050,C5EBRkvvRWKKksg7YqRYUwAAACMAARAD.jpg,278,278,161.97846694793975
4073,VV3-yNd5RLWanQAHLNoMmQAAACMAARAD.jpg,321,321,155.98306552163928
4073,-MaD9tGjT1S3ll3Xg-nx2QAAACMAARAD.jpg,251,251,191.30229013760152
4073,DH1sNPBIRAuKzt2u0qifYAAAACMAARAD.jpg,237,237,61.929076447274745
4089,UFEvwPUEQ3CUO3BHOkUV0AAAACMAARAD.jpg,161,161,223.84507628440124
4089,w7HUtZ8jTLa9ERSinI7N-AAAACMAARAD.jpg,244,244,79.07548670182577
4089,Ez-U-fYlSxurldZ3cBzjkAAAACMAARAD.jpg,165,165,171.46443936957013
4089,w4JJRGFVQRmSt_JQvLDMXgAAACMAARAD.jpg,163,163,24.763770977885716
4095,MeJoy4WORoKUQxFyjXaDvwAAACMAARAD.jpg,196,199,128.74547253953983
4097,8Z2z5ibGRvqdwbHKL-AZNAAAACMAARAD.jpg,155,155,868.6513661935138
4097,pNPJPCS_Rzy9I0o4uYgpvQAAACMAARED.jpg,155,155,868.6513661935138
4097,ZVree_E1RriDTS2j9XcAkgAAACMAARAD.jpg,181,181,326.70670917222037
4097,N3rqq7qvSrOQRJ5g5e60NwAAACMAARAD.jpg,136,136,282.3471451042253
4107,OCnjivYsTu2NJSRMjYXtnQAAACMAARAD.jpg,266,266,467.828407454157
4107,QJi4f0MNSUyg669wn_Jg-gAAACMAARAD.jpg,192,192,22.09720046137586
4107,AsGUVzDEQUK6vtqilTO2pAAAACMAARAD.jpg,258,258,27.789823116855413
4107,8zsRZOxXSpqpiXoICobIfwAAACMAARAD.jpg,179,179,562.1071730544406
4115,GlIsDT_WRSWIVnyDx40cogAAACMAARAD.jpg,177,177,360.4631927348081
4115,APlem9R5SeCFOyNWDkoBpgAAACMAARAD.jpg,251,251,437.01333722511873
4115,BUmRHtQ7TjS-SVV1fRHKYQAAACMAARAD.jpg,897,897,28.639745961101763
4115,HipllTnrROGS-WpQZr73cwAAACMAARAD.jpg,309,309,268.5761344904011
4117,348RRBqbRuOPRSaEaSIXxAAAACMAARAD.jpg,145,145,587.6521454618461
4117,IjbfbV5lTEWz9roSXNT18wAAACMAARAD.jpg,192,192,214.67119842105438
4117,rAcvGjYHSnSwvusbwMSkBAAAACMAARAD.jpg,967,967,157.5511799921702
4117,HlegUcRFQF6iE-cQYOBNcwAAACMAARAD.jpg,243,243,90.66469024105284
4120,O1CN01zQ09ep1rfrvLv9QS0_!!0-mtopupload.jpg,286,286,740.8746717675962
4120,O1CN01gOYlsi1MTjL2z86An_!!0-mtopupload.jpg,214,214,3318.349557291145
4120,O1CN01ehKecv1iU7DTG5Te0_!!0-mtopupload.jpg,128,128,245.97741603851318
4120,O1CN01KIO5R126E8AreBdR5_!!0-mtopupload.jpg,151,151,484.133744165767
4134,S__nPpAjSYiSeTsePk-k-QAAACMAARAD.jpg,192,192,1634.0049864267128
4134,_WE5mgJLRfub1Fs6IIaE8AAAACMAARAD.jpg,173,173,406.2700873808131
4134,n_Q6nGJTTlaq2cfSB2_tMwAAACMAARAD.jpg,259,259,1184.9002537636634
4139,O1CN01D0j1TT1NZyNW0hSmw_!!0-mtopupload.jpg,280,280,405.9858008640606
4139,O1CN0120hZ8L1tCDXaNb4SI_!!0-mtopupload.jpg,155,155,598.684714722892
4139,O1CN01c5LQrM1YjYRFVjvDF_!!0-mtopupload.jpg,125,125,904.6186766336
4139,O1CN01JG829x1FZV2n5cijU_!!0-mtopupload.jpg,146,146,1185.5785008655994
4141,qucwkWUyS4iZ05Dp4O1dtQAAACMAARAD.jpg,167,167,701.0893334117482
4141,guDGJMjiR1qQUdubrZ-cKQAAACMAARAD.jpg,199,199,434.8535517254934
4141,I2wEm5ACTkaAyF52Al6aOQAAACMAARAD.jpg,194,194,729.2950031470378
4141,FVCUhDZHQYWq6_uIwR9YPAAAACMAARAD.jpg,252,252,390.6049713725248
4148,O1CN01PgZJCH1wPuCIFgP5b_!!0-mtopupload.jpg,191,191,93.87929042852357
4148,O1CN01b5HKY21M2FZUK7anC_!!6000000001376-0-antinsbiocamera.jpg,188,188,333.81670305394965
4148,O1CN01xrIM291Iap0Y6j4fS_!!0-mtopupload.jpg,268,244,141.5680459178271
4148,O1CN01nUUGQm1o8UCy2HNYZ_!!0-mtopupload.jpg,268,244,141.5680459178271
4150,XnGJ1gviT0Skf1avygeisAAAACMAARAD.jpg,379,379,535.7692656805805
4150,CXyh_lz3Rd69HiZE31su8gAAACMAARAD.jpg,334,334,258.89307873828324
4150,smw7jfsRTj2tlSvk02kdqAAAACMAARAD.jpg,334,334,353.8544901971676
4150,s6mLsTa9TpCqY7bx7vbfoQAAACMAARAD.jpg,272,272,123.87696685189952
4154,vBqnteAcRxG7D1Z7zp_trwAAACMAARAD.jpg,256,256,488.9037180505693
4154,3FCOus6zRBu_aUpwm7keVAAAACMAARAD.jpg,336,336,92.30539328440936
4154,piFSgVxrQzi1idkATzay5QAAACMAARAD.jpg,196,196,299.49747324796533
4155,sp-0zzzHSsuWxaqSCICF2gAAACMAARAD.jpg,285,285,110.68956444335313
4155,cPpssp2xQam6_5J3vRWESgAAACMAARAD.jpg,363,363,586.7538837984141
4155,1lOTGhEWSLy4j0faZhNk9wAAACMAARAD.jpg,299,299,350.12492209057217
4155,7IQAgAAUTsCFCTy_kdpmqQAAACMAARAD.jpg,271,271,273.77531654004815
4161,M8a40erBQkquDEliHgYD5wAAACMAARAD.jpg,259,259,125.04355416714432
4161,A4I7GGB4SAev6NXaBAHMPwAAACMAARAD.jpg,237,237,441.1788409431606
4161,S31wIYJgS7eahM57KOuGIgAAACMAARAD.jpg,316,316,152.02471308684508
4161,h_Wr1QgdQy2aS1qznCYqhQAAACMAARAD.jpg,192,192,585.4150744279226
4164,m3sKaWOCRBOJir2b96ywKwAAACMAARAD.jpg,200,200,223.00335174937499
4164,nLNiEc0AQ6-X0fI_AVpJnwAAACMAARAD.jpg,263,263,546.9864678367159
4164,abR7ngufRYOI0cLYqPt5BAAAACMAARAD.jpg,196,196,236.87671037723157
4164,82gmqE_ESpKi-BPQXsP2UgAAACMAARAD.jpg,178,178,57.97365188948224
4170,O1CN01mHKhWz1NPRFAWQq6u_!!0-mtopupload.jpg,320,269,182.01390828609655
4170,O1CN01gt5n0527KNBdtpmQC_!!0-mtopupload.jpg,332,332,193.16636723068015
4170,O1CN01D4KG4A1RiS9LBQpxd_!!0-mtopupload.jpg,230,230,258.8703452231803
4170,O1CN01SF9DVQ1YBChp3c5rs_!!0-mtopupload.jpg,141,141,264.42357637317826
4175,okCX6eLFQsusCkvtjHuTZgAAACMAARAD.jpg,124,124,261.31836586130015
4198,4bu9T-vETz-A4Ht7S7FCLgAAACMAARAD.jpg,246,246,232.76159371944297
4198,ovAogq-FQpmUHATM3RB10gAAACMAARAD.jpg,359,359,281.2779134000767
4198,MEkeAvD3Tyyam1Th3tA9ywAAACMAARAD.jpg,262,262,212.53634672621865
4198,74s4WPp7TCqm6KRIXmFsxQAAACMAARAD.jpg,199,199,98.75295251594723
4200,W6q7Q70-TnqGSUfy4wXKsgAAACMAARAD.jpg,141,141,102.67902589898353
4200,ZME1OPahQ6qUeEV_2uPFPAAAACMAARAD.jpg,200,200,72.4279520975
4200,Il2Flg_LSYu7IontBB6ICAAAACMAARAD.jpg,190,190,15.881229679790671
4200,McEUxHK0SQKgmlv6VfB-WgAAACMAARAD.jpg,211,211,115.61046154231228
4204,srpElNtiSFGcyZTmajRVrwAAACMAARAD.jpg,200,200,438.0412002975
4204,yj73hys8RFuNr7JSJ13qnAAAACMAARAD.jpg,251,251,91.2120811671859
4204,X9Wc46EvSlKIhRl0MA4puQAAACMAARAD.jpg,189,189,213.46861439001063
4204,MCF7n2CQQGqrrFqMCTfggwAAACMAARAD.jpg,216,216,271.93115836777906
4216,jarH4KeVQTy5Ce6vcrSVfgAAACMAARAD.jpg,234,234,515.4523305927788
4216,DuApSC9ISZmGZyepMCRZzQAAACMAARAD.jpg,194,194,508.82467630399026
4216,fLqMHjdRTSCx1XxpNM338gAAACMAARAD.jpg,190,190,178.80874166404493
4216,suQ8M2y1T9CR3kvadbgjmQAAACMAARAD.jpg,258,258,319.1547851536598
4217,aa7zyHXDTpG_izVQrADmtwAAACMAARAD.jpg,254,254,56.15031887683591
4217,y5Df6VSfSU-n_yCCoZv_2QAAACMAARAD.jpg,300,300,14.581376325802468
4217,A9yVYHZqRg-jAG3qhaTfvQAAACMAARAD.jpg,259,259,207.60825096731259
4217,OO-MWT1ARN2JB46UDwR3xAAAACMAARAD.jpg,229,229,161.92998045556837
4220,71D1bsrvQYaskDMKvKKGxAAAACMAARAD.jpg,159,159,40.19425216126296
4220,r128ZU43QOi1jabOJQuJ3QAAACMAARAD.jpg,189,189,252.2171613574782
4220,fVpAWVpBQM2GK7CAfHa67gAAACMAARAD.jpg,169,169,137.65783013338296
4220,27lLtp1DRTCgAWgIEDzyUwAAACMAARAD.jpg,185,185,42.512204068700605
4234,Sl5jZE8mRpWkhisthGySfAAAACMAARAD.jpg,292,292,126.7194262951885
4234,Ud0AHxCETBu5b0uVVM-chwAAACMAARAD.jpg,207,207,22.260291728215748
4234,7g6LLgGaSNSzb4XQtWoU0wAAACMAARAD.jpg,258,258,345.91310790308984
4234,nK-JvB3bQb2I_KHEnt186AAAACMAARAD.jpg,188,188,87.32427408869043
4240,39JJsePCTfmp_dbK6k7QJwAAACMAARED.jpg,547,547,48.96725357033667
4246,kq8zHbPFR4OHYihzRRUgJgAAACMAARAD.jpg,186,186,1346.3855971057412
4246,T6rScEwHSjutxGtSDbm50AAAACMAARAD.jpg,184,184,634.8525204510315
4246,5wmCuKTVQz63kssWOt4DYQAAACMAARAD.jpg,222,222,79.77256480811057
4246,FQxnoa4qTr6ZAeq6LC679AAAACMAARAD.jpg,290,290,150.08200424032316
4247,UsXgPuhRRAqWIGseGT8mPwAAACMAARAD.jpg,169,169,478.15885492438133
4247,6udypm5US5G1k8xEgwNyhgAAACMAARAD.jpg,135,135,249.8166856557925
4247,lwQmkmspRIumEKk9vTOLcQAAACMAARAD.jpg,234,234,368.3724056059249
4247,ynxiOv6yT5ixv9wivAE6lQAAACMAARAD.jpg,179,179,74.37378971235768
4252,21L67gauQ-OW4SxHeogM9gAAACMAARAD.jpg,201,201,68.69770794070476
4252,R9BTB7V4RraDFEuPTSJNBgAAACMAARAD.jpg,191,191,70.06734607220132
4252,6WriP3ThSyKoISn8fSP4qgAAACMAARAD.jpg,223,223,49.19088260438782
4252,7MvEUvEdTsuGaa5jVxv9ZwAAACMAARAD.jpg,149,149,54.95690326381418
4273,uwrlCYgYQaqUFnv7RFZ34QAAACMAARAD.jpg,185,185,96.12693009490647
4273,r0bCr4b2R2qChfaguNXpsQAAACMAARAD.jpg,282,282,77.3401246464044
4273,acmQGfJjSh-_Ni_z8Lf1lQAAACMAARAD.jpg,310,310,162.80823618943154
4273,SwIWKJWKTU-ub5LLb2YzFQAAACMAARAD.jpg,243,243,325.9761277646027
4280,KsnEXz06TIyPwi04USsMjwAAACMAARAD.jpg,317,317,15.930288562406531
4280,HExH-FwqSviGrxKedMCCKQAAACMAARAD.jpg,229,229,166.5312938659649
4280,9GroXZNLSoy1p2uEkRpdWAAAACMAARAD.jpg,237,237,12.171305656845142
4280,zyPBGfO8RVuhl8k4vfrdpwAAACMAARAD.jpg,172,172,269.4086953737125
4287,OYr_X_EsQFm813JL4QXBcwAAACMAARAD.jpg,235,235,106.00322214308682
4287,9g68i2zORguCGfWcZ1BcRAAAACMAARAD.jpg,277,277,259.6168525177449
4287,99FTas6oTK21UTzGXCnnAAAAACMAARAD.jpg,205,205,256.5715207897625
4287,Wd2Bl2mES9CjkcWoz6qY5wAAACMAARAD.jpg,226,226,39.75137744908057
4288,oNF3w_TEQMG0-kv4udG4VAAAACMAARAD.jpg,353,353,585.7716622982496
4288,lpNeoCv5TZmwTjmSTu0sPwAAACMAARED.jpg,1080,1080,182.3282729696682
4288,3R9IpJ78RNWtmSUJwTLTHgAAACMAARAD.jpg,1080,1080,182.3282729696682
4288,1EzY9oLrSjqekoB6bfKyzAAAACMAARAD.jpg,156,156,238.36947424177876
4295,ebigy6WlTI6ZRBJEsKc3uwAAACMAARAD.jpg,309,309,131.50307165773276
4295,ziY_0cPbTWKJJ1rWso1BvAAAACMAARAD.jpg,260,260,240.05010962413783
4295,uPZHVyLASACxrnLsAgPuEwAAACMAARAD.jpg,213,213,233.93462639834374
4298,lkZqIT6ORkKCCJ31bE6_UwAAACMAARAD.jpg,198,198,340.8904711539454
4298,5W6m0ozARzyZYFHHsRUWdAAAACMAARAD.jpg,176,176,54.171570245265855
4298,RHxuqP3uSpynndHyGelQ2AAAACMAARAD.jpg,306,306,320.3186082924792
4298,oIxgHR0oQJ-2tlJAJBYT_gAAACMAARAD.jpg,264,264,237.35601363221042
4301,ajjExgsJT92cP-sIGlg_vQAAACMAARAD.jpg,201,201,119.33657459528241
4301,nUvEGvlSQz-4J2JjcT59IwAAACMAARAD.jpg,197,197,426.07712797559145
4301,vHmvP2dsTH-Pma4yJgt0HQAAACMAARAD.jpg,305,305,135.12823132676448
4301,fbc7WlIORUOByeAvlEWrxwAAACMAARAD.jpg,212,212,209.5114160004156
4306,LtOCkqZ-TEy7srAKO-MINgAAACMAARAD.jpg,290,290,17.196485113413196
4306,rm5ZF5cXSU25iKIjJpna4wAAACMAARED.jpg,292,292,247.47088399715932
4306,4TDlbeYtQvmmM1Q8xpZ89gAAACMAARAD.jpg,210,210,28.963643302430572
4306,j0ixfcdNQWOx5hwK2fnAzAAAACMAARAD.jpg,194,194,10.881465639035293
4312,MvuEY0FJQjCoVkqTzzqlawAAACMAARAD.jpg,264,264,360.3642752847457
4312,rLJfWGiGRAS_JVlzjgRcqgAAACMAARAD.jpg,203,203,1668.7084770960969
4312,EbCdnP66QjGC2AU1ulLqZQAAACMAARAD.jpg,352,352,66.97899223359163
4320,7LCh9fS3QEaqXOT5QWAPSwAAACMAARAD.jpg,235,235,79.78056414950076
4320,4strULsDR_O_b_SlVwSVzQAAACMAARAD.jpg,227,227,169.1687476037293
4320,fvKqbGnjSHamLezBL6BxRwAAACMAARAD.jpg,293,293,98.20060597082987
4320,d-RPytZIR2ugXn8Z62sk0QAAACMAARAD.jpg,185,185,1668.826996949782
4324,LH9oz53FSE61fYjbS59VPgAAACMAARAD.jpg,166,166,272.69956422394296
4335,ZaUlE_qURlGvgKaLPg1NNQAAACMAARAD.jpg,309,309,128.30211678021232
4335,AP6TmcB0R0OsiJbb-H3LawAAACMAARAD.jpg,202,202,986.1375925122563
4335,t0SF37M2SNajWSAtaFXnWgAAACMAARAD.jpg,298,298,1225.2497919926816
4335,lJEjDWEUTjyJC2WpMkKLBAAAACMAARAD.jpg,396,396,402.6612866941262
4338,qanlf7JOT92Eih6CbvnScQAAACMAARAD.jpg,250,250,136.7380033024
4338,jNKzJ-0uRDCDNHc4R4N_LAAAACMAARAD.jpg,205,205,345.1315421135758
4338,B0dlmq6uSCOKxxmIKHa66AAAACMAARAD.jpg,147,147,603.3695064278353
4338,oR2YLR_BQLCTqYZcFl4pjAAAACMAARAD.jpg,178,178,248.59133349253494
4341,my0vKqmoShCrv6ZTaI8T_AAAACMAARAD.jpg,239,239,289.30234734290076
4341,cNRJBz7fR1OyMyI8iYg7IgAAACMAARAD.jpg,262,262,194.34777338276436
4341,cN2uBBLhRry_Q2whUeE6EgAAACMAARAD.jpg,218,218,35.43160857832017
4341,7pbeqIYxS9mOHr26K22DIwAAACMAARAD.jpg,351,351,76.10708453946323
4347,O1CN01SNa4L91QfsIwY5VkA_!!0-mtopupload.jpg,276,256,2663.8032173133897
4354,O1CN01wPKvVT1kunYL3sQEr_!!0-mtopupload.jpg,177,177,2808.357141400999
4354,O1CN01nwNLCH1H0LsiV5Yvq_!!0-mtopupload.jpg,333,333,430.16561243690927
4354,O1CN01zTn0Z31JDkhaE7QBO_!!0-mtopupload.jpg,340,309,286.14647385814794
4354,O1CN01FCxsSs213WxJAWdKt_!!0-mtopupload.jpg,277,237,520.8803135073271
4357,2uNj_AE2QJapekkD9zyNggAAACMAARAD.jpg,134,134,69.24557555321613
4357,zjCWXG2bT4SrXkijWsMZeQAAACMAARAD.jpg,119,119,79.34496151401737
4357,Ga_yKGGVQTa2MvO9QE76UQAAACMAARED.jpg,445,445,3.7489337226574357
4357,ZEM8gMSORZWgiQCRP806FQAAACMAARAD.jpg,445,445,3.7489337226574357
4383,vVwMaAPyQQON-de7rJDgXgAAACMAARAD.jpg,254,254,13.808301771580604
4383,L3T9rgNrR9i0Hyd-_iJ3AAAAACMAARAD.jpg,265,265,40.367475936435305
4383,CMgTsPq7S72mkwFNB7n9wQAAACMAARAD.jpg,237,237,31.88741343624477
4383,IFBO8lF2S2unc-3oMuDYNQAAACMAARAD.jpg,244,244,39.503447135937336
4393,_XRBxjxaRT-BT6RfzaEyGQAAACMAARAD.jpg,149,149,108.86061402458544
4393,kcCFQJKFQWaRukukBgooTgAAACMAARAD.jpg,244,244,47.72879712127995
4393,LQQ6v0-qShWn4NjzED7hpAAAACMAARAD.jpg,174,174,25.63245437086044
4393,8OuPvTJOQemgEISdt9v07QAAACMAARAD.jpg,204,204,21.27375271201754
4401,TU-0CglSR7uWscU_KvQozQAAACMAARAD.jpg,295,295,75.8215581080402
4401,K6JJhnOqR9SrT-faJ_bPmwAAACMAARAD.jpg,226,226,377.8506709102762
4401,uRk17brsRSefgGJBw4OJ1QAAACMAARAD.jpg,245,245,535.3523531525892
4401,OgezdQ8kRgeb2xwnsT7zMwAAACMAARAD.jpg,241,241,210.170694357281
4402,8XguVFrHQWK0qqkUjKUmOQAAACMAARAD.jpg,299,299,83.23048951364109
4402,Vc8DE7b1RsSt1TaDW3-vuQAAACMAARAD.jpg,241,241,332.0031320963949
4402,AMFtHePASOaLjuEv9xhPBAAAACMAARAD.jpg,246,246,2344.697868703923
4402,X6MeRNtDQBykdU_wXFOIwQAAACMAARAD.jpg,325,325,844.7120311472792
4403,aNPfjfF3QWGZ8onua5zHZQAAACMAARAD.jpg,158,158,99.37779510009234
4403,IjrRb8jdRm2MvWQpBK7t2gAAACMAARAD.jpg,210,210,87.47378594104309
4403,WzcQfO7oS56zBJOmpkJO3wAAACMAARAD.jpg,256,256,107.10990417655557
4403,wTutPxxyThWx34yFF-BUJgAAACMAARAD.jpg,249,249,179.11628876042596
4423,dGmB1S3YR1SOL-vjnesU4wAAACMAARAD.jpg,159,159,478.1234057925909
4423,kezb_NplTjGExhzcs2uMPQAAACMAARAD.jpg,205,205,1378.9155246372216
4423,oKYI12T2SoWlHXb-OSB1wgAAACMAARAD.jpg,188,188,268.67020774193537
4423,eJewK48SQ1yDBz9xUBfwzAAAACMAARAD.jpg,315,315,35.23292857047002
4424,mxRN7-97R5aAMWoQKjZX6QAAACMAARAD.jpg,182,182,36.029405310197696
4429,A949mvUhSKiOXWNWs69J3AAAACMAARAD.jpg,156,156,7470.216728131858
4429,iOm2Jb0STsGxq8LB1X1dRAAAACMAARAD.jpg,304,304,1044.5355990699618
4429,MdMjCMHtQN20l6rGiVTecAAAACMAARAD.jpg,186,186,104.08624188777998
4429,TNW45v_oQUOZI-2fDIoSvgAAACMAARAD.jpg,346,346,1647.9301460430859
4445,2PjLoHaNSZ6ZYV7-8Q2pCwAAACMAARAD.jpg,462,462,198.30560847914626
4448,DMNDcOY0RR2ZYhexZOqZBAAAACMAARAD.jpg,364,364,324.85241817504453
4448,8H52fyFgSdG1mXKXQBBirAAAACMAARAD.jpg,355,355,235.21324529140756
4448,t0sxG-tJRdOTZQ5ZaGES4wAAACMAARAD.jpg,226,226,586.8231486248956
4448,GMqG44y4ROKKD-4Zp98lIQAAACMAARAD.jpg,230,230,732.3377993660687
4452,O1CN01EKi6Pp1uvqaYabLWZ_!!0-mtopupload.jpg,763,763,215.52913845055218
4452,O1CN012RedWU1rTxcpHSfaK_!!0-mtopupload.jpg,874,768,236.6767596649438
4452,O1CN013msaZ01Qpx0xfD1m8_!!0-mtopupload.jpg,763,763,215.52913845055218
4452,O1CN01J7yEYk1b9JvN4cnJi_!!0-mtopupload.jpg,255,255,96.87906512164236
4454,mrU5K4XKSMeZ3H2dA30VBAAAACMAARAD.jpg,252,252,27.241510076016425
4454,3prXZ83nTC6bBDE7aX8XegAAACMAARAD.jpg,330,330,58.52738736652778
4463,2-H43IhGQKKZmQjIeleJcgAAACMAARAD.jpg,271,271,76.72560603587664
4463,Hs1ZEyqtTYmaLgaBq_PvOAAAACMAARAD.jpg,214,214,133.63259440727165
4463,jbu4A1eCRkepxO8KQjT9ogAAACMAARAD.jpg,154,154,210.96368380156642
4465,SXvZC5YBRu6Xf9R4MeWyywAAACMAARAD.jpg,181,181,62.37890542955814
4465,TbQkTMBTRO-4ow0aWrDy-AAAACMAARAD.jpg,216,216,45.773379724815996
4465,iXyBi055SDKf3MA_L6Ed1gAAACMAARAD.jpg,141,141,207.3150457282599
4465,friCNox5QHC7u141bYB-_wAAACMAARAD.jpg,191,191,17.77792854874453
4474,qrE1dZ4pTzK89galHjUWIgAAACMAARAD.jpg,998,998,3419.6241000667687
4474,UvOUwksXSHeyLeHGeFzyjwAAACMAARAD.jpg,1034,1034,3665.404170802284
4476,O1CN01SwC55M20W60zjWUtb_!!0-mtopupload.jpg,298,298,631.522624712133
4476,O1CN01GXL2RH20W60vFCRdW_!!0-mtopupload.jpg,348,348,207.47304902463287
4476,O1CN01tAMELc20W60yJuVUx_!!0-mtopupload.jpg,298,298,631.522624712133
4476,O1CN01gyzYTc20W60y1op9U_!!0-mtopupload.jpg,275,275,133.0183471814876
4483,g3EVRUubTxO9fI3OpZdbVQAAACMAARAD.jpg,173,173,283.99215776400814
4483,21BsPU1BSGyjXOZZEcyrxAAAACMAARAD.jpg,201,201,157.32314068774463
4483,D2EnM3OVQHWZCqp7imjMaAAAACMAARAD.jpg,229,229,35.70644735754621
4483,0eMsonI6RNeGHrgMlDEXgwAAACMAARAD.jpg,194,194,56.38675203617096
4484,zzY0drubSRy-926ILNH1FwAAACMAARAD.jpg,134,134,882.8152915289427
4484,0c8WDyGlRLGG6z3cakS3FAAAACMAARAD.jpg,289,289,60.01361299856011
4484,y0rWgWkwTmqe4jR1E73_4QAAACMAARAD.jpg,203,203,136.03199305622474
4484,KJE7XwW-TdCjE2jcEf2mwAAAACMAARAD.jpg,211,211,191.10904961150624
4498,cDuYO87OR8KYO3u50YiHeAAAACMAARAD.jpg,332,332,193.0314379639426
4498,VS_Gj3GTTRaGkoaBuLIusgAAACMAARAD.jpg,236,236,59.77693211082635
4498,_xMa4R5-RmmcgU6bnduXFQAAACMAARAD.jpg,174,174,905.720557710129
4498,VPqi0zYyRIyWcV77A7jnlQAAACMAARAD.jpg,229,229,327.81949142557164
4502,5k47bF14SYuu7_a9RQ3Q5AAAACMAARAD.jpg,260,260,492.41466682188997
4502,yRXHc_gjQmCtpmlynB-MigAAACMAARAD.jpg,360,360,65.22064043203922
4502,7oV5gbU5R8GoYVjxUlOyywAAACMAARAD.jpg,173,173,386.8817406001134
4502,JdEbv0vpRiCIJpO0ubBt9wAAACMAARAD.jpg,173,173,386.8817406001134
4535,-OUnr-fzT02o1RlVapfaFgAAACMAARAD.jpg,664,664,41.63369649761813
4535,HHYjwjhPTQGZ1UdJAKY0CQAAACMAARAD.jpg,570,570,32.132920496729774
4535,ewzgEvfXQnyWaj9iWvBvxgAAACMAARAD.jpg,547,547,34.23405505242312
4549,lKUXYwhdSoK6Xmh-144tYwAAACMAARAD.jpg,184,184,1075.0598490448247
4549,Rek1nQn5SxKhz9hT59uTMAAAACMAARAD.jpg,245,245,93.48078505370783
4549,jiywbtG3RwOnV4EsFl_i0AAAACMAARAD.jpg,192,192,723.5410541774313
4549,Ib5WqeaTQX2A2_pY0pOvSAAAACMAARAD.jpg,323,323,171.0045188548079
4559,C-1CJR1WRfuhJJb_Qm68TAAAACMAARAD.jpg,173,173,3268.6072149318206
4559,HHmjSwSbS0KqTv80IyIDUAAAACMAARAD.jpg,271,271,162.28134088132097
4577,YoCfNKzRSWyblXfpILsS8AAAACMAARAD.jpg,594,594,545.0709236394651
4577,PmbHctUgRu6uo1DWbOKbCgAAACMAARAD.jpg,380,380,389.7012375871886
4577,GvV3gK82QgiPJQLqU62rUAAAACMAARAD.jpg,426,426,31.265514975617368
4577,MFyTb_3IRka4Su414NgZtgAAACMAARAD.jpg,417,477,86.01223482613106
4592,GKdzWeG-TqiCgxuoQc0dYwAAACMAARAD.jpg,191,191,2415.205544858335
4592,Zq5_bWUSSEqTKjlX86hgXwAAACMAARAD.jpg,246,246,1163.7896532903708
4592,OauFl0mdSSeNK_ZHxXY5EwAAACMAARAD.jpg,315,315,493.5448827679824
4592,YD4NTX1HQ4-K1HH0O29-bQAAACMAARAD.jpg,163,163,391.80278144140453
4599,iE9OKE_NTWKRdk6-oiigAAAAACMAARAD.jpg,330,330,389.73627660493406
4599,4NKg6nmVQA2OeLiFOj77jAAAACMAARAD.jpg,313,313,323.01356130283665
4599,36TZKg6lRvib8U2iyVLNlwAAACMAARAD.jpg,413,413,156.9112356293628
4599,9cMtRFu3TUCvVanDcFOEDgAAACMAARAD.jpg,278,278,600.8153124585044
4605,5D329NxWSsOXjsi8wVFy9wAAACMAARAD.jpg,295,295,411.9062476925792
4605,0k8iH_gpQGiWVri8gxh-rQAAACMAARAD.jpg,222,222,166.52099322710268
4605,5hBKGAF5TI6zowS8W_eXmwAAACMAARAD.jpg,216,216,946.158505537873
4605,JgbkZ-1qSOqUlK9wGrKX2QAAACMAARAD.jpg,329,329,22.365227545960764
4614,STvLBwXOSb2Xc0LqiGZeagAAACMAARAD.jpg,312,312,3436.713526388994
4614,tfi6MjcXSqyG8ecs-8uIPwAAACMAARAD.jpg,280,280,1002.6500679845311
4614,VvxXvalIReKthFDf49q89AAAACMAARAD.jpg,162,162,229.61592803288084
4614,6CLfUeSHSySjPIF9a_7hGQAAACMAARAD.jpg,168,168,386.4090840603886
4620,gNid0qwgQqmMnKibme-woAAAACMAARAD.jpg,217,217,162.9562924772939
4620,4C-QrnWMRWyxfP1gSeZVggAAACMAARAD.jpg,251,251,184.72738591853033
4620,wRHP77vYRVmhbu7cljx89QAAACMAARAD.jpg,199,199,78.606894391744
4620,2DnVgdE9RkSSHt-PPvhlIgAAACMAARAD.jpg,277,277,213.2410838092867
4622,NWYcyN6AR_OQmhU2Pnn-TgAAACMAARAD.jpg,236,236,945.0463257683414
4622,V8hwqSnQTSijjjAH6DxvGgAAACMAARAD.jpg,220,220,26.786463250034153
4622,5ELS4DamS2iWiH-RdH7dAwAAACMAARAD.jpg,287,287,476.5097922652368
4622,s6BJNx6SSB6vRNFSH98CCwAAACMAARAD.jpg,174,174,2118.318115884617
4641,87x_iY83T0uaNT9xWjTBtQAAACMAARAD.jpg,225,225,21.28237928608444
4641,uGDiWc0qTvefnD_Wo7SFogAAACMAARAD.jpg,196,196,57.95694695272223
4641,Z94quofmTUKouStLiUD1TAAAACMAARAD.jpg,157,157,144.8497672891929
4641,jwIf46glS7aEUQEtPygIuwAAACMAARAD.jpg,415,415,81.69253488275744
4647,O1CN01doTEx727Akrz8zgvy_!!0-mtopupload.jpg,387,374,3858.5432546626926
4647,O1CN01y6C6ao27Aks1pFGAN_!!0-mtopupload.jpg,298,352,4112.779685673835
4647,O1CN01TOTsGF27Aks1HDDaW_!!0-mtopupload.jpg,375,371,6657.334662562799
4647,O1CN01cmWqZI27Aks5YStHp_!!0-mtopupload.jpg,381,381,3847.162055121652
4654,9rMuvy18RieaAYT879b_OgAAACMAARAD.jpg,234,234,87.49955918905066
4654,FCagrPuuQeaq7CdZj0lTGgAAACMAARAD.jpg,327,327,22.42979911023352
4654,Er5MymNZRfGy9Q1ppEdMFQAAACMAARAD.jpg,256,256,27.628678407520056
4654,m7XO4HTQQGSydr59Di7_8QAAACMAARAD.jpg,278,278,45.59709333140461
4656,YtMLtvUCSVS94SyMjq5vbgAAACMAARAD.jpg,272,272,18.611885303827034
4656,KM0JjnBGTbmteHIDUTq6NAAAACMAARAD.jpg,290,290,17.672934658077907
4656,pq7mA3klSgiw8QSPQHKEIAAAACMAARAD.jpg,263,263,14.86094917700576
4656,8TubuMDgRqmLoSCr65M5gAAAACMAARAD.jpg,196,196,17.564262386697084
4663,jIHRCHkASPOMbKiRwUIpswAAACMAARAD.jpg,235,235,200.31035951932103
4663,UbmCCSuXSn2oLeVfmmbu-AAAACMAARAD.jpg,228,228,524.347353591514
4663,uQFpCO5fT3Koqi76GmyeDgAAACMAARAD.jpg,215,215,664.8130334039331
4663,dRHsw_JtQeipYQIkZAhgjAAAACMAARAD.jpg,297,297,128.24234193806973
4664,w3WdUpUnQTOcxVLAgQQ3pQAAACMAARAD.jpg,154,154,55.62574108986759
4664,T23k5XQgQyyZpsxkWYKbOgAAACMAARAD.jpg,167,167,1985.3578334115057
4664,5V17-tgwS_GZj4crtUJOYwAAACMAARAD.jpg,233,233,61.90549223787863
4664,7F8yQJBzR6mJl_vR4Y-t-gAAACMAARAD.jpg,172,172,415.6569609446046
4669,QIutiZwlRDeS_ewtYKOPGAAAACMAARAD.jpg,241,241,14.907900894310135
4669,IJe9Fo_CR_m2JyqhvrbKDQAAACMAARAD.jpg,231,231,14.715565468344932
4669,rfEnBTMcRNG8gyOBmdIdmwAAACMAARAD.jpg,306,306,14.548900157937146
4669,xdgS3GGLS5eEL_kMoMpDFAAAACMAARAD.jpg,185,185,16.482868913823303
4677,dYyCLuMKQe27BKgb7C_NvAAAACMAARAD.jpg,237,237,1022.0910887267206
4677,4YDtYglMS6qh24_X9VuMAQAAACMAARAD.jpg,343,343,513.6288772102331
4677,VPARy56bSpWrLZtqCZbvIAAAACMAARAD.jpg,250,250,3084.003693937664
4677,jWxDFnPVTpCtqDOVhGhbZAAAACMAARAD.jpg,259,259,210.31363121298284
4679,aiRgcQYQR5yMDC3-LqZuawAAACMAARAD.jpg,603,603,904.6557703284449
4679,Ki9JjXNzRaejgqrp7aixhgAAACMAARAD.jpg,528,528,1579.195587358073
4679,FmfSp7Y_T-OpV9DjoG2YDwAAACMAARED.jpg,528,528,1579.195587358073
4680,axqOOdqGQiS2tT5gJu_AswAAACMAARAD.jpg,149,149,57.286371913401254
4680,AsUi7oBETO6UuraNHNi8AQAAACMAARAD.jpg,217,217,16.994244547173963
4680,upQef-PDT8uPgswSbuHdGgAAACMAARAD.jpg,239,239,209.83263656435804
4680,68sUwl39RMiMuX12kslF3wAAACMAARAD.jpg,184,184,45.220175166678075
4686,fPxyWaFiQNa_h2FOg3YoWAAAACMAARAD.jpg,281,281,244.06930675449541
4686,gMtMMLGySGyBrlJIhXcxuQAAACMAARAD.jpg,361,361,382.25788094026126
4686,O_Zb9mWhRly9PM_gQ2MN2wAAACMAARAD.jpg,302,302,368.80229431702895
4686,1lNBHCqzTDeBcILBwJp-7QAAACMAARAD.jpg,348,348,243.92577822828585
4688,O1CN01OxeSZz1FhHkXSy1YQ_!!0-mtopupload.jpg,333,333,300.5946915248243
4688,O1CN01cy1PZK1e59AAkTl3K_!!0-mtopupload.jpg,402,402,91.57498383490662
4688,O1CN01CPOxF81RdPn7VyuiX_!!0-mtopupload.jpg,265,265,112.61764809035088
4688,O1CN01SVRPP021g0CDiRcR2_!!0-mtopupload.jpg,469,389,64.6924180593913
4689,nDRzJlUoTzyks4mCHlHZnQAAACMAARAD.jpg,194,194,40.95104330509586
4689,KiZUnXHUTeGlB70iDueK9gAAACMAARAD.jpg,201,201,558.7240935989812
4689,DbovyuegTlaBIELdHb9UUgAAACMAARAD.jpg,253,253,149.40119011218124
4689,NBGq_dR6TyWmrJ1sZK-rJQAAACMAARAD.jpg,252,252,388.42502680304636
4702,tP4JamvsT6O9Q6iLRSKBvwAAACMAARAD.jpg,216,216,830.8911224682045
4702,R5CTF4MATnKFeI6K2LaQXAAAACMAARED.jpg,653,653,13.259589681783524
4702,h19DSvzpSaaUkUnxiRc_QAAAACMAARAD.jpg,667,667,13.293381271546853
4702,hZROOrdCSqGp_swMeWgdkwAAACMAARAD.jpg,653,653,13.259589681783524
4710,O1CN01vHawVf24CBFynutuJ_!!0-mtopupload.jpg,317,317,520.2640066074271
4710,O1CN01erdGd01a4uUmBnUEu_!!0-mtopupload.jpg,359,310,1447.5004648545225
4710,O1CN01x2kXL41Ygo2IfZtGF_!!0-mtopupload.jpg,581,581,661.31969310202
4710,O1CN01iaKJAX1fW003XyDdO_!!0-mtopupload.jpg,317,317,520.2640066074271
4713,7UQu2zBFRI-Z7OXw6YmjBgAAACMAARAD.jpg,254,254,33.51483500937273
4713,0XDi4hvoT8yIL6eaXvcLywAAACMAARAD.jpg,160,160,208.47065301361087
4713,LTa6utJ0RO29O6VyB5Vi8QAAACMAARAD.jpg,472,472,352.56130035115524
4713,nsUzk0n4QnKNEBp16yVOCAAAACMAARAD.jpg,191,191,100.81623735526368
4716,wpmK7_u1S-urnYXJz2ZrRwAAACMAARAD.jpg,175,175,90.34527271876718
4716,FF-1wvJET2SlM2FiFmoU2QAAACMAARAD.jpg,179,179,82.92654429126833
4716,rtb-78tjQMKgTPyxZTrbpwAAACMAARAD.jpg,212,212,197.27220645228647
4716,_alXOjDWS16K4eyaLSg1LAAAACMAARAD.jpg,168,168,144.02945929145233
4729,9SF74A4US2SXI5RriZbh7QAAACMAARAD.jpg,200,200,33.6657256775
4729,Ki-KsAEIQ2mRLGsZBFmwMQAAACMAARAD.jpg,236,236,151.9208515871876
4729,roHeIeE_SNS6Y694pQbDqAAAACMAARAD.jpg,329,329,62.85804636626941
4729,0tSR3cRoRluMGt590nifKwAAACMAARAD.jpg,266,266,277.6697622973838
4731,KmF5RCEnTCiudapQIV8DmQAAACMAARAD.jpg,689,689,32.83372428756781
4731,2g9koxhdTpyvtJj_f1gzMwAAACMAARAD.jpg,287,287,277.3581777961984
4731,AZ1pmgb6RmqQLRHupmcYtgAAACMAARAD.jpg,864,864,53.51601473843915
4731,M_HJ2YShTrS4oXXMUXfUqwAAACMAARAD.jpg,356,356,26.979191194371648
4734,6g7YRqFtSxSSDLJJl_e0IgAAACMAARAD.jpg,286,286,129.72619907357299
4734,q1IsCWr_T7algyEZ-K5ACgAAACMAARAD.jpg,193,193,307.22969771758045
4734,RlgFoW6vT8anTzkhfekzTgAAACMAARAD.jpg,216,216,325.00203498481534
4734,b67u9_t2SxWYfbvwInJBPQAAACMAARAD.jpg,200,200,222.77885079
4760,82_WcIX2Q9WZG7kPyE5UQgAAACMAARAD.jpg,277,277,43.04393345374291
4760,IsYRL_gtTH6NsmgRCkZ0ywAAACMAARAD.jpg,363,363,39.01457528042642
4760,0MdWp_xwRZi4UlCqbuGhrwAAACMAARAD.jpg,226,226,35.53957426632315
4760,6wHdh2AGS42n79YRUHdqqQAAACMAARAD.jpg,348,348,174.9646573477998
4762,7bCpeIgJQlaFfuvFtHjmBAAAACMAARAD.jpg,267,267,299.2951475793725
4762,S0765D_ySsCgxbOjd4gCbAAAACMAARAD.jpg,283,283,591.5304357974472
4762,3D68gUOGRaGAzGDbijKH6AAAACMAARAD.jpg,677,677,10.120142940706817
4762,B9E-kfgCQtK_yX-aIN-sRQAAACMAARAD.jpg,309,309,109.93980968186882
4772,idN1IjsTRSeO7-y7C3l1zQAAACMAARAD.jpg,211,211,11.191135721270593
4772,MgTMi07eSFi3L7iSkyS7JQAAACMAARAD.jpg,184,184,41.80461688843927
4772,H-hsann2SBy9hkRTlgJn_wAAACMAARAD.jpg,158,158,463.93222930011365
4772,el9DFII0Tcms4Hi0NOAudAAAACMAARAD.jpg,184,184,319.84996646254035
4785,sql-TCliSM285z_0yj8z1wAAACMAARAD.jpg,227,227,104.30042761054489
4785,przBOi0BRjCcw2VWJkSaEwAAACMAARAD.jpg,215,215,205.87579958049622
4785,2r-wReIqTQuDz6q1oY2dGAAAACMAARAD.jpg,210,210,23.96961450424463
4785,-3TTrXL2TLSHeHu8PYtcawAAACMAARAD.jpg,192,192,180.5793163040538
4806,hTWeLp5OTNiXXnt62-WDDgAAACMAARAD.jpg,284,284,321.7051369235471
4806,uaFaywS6TTuNeM2pZpsD4QAAACMAARAD.jpg,275,275,531.2986285847797
4806,zWABPzwwTjKIexqL31hz8gAAACMAARAD.jpg,379,379,449.633606368966
4806,UyDYNcj6SCqcJpFG7Wk8XwAAACMAARAD.jpg,293,293,212.27849853297096
4809,Rnp1NpqNTyqkW8JvE1FumwAAACMAARAD.jpg,169,169,1834.6727317040693
4809,fVez8tNRTOmgBK3N0HF3wwAAACMAARAD.jpg,273,273,333.9903390976773
4809,al2ocbzyTUWDg0FKcP2U5wAAACMAARAD.jpg,145,145,1025.9373917862915
4809,Vnk2bzdMSA2QFWQxNAqmTQAAACMAARAD.jpg,321,296,463.53725198453526
4816,O1CN01Udzeh020JGvQKQrPw_!!0-mtopupload.jpg,248,248,756.2342059498778
4816,O1CN01XqWodm1E5RPIqHPnu_!!0-mtopupload.jpg,327,372,140.4592143022823
4816,O1CN01TKGy8E1qXnKKUfJl7_!!0-mtopupload.jpg,243,225,778.6390600837263
4816,O1CN012OeVTZ1uVk0rNReOe_!!0-mtopupload.jpg,243,225,778.6390600837263
4819,Y740GlJyQoKxtFZGZAippQAAACMAARAD.jpg,347,347,481.07856492179565
4819,7XXHZWeoQW2Se7ikKK6BAAAAACMAARAD.jpg,242,242,254.59177277334265
4819,R_oIfZwPTAq3nETAkv-d4AAAACMAARAD.jpg,141,141,380.8225839525065
4822,ocgSR2APTUu-qS_NlP0NLQAAACMAARAD.jpg,239,239,771.0753766371431
4822,H0Df0b8pSUmAXEFvohX2pwAAACMAARAD.jpg,224,224,285.72488223945334
4822,gtGKFEldSOS5ubFOuShbHwAAACMAARAD.jpg,295,295,50.121181012136226
4822,ECEk7_9BSYeRpQu7Q6vd0wAAACMAARAD.jpg,307,307,72.0841345868371
4824,9x09v_g5R269sDCUaaMV-AAAACMAARAD.jpg,260,260,40.66992797783692
4824,MinebCMtQW2lsPOxABOwXQAAACMAARAD.jpg,187,187,1728.662995228169
4824,ypIDbQ7US_mbiW34n5-piAAAACMAARAD.jpg,419,419,259.7842654016196
4824,rC2V-F6FRRu74PioLZZS3wAAACMAARAD.jpg,231,231,69.05358584468019
4828,O1CN01hAbVHD1heorrIKxIB_!!0-mtopupload.jpg,333,256,2038.4543187343586
4828,O1CN013BNzbi1tVS9qzAqGi_!!0-mtopupload.jpg,255,212,306.34940527262495
4828,O1CN01H28OUG22wmKZvybFv_!!0-mtopupload.jpg,278,278,1960.0915115602038
4828,O1CN01hUvSzI1dkzkKEig67_!!0-mtopupload.jpg,253,211,317.649086596473
4831,O1CN01YuitcX1YRgxnV1mvO_!!0-mtopupload.jpg,408,408,566.8638924098009
4831,O1CN01MCqquW1p4eVZ7eHCi_!!0-mtopupload.jpg,388,388,508.3324431579433
4831,O1CN012PBx2n1vl8woSkjDE_!!0-mtopupload.jpg,412,412,30.00589710312747
4831,O1CN013aHIaH1j4IVScQGKg_!!0-mtopupload.jpg,318,318,822.1983341921937
4844,nE5G44ceSsq9-xCe9udf5wAAACMAARAD.jpg,374,374,26.728095167347906
4844,in2H3TBiQayktVga87nSRAAAACMAARAD.jpg,229,229,64.93824004319418
4844,aS5xiiXhQ9SUAVmz8b0eowAAACMAARAD.jpg,258,258,41.04463808283145
4844,wpQrObfGRhS7dGmiNs6wAQAAACMAARAD.jpg,224,224,86.8665227095617
4853,awqUXpyMQ2CthGYabOhphAAAACMAARAD.jpg,245,245,145.54203299645556
4853,Mke6AvcrSTS-Jrbkkk-XiAAAACMAARAD.jpg,201,201,328.06973967072156
4853,1bW6ANgtQn6Tum8EiXFZYQAAACMAARAD.jpg,183,183,245.67958316378895
4853,rbSOtQHnTiq3hlEMy173mgAAACMAARAD.jpg,311,311,228.5836459240838
4865,0Llk4EUWTBatZ7LbwTf9cwAAACMAARAD.jpg,300,300,323.0707459544444
4865,BVDlO7QURnKXCHgHcEipRQAAACMAARAD.jpg,315,315,259.8586342923086
4865,Hf_jSwzLSV6anQll88qSJAAAACMAARAD.jpg,341,341,323.1718380609118
4865,5wO3PunXR8OmxANQHHozGwAAACMAARAD.jpg,187,187,2289.3200264725715
4866,iYqEYnIsQNisYyCRt8IltAAAACMAARAD.jpg,189,189,38.063687743733375
4866,KEiexuH3QDGjXll2GoPb2wAAACMAARAD.jpg,264,264,22.17325154068514
4866,-6hUXIcMQ4eHPJSZOjA2lgAAACMAARAD.jpg,202,202,31.76202038359914
4866,czHIhka9REGuUf3unZEFtQAAACMAARAD.jpg,253,253,115.01498587110905
4869,p-ZNuK_SReystWjCTxy7bgAAACMAARAD.jpg,292,292,508.27440436680024
4869,VIN5K9fRT4qSQH2-0ls7wgAAACMAARAD.jpg,267,267,359.4667894766384
4869,tmYA3zhqS86uaUN_x32mTQAAACMAARAD.jpg,234,234,1101.4345863094263
4869,KpwDjE_oThagCVr4xziHhQAAACMAARAD.jpg,305,305,133.21684074852516
4883,39cfN4gEQWG4QYZMJhR3SwAAACMAARAD.jpg,289,289,350.35227447094945
4883,y2cEDANyQ4qjLBBLzsA1uwAAACMAARAD.jpg,274,274,628.3170566753034
4900,Dj4HOBGrQXO9B4NqBKDzDwAAACMAARAD.jpg,236,236,110.26587582555103
4900,DloBWfa5R-aTtPRPUD1x2wAAACMAARAD.jpg,241,241,182.18121166772897
4900,NU_e6jFUScG-1CfTxZMePwAAACMAARAD.jpg,172,172,404.7476855269856
4900,3QYP5DOhQz21SWuBePQDPwAAACMAARAD.jpg,178,178,205.6753445936048
4905,O1CN01BQ04Mc1ql4qAk6eKT_!!0-mtopupload.jpg,177,177,115.8226611439346
4905,O1CN01N4s23m1QT3F3eQWVY_!!0-mtopupload.jpg,213,213,880.7184282031948
4905,O1CN0122m3FB1tQPowKB8By_!!0-mtopupload.jpg,278,278,681.5625951393678
4905,O1CN01DkpDGF1gbme2upTGm_!!0-mtopupload.jpg,177,177,115.8226611439346
4911,5Hj-EsBZRSa6pq-apaeeugAAACMAARAD.jpg,334,334,26.91604801533575
4911,QOlmJEjCReyi8wAC154xsAAAACMAARAD.jpg,250,250,18.942610918144002
4911,cj5bR7V7REe4NTTmWWLMgAAAACMAARAD.jpg,299,299,7.407313269544927
4911,5y4H8p_wQlGXq8KM57YIzwAAACMAARAD.jpg,358,358,14.256852158123639
4912,KudGaQtcSeqVEmP7y9nQNQAAACMAARAD.jpg,186,186,8286.690628349492
4912,7IVgLDf8SkWdglkslZVOGAAAACMAARAD.jpg,220,220,1363.446485161106
4912,XGfIHN67RQWX-KCnV8qeHAAAACMAARAD.jpg,176,176,1843.9396265536807
4912,sKekDS7gTa-3ZNKb0zn5pQAAACMAARAD.jpg,170,170,7859.903172944529
4913,7Poe-L_WTD-M5dr41OZcIAAAACMAARED.jpg,1119,1119,244.60337622828249
4913,8Gm298Y0Q42vWv2-5d39XwAAACMAARED.jpg,1119,1119,244.60337622828249
4913,XzybwRBMQFeJifMo7lCyXgAAACMAARAD.jpg,1119,1119,244.60337622828249
4913,A1AcK0R2SjuRz1S4jIoTYQAAACMAARAD.jpg,359,359,243.4286611106393
4921,JuTejs98SHCD0J1rwFM0aAAAACMAARAD.jpg,280,280,341.94836481397726
4921,dNf1G7FOQrGOjUjQwg9rlgAAACMAARAD.jpg,226,226,1757.410540031678
4921,1WoGVlkkQlCDF8mctiF2sQAAACMAARAD.jpg,275,275,54.44054264254081
4938,brqn8AxDRPe10QKPP1F0-AAAACMAARAD.jpg,156,156,419.0182620755727
4938,5X94PL_0Q6WRqdxg324CLwAAACMAARAD.jpg,161,161,3605.7864148211092
4938,Ue3nY7pzQEivwLE7Vgj4BAAAACMAARAD.jpg,272,272,65.92625016275848
4938,linQkK50TleoBYRjeVshwgAAACMAARAD.jpg,322,322,67.06026401995001
4955,N7OpXM-IRQ-cIORGs4-uQAAAACMAARAD.jpg,171,171,86.77272989138338
4955,0JTF9de3QTu_LIa8mqq0BwAAACMAARAD.jpg,251,251,107.50492033472737
4955,Wo3TghAPRW-9UO4mctk1dAAAACMAARAD.jpg,242,242,54.033075282287925
4955,8B43x_87R26Tz2V4SMXqhAAAACMAARAD.jpg,252,252,71.28287548210778
4973,O1CN01Bkz5Wf1bGBrXZWQih_!!0-mtopupload.jpg,380,357,70.97604847837783
4973,O1CN01edllCi1kOHP2wen02_!!0-mtopupload.jpg,449,449,102.56002154885793
4973,O1CN01ub5RyA1crZoPQEGIK_!!0-mtopupload.jpg,159,159,150.280525651223
4973,O1CN01ljmcT31MLUCynrIXb_!!0-mtopupload.jpg,159,159,150.280525651223
4975,O1CN016vRRot1yzkSFh0PTm_!!0-mtopupload.jpg,282,282,3460.9601886219925
4975,O1CN01YTydkx1BwcZwa3WR1_!!0-mtopupload.jpg,284,303,3396.8396078312944
4980,O1CN01Z0weMO1FBE1XcEiwd_!!0-mtopupload.jpg,355,355,23.812814816933994
4980,O1CN01CWsiSs1FBE1cRSsMu_!!0-mtopupload.jpg,345,345,70.74602991707681
4980,O1CN01JItBDh1FBE1cRQKDc_!!0-mtopupload.jpg,345,345,70.74602991707681
4980,O1CN01xNTeKx1FBE1WJee1w_!!0-mtopupload.jpg,320,320,21.601035918331146
4987,fK2Z9gAPRPeB6b64eJH1NAAAACMAARAD.jpg,235,235,404.3057933814936
4987,c1bsxYH9TCiXssaRwWChowAAACMAARAD.jpg,280,280,167.93407028061225
4987,ASvW6aMbS2qhtigU73KrrAAAACMAARAD.jpg,283,283,414.5553610122143
4987,WDKII9mdSimmx4-QBo0HmwAAACMAARAD.jpg,210,210,310.72249441539276
4993,xAtWztW8RVKNCglCzZZiFAAAACMAARAD.jpg,209,209,112.61922680670388
4993,F_OJyS8mRlGqstVl--fKqwAAACMAARAD.jpg,194,194,151.5260651578939
4993,SyHDkmBsSE2NTlJYf1_N_wAAACMAARAD.jpg,248,248,73.87427230538367
4993,n0SPrklKRQaQYe-vUKzSGQAAACMAARAD.jpg,207,207,151.4629679157504
5003,lNvCLm5cQl-Q_X9HP4oIsQAAACMAARAD.jpg,170,170,141.64615912644726
5003,PQKHlBsGRvmLUNNyc9RH1AAAACMAARAD.jpg,281,281,71.38676784588887
5003,WnhV3WNNRw-Mr0X6et0RKAAAACMAARAD.jpg,171,171,187.47922737543516
5003,DrgoCAY0Rz69BEJgJWH1eAAAACMAARAD.jpg,198,198,126.18538678072896
5010,n3i1s5rGQeKmx445xauTHwAAACMAARAD.jpg,189,189,74.41319841667925
5010,wKGIHhMKRdqNXFtEmEDDrgAAACMAARAD.jpg,242,242,69.926964517451
5010,EZUd9_DBT3Ou5kUOb-r6ngAAACMAARAD.jpg,255,255,85.52186957933696
5010,c_WjmvvyT02TIIdzb6axJgAAACMAARAD.jpg,249,249,26.474533037312394
5012,6WiNJzCPS3C9yNJTe3unUQAAACMAARAD.jpg,157,157,406.30337895038264
5012,9A5gQbyMQVihb4K_U_Xj2AAAACMAARAD.jpg,215,215,224.71950407221712
5012,5i78OFiYScSOmrXHO2a3TwAAACMAARAD.jpg,182,182,433.5369194048831
5012,jcHG94u8QjC13uxy5S9T5gAAACMAARAD.jpg,172,172,337.6968813305728
5013,1k8I6KVAT_WLGPtcrce1_gAAACMAARAD.jpg,288,288,133.29054467472028
5013,yQ2UD_TfT-GGwv3-r3c75wAAACMAARAD.jpg,251,251,142.37708815382098
5013,C9fbo4oXQqiimGkgywDZawAAACMAARAD.jpg,217,217,32.6689678578573
5018,O1CN0105KfkQ1PXnlCwgqW4_!!0-mtopupload.jpg,225,225,506.43185124218877
5020,df8OgWfVReKxuNO2cBjpFgAAACMAARAD.jpg,216,216,25.7814193931423
5020,g4I1lSczRjKaacZjI5NohwAAACMAARAD.jpg,199,199,20.805856491276423
5020,dDgdjh0VSpiNvmLk82HhAwAAACMAARAD.jpg,293,293,12.71227825448472
5020,WF6paYj4TAS2zmR9ttcjdwAAACMAARAD.jpg,258,258,20.938993654338013
5041,7PepMbOJTpeNqKW72njwJAAAACMAARAD.jpg,356,356,255.24723125899146
5041,pjxP3sinTGiFH5HdQ-ebiwAAACMAARAD.jpg,254,254,522.1279044087631
5041,AGgqZi4TSdW6Je8LWZ1fpgAAACMAARAD.jpg,253,253,733.2064491945325
5041,d3fyU1csRm-TUwVmWhhfZQAAACMAARAD.jpg,213,213,504.47570416412583
5043,Ux94kFq0Tli-xFVAblKkswAAACMAARAD.jpg,305,305,18.161354226153545
5043,Geg-rKvHTCCvl001CCNa5QAAACMAARAD.jpg,131,131,648.7941817682186
5043,SwDu2rsARMaBdCA824PDLgAAACMAARAD.jpg,281,281,19.440504649678537
5043,oF4FwuIYSQarJkheKg4RfAAAACMAARED.jpg,131,131,648.7941817682186
5060,6zkjsZK8S5CmhotEcSCHOQAAACMAARED.jpg,1116,1116,74.1512705772566
5060,-spB12UqSquw6JFHCMnVvAAAACMAARAD.jpg,161,161,423.977077296739
5060,H1CX9bS-SSm5s8zFIy5K2AAAACMAARAD.jpg,411,411,222.6493363121634
5060,a9aVemGMT6iiLdH-eCZmggAAACMAARAD.jpg,1116,1116,74.1512705772566
5070,9bJMlcpURwyeVZpfhH_1_wAAACMAARAD.jpg,318,318,212.6579738469831
5070,P4fnic2BTga-aR9FkzNI8gAAACMAARAD.jpg,205,205,858.1765450969139
5070,Nag9X-ZXSwWR-xsdBl5ciAAAACMAARAD.jpg,182,182,233.24476451032905
5070,D0OVd8JtQC62OxbEXRtLbQAAACMAARAD.jpg,196,196,1055.8783344433475
5070,jpytpmRTSxCXANg6tS5IZwAAACMAARAD.jpg,199,199,1245.9959063668375
5070,4C8b2yJ8TGKGBVDc37sNWAAAACMAARAD.jpg,140,140,97.46160632028321
5071,EiVg9kUqQZu1qFK5pwJuIAAAACMAARAD.jpg,180,180,91.46312512479042
5071,XfTGIWS3TSma_v9MuOY4HAAAACMAARAD.jpg,235,235,141.4351392232402
5071,ktu8BvVLTkK_GbQopUj1NgAAACMAARAD.jpg,299,299,166.95582070255878
5071,t-FOejWKRCOI-8u8DIZo1wAAACMAARAD.jpg,265,265,229.3485390003474
5071,WFE8CF7WSLuT6ozjJIRsxgAAACMAARAD.jpg,209,209,124.42457819189121
5071,E5fuUIZLSUSrfGEBpoTDhwAAACMAARAD.jpg,176,176,343.57617234086155
5083,IdH-BDRMTx6rUpCZplSH1AAAACMAARAD.jpg,220,220,643.2976250934875
5083,MzMXTpXlQxOcZ4o_W-GHFwAAACMAARAD.jpg,308,308,84.63597584352215
5083,eJVxf5hvQRO-fSQGRtfO5AAAACMAARAD.jpg,253,253,129.15576248144643
5083,B2qHC4UNTOWzz8vgCSzaDAAAACMAARAD.jpg,342,342,365.11422242915563
5083,moIW3CE-RwqzJ88rp4q6UAAAACMAARAD.jpg,222,222,387.5711871279409
5083,xprgluVuQRyqht_KzLzkdgAAACMAARAD.jpg,178,178,1146.5256850195628
5083,vGaoU0jwSIqpGZ5vQpbAlAAAACMAARAD.jpg,177,177,430.1987120426267
5086,chz-iAJxQCyq0jmc_YIVoAAAACMAARAD.jpg,261,261,222.81112075718013
5086,xpvnpG8tTF21-ntVcxXbjwAAACMAARAD.jpg,224,224,79.85105104100847
5086,bZPRXQ8ARw2B5xrV50o6xwAAACMAARAD.jpg,208,208,858.3938140516535
5086,qEeVuMw7RD2eC-faomMQsgAAACMAARAD.jpg,395,395,127.29481419050192
5086,WYQptI4EQKmluM6d1_dJlgAAACMAARAD.jpg,213,213,207.5361331577308
5086,XyNavek4S1-aF1X7oMBioQAAACMAARAD.jpg,273,273,75.3701636140203
5086,5-gI0TT6TX2ghkEtCJDuzAAAACMAARAD.jpg,335,335,243.98471212205018
5092,vYVO08HATJmoM0D42WYa0QAAACMAARAD.jpg,317,317,66.68971028776429
5092,JSlRKmZWSFaiUZf49sZwNwAAACMAARAD.jpg,171,171,217.1429585484358
5092,OwCF5UVZSYOv_gcsUfmr4QAAACMAARAD.jpg,155,155,232.31889120009185
5092,uqVh6D0YT8Org99XBvh3FAAAACMAARAD.jpg,203,203,74.70421133815069
5092,_2LdLMd-RcKETOPjkMs8lQAAACMAARAD.jpg,232,232,299.06886165027083
5092,3S66LDccSSqZ_EQoRAKDTQAAACMAARAD.jpg,162,162,64.10873940171889
5092,wyeVVhPYTb-k78HfmTLFiQAAACMAARAD.jpg,224,224,230.9230059616171
5110,mIhEIo7CQKmLLZNAp24-vgAAACMAARAD.jpg,238,238,16.637084220217787
5110,E6UkX58pTDumgBY-L8nBhAAAACMAARAD.jpg,164,164,78.15648294471605
5111,BOmsuVroQPCziVVdPOgIVwAAACMAARAD.jpg,277,277,143.09645748587982
5111,zmvThfB8SJihmIl-T0GlZwAAACMAARAD.jpg,249,249,1326.8326911481438
5111,1rZgjPPPS32yESkuGv3LLgAAACMAARAD.jpg,254,254,507.58654954283685
5111,uPI36XUuRuyxfacxv9k2GQAAACMAARAD.jpg,377,377,152.22023660854254
5111,UaA09wOsRhOb1tYgDrWg4QAAACMAARAD.jpg,296,296,491.4224122642359
5111,jR9rVHswSmWHtZjdJ1qpCwAAACMAARAD.jpg,291,291,1355.924238382151
5111,GfXqmDK8SHKC2Y1gh0tJSAAAACMAARAD.jpg,195,195,376.75282682445754
5124,fjGBm6jeT4WxCV-pabsp2wAAACMAARAD.jpg,399,399,133.1469929813281
5124,EXI-rCGqSLOzTlPmvmhB4gAAACMAARAD.jpg,245,245,35.34181298844488
5124,7acgIydjTzSRdRI7JrDCNgAAACMAARAD.jpg,384,384,50.56316439237124
5124,Zsupn-6hS8-6dskxlkM1RwAAACMAARAD.jpg,293,293,83.1467926471895
5124,tDsoVEAFSH-VEcgCp32BfAAAACMAARAD.jpg,301,301,35.11539885514427
5124,REyzvWQ9Sq6vMXZgtIBBpgAAACMAARAD.jpg,306,306,36.15209869595892
5124,n4QvzvNyQf-Z2jDL90ZB7gAAACMAARAD.jpg,289,289,468.5939029097615
5129,O1CN010K8ajb1i6l1GcPevZ_!!0-mtopupload.jpg,435,333,161.31106436172567
5129,O1CN01836YjA1LVH3bdxmkY_!!0-mtopupload.jpg,411,411,238.0384106402856
5129,O1CN01Ifjvy21v5SuISB7uU_!!0-mtopupload.jpg,338,338,731.8836139876727
5129,O1CN01yytKxu23CLmqUnkkg_!!0-mtopupload.jpg,426,426,145.7815909540543
5129,O1CN016p0d871d4rIUmTwSf_!!0-mtopupload.jpg,927,927,22.70717467552391
5129,O1CN01k4Huql1oz9kx4WUuG_!!0-mtopupload.jpg,411,411,238.0384106402856
5129,O1CN01ilSkPn1HtlmEwbBVJ_!!0-mtopupload.jpg,338,338,731.8836139876727
5130,CjjKYKHuSV-SPLZkNnGsFQAAACMAARAD.jpg,183,183,2775.8046000069935
5130,GFjpkrUgS2W0MVKqCQWecgAAACMAARAD.jpg,188,188,235.7762162172781
5130,LmcE2TDuT7Sqxv9zQcOygwAAACMAARAD.jpg,333,271,104.56089320727541
5130,75fUlg4TTl2mniZjrGuqswAAACMAARAD.jpg,187,187,112.50437474816276
5130,8plp7VDYRLmdvt-Ajn_wEwAAACMAARAD.jpg,201,201,431.5598049849264
5130,sQG69wNiRwqvefmAw-M4nAAAACMAARAD.jpg,239,239,83.59208234179738
5130,3AouwJmCT_6X_B2CZeQYegAAACMAARAD.jpg,205,158,416.4834945054966
5139,O1CN01byf10n1n6Ml9myelJ_!!0-mtopupload.jpg,204,204,1283.346146752975
5139,O1CN01rAKppT1q1HCo93E6R_!!0-mtopupload.jpg,502,502,57.98615418873421
5139,O1CN01mABZlo1mhAydINR4l_!!0-mtopupload.jpg,338,255,104.56513741708342
5139,O1CN019PcIcm1GoRYbhG3dZ_!!0-mtopupload.jpg,200,161,1352.6038988455307
5139,O1CN01NwPfcN1hFAgBLR90n_!!0-mtopupload.jpg,338,256,105.86065733397292
5139,O1CN016B7mot1SZa5oECoTj_!!0-mtopupload.jpg,338,255,104.56513741708342
5139,O1CN01SIFsnv1SXkVevlR5p_!!0-mtopupload.jpg,303,303,137.13765143802883
5145,LLuC0S_GQ8aX3VndbIQUCQAAACMAARAD.jpg,217,217,45.96205799066941
5145,65ncEDgyRD2zG9hDS805ZAAAACMAARAD.jpg,200,200,91.971324669375
5145,4sBWMR4tRTyY9qDXjZifzgAAACMAARAD.jpg,227,227,64.45623513920086
5145,y0nUs6-MRtKGgFNCevhouQAAACMAARAD.jpg,280,280,30.253033532740268
5145,-j4hTfnxQVK7v1vSJVYpGwAAACMAARAD.jpg,201,201,84.45374595926424
5145,Ebw7vYkeRq2K709sPCZBLwAAACMAARAD.jpg,198,198,336.9891939588631
5145,8sqQ5VfoQBeUUIi6LQ7vPAAAACMAARAD.jpg,267,267,83.43460420020917
5146,-46Y2mftRrCmlEzefbfWpQAAACMAARED.jpg,331,331,427.55508748656507
5146,KOyB17SgSU2DfluUIpZSxgAAACMAARAD.jpg,331,331,427.55508748656507
5146,nXSJSTIsTE6DgjQ5PZ6dDgAAACMAARAD.jpg,238,238,85.50026153804671
5146,n2J3AH9mTF-UDVL4SPqzggAAACMAARAD.jpg,174,174,162.8428071848214
5146,2J56vhKKQf-AaGDIbUu-nwAAACMAARAD.jpg,172,172,344.3696268340403
5146,T0lDsiOwSrWV1tyLTPOUuQAAACMAARAD.jpg,228,228,84.03928773510857
5146,qTCdQQZFS7qvINY1iLyp2wAAACMAARED.jpg,331,331,427.55508748656507
5180,Hr9V3bX4Ru-UxocyaBDhrwAAACMAARAD.jpg,229,229,115.57675226325487
5180,Jsa4sYvRQI-QUQZZDF5KiAAAACMAARAD.jpg,218,218,159.78197857924417
5180,aQ1QottZS2mx3NHjyULwlwAAACMAARAD.jpg,228,228,241.29376779045813
5180,gyzFqwINR5W8LC-Oztxt1wAAACMAARAD.jpg,213,213,65.02565744382585
5180,NbyklsTIQqCMQqUOAUibRgAAACMAARAD.jpg,207,207,28.03505228215739
5180,9TlTAiDzSFiFRkg_6bxWzwAAACMAARAD.jpg,295,295,73.79279127248911
5180,4515MOzUQ2yekvnxoJ8ndwAAACMAARAD.jpg,194,194,63.76132730240405
5193,LDVxjVgETl2AvDeRrlqk7wAAACMAARAD.jpg,231,231,44.390971049512714
5193,_469i0KeTBGd9LANTln5GQAAACMAARAD.jpg,209,209,119.82506997174663
5193,uQYaU8H2QICbR2_aYFy6TgAAACMAARAD.jpg,320,314,112.54118383986166
5193,yBuSYQgHSrapZiE07GSzVgAAACMAARAD.jpg,301,301,101.43074908786099
5195,O1CN019zV8DB1OEjd5iojHd_!!0-mtopupload.jpg,278,278,568.0998439909253
5196,5Uwa-VHdSN6GxhSLTaSKyQAAACMAARAD.jpg,196,196,252.2150639061251
5196,0W-oV3d5TIuLgT8sFEzXXgAAACMAARAD.jpg,179,179,276.8023708497119
5196,DEkqfYF3QYO_IqQ_Es8K7QAAACMAARAD.jpg,231,231,19.90612530049694
5196,7ouVXHpBRy6iL2jnRrI_IwAAACMAARAD.jpg,281,281,27.53998794125498
5202,z5bHbhngT6aCfRJXZkqNdAAAACMAARAD.jpg,141,141,16.63162099892479
5202,Izn0ps_hRziHDnUMgimERAAAACMAARAD.jpg,213,213,37.76283595089622
5202,PhnXV74QSMKJY4-XcTUElQAAACMAARAD.jpg,163,163,85.82260593048824
5202,FsHzs7xGQ8qEiIcWc5_vcQAAACMAARAD.jpg,177,177,31.152874564350327
5202,w-VtD0waSPSd2zIY40G11wAAACMAARAD.jpg,161,161,96.48561847328904
5218,OwMsZ-uATF2iIgb-Uq16FAAAACMAARAD.jpg,247,247,64.61557491988079
5218,DtOanm5ISS2lJ5aZGJenuwAAACMAARAD.jpg,215,215,80.58983134449767
5218,bt3Ul8LSTpysXSY3Lby9iQAAACMAARAD.jpg,245,245,40.3250470893271
5222,j0A_kxGNRjG4H8rMhQs5pwAAACMAARAD.jpg,170,170,832.4345979861353
5222,EZGEZUvDTVahr9QEhIfbfwAAACMAARAD.jpg,186,186,410.670517465089
5222,rOL2L2vvSJSXJbZUdFH-pQAAACMAARAD.jpg,199,199,1213.174485562423
5222,x2jYHbDGRtiUWs3Qg1C61wAAACMAARAD.jpg,243,243,1070.1655080066994
5222,NoV5D88dTNOJVS1OG3yX4wAAACMAARAD.jpg,153,153,782.649682411323
5263,_yJVMslrSeSoHYDpvluL5gAAACMAARAD.jpg,235,235,76.5372878510706
5263,EKUWKaxOQK68sSN73yAGWwAAACMAARAD.jpg,353,353,73.33249185987937
5263,IOpkVSO7TwOt2CO3ZabTawAAACMAARAD.jpg,339,339,62.48073600385002
5263,T1vrMolrSYeGrbYHbwd_TAAAACMAARAD.jpg,319,319,104.05308452082434
5263,lrO19_mxTfe8XDmltDXGAwAAACMAARAD.jpg,270,270,51.27095960812207
5284,ACfmzqVgRFC1UJDMYqPeeAAAACMAARAD.jpg,190,190,1135.7351034837056
5284,XWnO3UUsRpW_hL_pFB5cLgAAACMAARAD.jpg,138,138,605.7346398777331
5284,q98i1K1VS8OTs_cwaSlC2gAAACMAARAD.jpg,227,227,667.1428898086423
5284,QEn0Pf9QReGjfxipjrIWZQAAACMAARAD.jpg,231,231,64.64964976963599
5284,MrK_juuaSNuPsnM_DraTFQAAACMAARAD.jpg,190,190,850.6583503779129
5285,uiJsIuM1QeqBcJeipKbzSwAAACMAARAD.jpg,199,199,133.53794521298923
5285,r1vphDDPSsWKScZzGH9VXAAAACMAARAD.jpg,195,195,140.12707795461392
5285,c_SJ1XreSFC5M-eVmmFApAAAACMAARAD.jpg,275,275,103.77372404372377
5285,ZVsgTod4TTyDnXhh8IxLYAAAACMAARAD.jpg,176,176,217.31337350600813
5285,HkXODLdqR3u05ELawrh6FAAAACMAARAD.jpg,159,159,71.8850239928339
5286,7SlYt3XYTn-fzeoSIUZAMQAAACMAARAD.jpg,296,296,34.40664235668633
5286,nuFti-nzTAiCnXaIKwLffAAAACMAARAD.jpg,196,196,234.85658322634967
5286,CFSwx5f8SoWV_YtSipuafQAAACMAARAD.jpg,208,208,17.49231171800803
5286,iQ73YRcsT0SlSBurlTmMUgAAACMAARAD.jpg,256,256,135.8442858895287
5286,aMZEn9NGR4abRgwpHjpb-wAAACMAARAD.jpg,315,315,22.465042359363423
5288,O1CN01qOYj8w1es9Xd7kP4R_!!0-mtopupload.jpg,858,858,34.879113493371115
5288,O1CN01DTLoMi1Ve6r1C2Kg3_!!0-mtopupload.jpg,1370,1236,39.37007804312247
5288,O1CN01oWiw3a1ktQKo4fXIV_!!0-mtopupload.jpg,195,195,185.96179297176803
5288,O1CN01TJxsUi1dnHiSJRrXt_!!0-mtopupload.jpg,994,729,73.71508523617469
5288,O1CN01j0BzMu1DvMgyGaWq9_!!0-mtopupload.jpg,778,778,20.770800657475217
5295,iaSqXGVJSmGAPS6Ax7OolgAAACMAARAD.jpg,170,170,78.24957529124411
5295,PtYMxRKCQ_Kr5or4ZEtCrgAAACMAARAD.jpg,261,261,264.90779504190385
5295,Yndb2pCnTBObqPVRSMrCOgAAACMAARAD.jpg,233,233,253.51174239374825
5295,K39uT5ExSeauYakexPI9pgAAACMAARAD.jpg,288,288,6.244689968732994
5295,cCQqL-WIQSGv2ms-U9TwWAAAACMAARAD.jpg,200,200,120.460707944375
5297,X5K7XXKZR6ChTAPfLvt8rAAAACMAARAD.jpg,353,353,467.3079708242034
5297,0sLsWmU9SKqFKOwd4cQpSwAAACMAARAD.jpg,362,362,344.5349075937695
5297,2JpLCNdHRWWnM2bmOYQyhAAAACMAARAD.jpg,285,285,586.5339523716983
5297,3snmwtodTL2RTOIHRNduNQAAACMAARAD.jpg,281,281,81.65644828310569
5297,BiMDFV31So-HbkgzkNWK4gAAACMAARAD.jpg,371,371,295.22821257147484
5302,n0KW432hT22YEjBnzEjIHwAAACMAARAD.jpg,249,249,555.5604300460753
5302,8yIj9xLqSZmSd_RgwtYGOwAAACMAARAD.jpg,213,213,227.7159383115054
5302,EUE-QNQoQHOKBzPqW0TqhwAAACMAARAD.jpg,187,187,911.5557067384394
5302,XOc3f1qEQO-cV8kMEStuyAAAACMAARAD.jpg,183,183,512.1923174860475
5302,F9LKttzFQU-_vpsteA4wTgAAACMAARAD.jpg,186,186,971.2786447796592
5319,8CjNEafYRx2e6KuvPVEGswAAACMAARAD.jpg,249,249,170.98260379972584
5319,biIb4y-MQEegyYrrq9g7uQAAACMAARAD.jpg,256,256,64.20447467267513
5319,beIzNdi0SCi-Jp_biwkjRgAAACMAARAD.jpg,319,319,23.97247910257075
5319,J-2ZF9soTBaMuymgEQLrWgAAACMAARAD.jpg,236,236,25.9127387542861
5319,xSzZ9xPuSMONwgeadakwMgAAACMAARAD.jpg,247,247,61.89811566333091
5322,r_UlzOqUT5CofgPwnAbzaAAAACMAARAD.jpg,313,313,765.2875023028637
5322,wKTHNaFfRZm8v7cEnR8e3gAAACMAARAD.jpg,223,223,777.2776491375187
5322,4ARiNX6cSNCv0ZreAa447AAAACMAARAD.jpg,232,232,558.2698160993116
5322,0QCCWEbQSyekYoFiWKnhbgAAACMAARAD.jpg,233,233,694.1448584985652
5322,iaklXLZ8QVGAL9Pqihu78AAAACMAARAD.jpg,372,372,662.0027746865405
5335,9DU7wooXQaSTTYarhxNX2wAAACMAARAD.jpg,149,149,42.22516051182557
5335,EWjT5ZloSBaxBE1qOa379AAAACMAARAD.jpg,232,232,121.93772254984009
5335,Kmik6u8rSAOP85owfOynygAAACMAARAD.jpg,162,162,105.80737405498321
5335,ilQ4Q3JiQ_KvzutCT8aeTgAAACMAARAD.jpg,159,159,47.993374823770495
5335,lhPHbdisTWq-5pSxK0yH9AAAACMAARAD.jpg,277,277,14.294636988980095
5342,d9tuz5DXQOK76K4ObeZeMgAAACMAARAD.jpg,145,145,59.025743261871874
5342,Os7PaLOmSuSeOW9xz-NGsgAAACMAARED.jpg,187,187,799.6781415170595
5342,LZ-uAe9kTJi90H16XgPwxwAAACMAARED.jpg,187,187,799.6781415170595
5342,Jtr7a7o0QDmIFQC8NLn39AAAACMAARAD.jpg,210,210,48.94540248147634
5342,Bn8w5NUwQdSCPSROnSgbggAAACMAARAD.jpg,187,187,799.6781415170595
5346,Zedm0XzERruTK_d_0DGErwAAACMAARAD.jpg,232,232,1018.9615123877429
5352,1ZTF2PdKRUSqvSJZONDP8gAAACMAARAD.jpg,380,380,46.058094503140325
5352,lbwfVmF_TJ2ji2_cMMVNUwAAACMAARAD.jpg,305,305,526.6075344988867
5352,rIiEVFpcQ1idlVeV42cdpQAAACMAARAD.jpg,260,260,1497.9128380026523
5352,_i6cQnrPRICsxBiZRRr8nAAAACMAARAD.jpg,328,328,98.9140254364741
5352,8oB1RGWWSm-Y_NHMnxDXIAAAACMAARAD.jpg,353,353,775.366049001276
5359,j1tIphj2TgySgZPQSoJRUwAAACMAARAD.jpg,309,309,113.81797348268746
5359,mxI0QyXFRRSskvUEsKKMfQAAACMAARAD.jpg,235,235,75.56935765071528
5359,fDf9Z24YTeGfYDvykvQZSwAAACMAARAD.jpg,255,255,771.8799289301826
5359,qo2a8ZWiSSqUO1_B29LxlAAAACMAARAD.jpg,293,293,94.42070284693008
5359,g_5GJzXtS92ztk5Vd2XiOQAAACMAARAD.jpg,343,343,348.5930932982452
5364,g7DVx7UmRhKscCXfp35tfQAAACMAARAD.jpg,205,205,3278.8786223072652
5364,tHBOHJtGRSufcK8qYJII6QAAACMAARAD.jpg,259,259,102.92365983115624
5364,Z1y2GhE5QxGiSEg2ykYdcAAAACMAARAD.jpg,222,222,453.16092912111696
5364,MSc6JTqSQlixq0vnBvKD_AAAACMAARAD.jpg,192,192,618.2383456495073
5364,_ADxA3n0SyGQ89Ir3yzutAAAACMAARAD.jpg,241,241,116.48424663776734
5366,-T3kmxHsR_at5f59vfsPOgAAACMAARAD.jpg,233,233,521.8247431774929
5366,pK-9dgmaRDqddSwAqRPQZwAAACMAARAD.jpg,183,183,581.3165630667643
5366,Ne0j1GOTQuKXOqXXIs-LlQAAACMAARAD.jpg,162,162,1360.8126429188414
5366,p8_8UXyzRpybpDC8PBb50QAAACMAARAD.jpg,248,248,211.10317817349136
5375,VAjY3KrFTKGtFhrNwUKAQgAAACMAARAD.jpg,142,142,81.41499607995237
5375,tbdbr-lsTVu-9-ERy45QuQAAACMAARAD.jpg,171,171,234.44324420971424
5375,oZBpNTOsQZieIXx-GvfmzgAAACMAARAD.jpg,232,232,28.200224056490185
5375,x26VIfjiRKu4HKgfT3SbNQAAACMAARAD.jpg,170,170,51.83275757114978
5375,Y3y_ISc7QgKFc20aj23X6gAAACMAARAD.jpg,173,173,395.07157125528533
5376,bHPDNt7ZQIyQKY5Q9-C8yAAAACMAARAD.jpg,238,238,646.1121932642383
5376,-4KUPUD3S7miiE0Ezt75MgAAACMAARAD.jpg,232,232,630.8016343574902
5376,vMoJglQlSDubppf90DLAUwAAACMAARAD.jpg,249,249,321.52908782611354
5376,wg1ThWR1Sc6puyFvl13S2gAAACMAARAD.jpg,234,234,613.737794171654
5376,pLoYre5PRHqrfFzJ4rfPtQAAACMAARAD.jpg,255,255,49.94422680419991
5380,mQwoJYB4Rpu0YodRnP95SwAAACMAARAD.jpg,197,197,319.30847231702865
5380,vdKRT3XaQD2xfgJoOrJZJwAAACMAARAD.jpg,258,258,160.18701164043574
5380,5sNWXkTPQA6_HA9MbdUqAgAAACMAARAD.jpg,262,262,204.92379657442248
5380,QeIOzBzvT9-tTtMLapx5TQAAACMAARAD.jpg,198,198,313.21652765023975
5380,v6j7wYw_StSRC9rWEl_zdQAAACMAARAD.jpg,205,205,639.6576965788684
5381,O1CN01fC8FtG1GQczHPUYDh_!!0-mtopupload.jpg,454,357,433.5894756095879
5386,fZp4p13qT5egN5BAZ6-OiQAAACMAARAD.jpg,256,256,706.9133211409207
5386,sRuzf6V9RR644n_LEjt8yAAAACMAARAD.jpg,400,400,470.76164959359375
5386,_m9FzvpnThirhOsAatjPaAAAACMAARAD.jpg,324,324,257.55143422674615
5386,WJnFkzY-Td-aWijYvo8fmwAAACMAARAD.jpg,266,266,413.9620276048757
5386,dFbelYNwQVKu1593oLTp3gAAACMAARAD.jpg,276,276,638.9088391121661
5390,Yny_Vh66T_CNF-i3LDQYXgAAACMAARAD.jpg,596,596,226.33770147282942
5390,skcerCtFSgyPDWyMer9VVAAAACMAARAD.jpg,373,373,101.89893901138292
5390,wva7S2g0SGiCZvJmX2NabgAAACMAARAD.jpg,313,313,855.5024094341843
5390,RDMhNE-ZTh2ntgFSQwBcxQAAACMAARED.jpg,313,313,855.5024094341843
5390,Gp69dCBDRDu-I50vjuqsrwAAACMAARED.jpg,313,313,855.5024094341843
5408,1mvufAu7SCa8NhvkHYYdfAAAACMAARAD.jpg,303,303,89.45788535821282
5408,V1hmBp5rTMKQP-nCgSMrdgAAACMAARAD.jpg,260,260,97.91889968050837
5408,-QANByhxRGW9D2lGrHVlIAAAACMAARAD.jpg,273,273,30.001391742193867
5408,DKmg21TITUOXhwcmBJ50-AAAACMAARAD.jpg,253,253,82.60900908989227
5408,ddr6ef_uQqK1m0qwzDdJSgAAACMAARAD.jpg,265,265,108.83254068713934
5411,H-tUXFuGQWayGvNDyHeVXwAAACMAARAD.jpg,175,175,40.4705434644898
5411,eMrS7LvuS1KQW40SedrswQAAACMAARAD.jpg,229,229,49.47735145418531
5411,Cv4q_CkHS_eCzOjxZv00_QAAACMAARAD.jpg,206,206,44.50087326893069
5411,mETAiqHWQamH60DZuz6SzAAAACMAARAD.jpg,394,394,80.83634314113742
5411,MzP5D2wKRai_eDNn05GpTgAAACMAARAD.jpg,190,190,103.66456371191136
5419,zLtYXVNnT8WNt5aQaBzxFgAAACMAARAD.jpg,191,191,163.5245838389265
5419,koDz_hE3RxuamTIi03knaAAAACMAARAD.jpg,335,335,151.85539624011983
5419,oSxgF4TFS4iR0s747WZzQgAAACMAARAD.jpg,205,205,184.4154219729128
5427,l5IvmX2vQ86d51CWneEXUgAAACMAARAD.jpg,319,319,292.9243650731304
5427,btBii8NYT82Eab4ipCZHRgAAACMAARAD.jpg,252,252,345.2988530455381
5427,gFP0utlLQh25AE96PUgLqwAAACMAARAD.jpg,344,344,267.2624938901163
5427,rFO8a7biS8aCBtQ77gqasgAAACMAARAD.jpg,257,257,751.3294697684757
5427,pKGuH49MT6uYFRXeG0g24QAAACMAARAD.jpg,242,242,128.2316985562637
5436,PYrwUO2kSf-haM-g_0mCPAAAACMAARAD.jpg,232,232,40.22556169571781
5436,I4dAJD5mSbGNrivx5X4WbgAAACMAARAD.jpg,271,271,29.40447881526661
5436,f3e9cxcBRmCJndEX2p-ZPwAAACMAARAD.jpg,158,158,58.65915296171015
5436,e-GRsAEeTMy9JZPAynxMfQAAACMAARAD.jpg,176,176,141.8031579640286
5436,NOMrcdpPTUK9uielUVjwEgAAACMAARAD.jpg,222,222,42.39712983199179
5440,dCZwJU1lTA-LcKSY52EcTgAAACMAARAD.jpg,192,192,216.09845553504096
5440,6pXevbBYTQWPPKgto-RWJwAAACMAARAD.jpg,269,269,98.030764659082
5440,vTxMEU32QoWjRBQQdyS3hAAAACMAARAD.jpg,235,235,202.24111011715723
5440,_riFhJ_zTmaBgJlFgcol4QAAACMAARAD.jpg,170,170,488.6655491804457
5440,Dn3lmMp1Q5C_uLN0MrCibgAAACMAARAD.jpg,305,305,82.96573931837004
5442,tryK_nLnQ_epTTww_XVz9gAAACMAARAD.jpg,172,172,287.59789223139745
5442,1L0xSfSyRUiHnti6ZkebXwAAACMAARAD.jpg,184,184,390.93280128600793
5442,SFDtsDrXS5eUQ99AnPG4YQAAACMAARAD.jpg,165,165,176.40648346727988
5442,EG4FRRKzQKuXtH8yElUumAAAACMAARAD.jpg,159,159,203.49456687192745
5442,l92AhUyNRTGlK--HnTNTrgAAACMAARAD.jpg,233,233,236.98601355964942
5452,VnZmMcK4Q36JHBLR8u7ZhgAAACMAARAD.jpg,305,305,416.6481753305125
5452,iIPclheBSaCbq1bwCWOruAAAACMAARAD.jpg,437,437,33.63376186480518
5452,20vALrZ-Q5mA7tqz3YUzGwAAACMAARAD.jpg,319,319,235.42869861350505
5452,clLxQ0bwSdupR-4HynPAfQAAACMAARAD.jpg,307,307,128.5988102311708
5452,C4kD2aFjSBCiM29zADgIegAAACMAARAD.jpg,389,389,79.74616491304857
5460,XZ5FsiUDSyeMzLoZStXOGgAAACMAARAD.jpg,220,220,14.090817594426609
5460,2vYEyuJ9QXekFhtjMD7TuAAAACMAARAD.jpg,296,296,38.91205862820396
5460,DWypY0vmQR-G_oCn6-mGPAAAACMAARAD.jpg,297,297,12.989384343621733
5460,RYN9ln__SAumeIg3PaMP8wAAACMAARAD.jpg,285,285,10.563714171076716
5480,Z1KPlmWbQUmYDFZ9V4wwkgAAACMAARAD.jpg,266,266,7.193863183044567
5480,Rv-3BnEnSf6gD51tXXer2wAAACMAARAD.jpg,218,218,229.24221133413604
5480,r79fTo6bTwaH6HWPDmvSuAAAACMAARAD.jpg,158,158,74.6294016227463
5480,wdjZFdXsRV-vh2v7B2ZMLAAAACMAARAD.jpg,286,286,18.24997192891463
5480,6hmVKTJvTteOt_RWa_91fAAAACMAARAD.jpg,244,244,10.213990468329083
5487,WV-EPWueRkGkSKjSIQglMwAAACMAARAD.jpg,362,362,20.009500322876594
5499,wxuRGmwVR6yiXDP7Tk5LhwAAACMAARAD.jpg,175,175,161.58521213920864
5499,d6cq3A66Q4iBo-xvZpaImwAAACMAARAD.jpg,370,370,162.5809052400514
5499,wTdVP1GWRqmTFWBourP8EAAAACMAARAD.jpg,201,201,18.49932325518433
5499,FFVDb_hHRTmJT8V8oVlK0gAAACMAARAD.jpg,334,334,88.87807908349248
5499,i0n561GtSHy63jhtU8z7xQAAACMAARAD.jpg,202,202,204.16017033943584
5501,nknfttyXShyuLHpVirgCpQAAACMAARAD.jpg,215,215,53.16808702185357
5501,Eld30Rj1QH69xm_IP9pUugAAACMAARAD.jpg,170,170,33.57080376312544
5501,kPbuuBCzTvumWfFhfetDQAAAACMAARAD.jpg,161,161,109.36641238803303
5501,Zb-LslY_SPmzpFY-jQ6lDQAAACMAARAD.jpg,456,456,100.41144800669007
5501,wQ4druckS3SARmAGiN_I6AAAACMAARAD.jpg,219,219,21.535622904719112
5503,9HtyRDXRTWCVxgRLyC3tAAAAACMAARAD.jpg,197,197,107.76095575105356
5503,oERkookER6WAg8srnXT0hwAAACMAARAD.jpg,194,194,48.58994933198994
5503,S8VMt_6RSAemQNBbYQSn9gAAACMAARAD.jpg,197,197,64.89158939562344
5503,degcbCt2QhSBB6gzoX0KdAAAACMAARAD.jpg,202,202,97.83252868206803
5508,AEidmOH5Q9-pLlwcjqVNmAAAACMAARAD.jpg,340,340,332.2511713783809
5508,45MkrLYNRwy7G02OKvI_OgAAACMAARAD.jpg,352,352,101.39621595538108
5508,GxaU5Yq1QHiY9w4GTkaPmwAAACMAARAD.jpg,319,319,366.6192161893773
5508,qP3GUgzqRm-M1v7d6lwqSgAAACMAARAD.jpg,207,207,1526.696606988108
5508,TDH-rJm-TV6tl4NRE2F85wAAACMAARAD.jpg,355,355,189.1119916522799
5521,VWoczM38QziD3XiZNFnrCgAAACMAARAD.jpg,251,251,1548.1323251798676
5521,KdsgK0tfSTqrS5d5G_UX-gAAACMAARAD.jpg,185,185,150.1698274383044
5521,xvimY3nYSX26GSXIRiyhXwAAACMAARAD.jpg,177,177,34.87288925756306
5521,iXrh0-LSRbu526oHRNcwAwAAACMAARAD.jpg,262,262,171.32314662318703
5521,kj8Gd4cGTLWqoRGrG2aqdQAAACMAARAD.jpg,207,207,194.19279221517084
5523,4WkGU5EtQmyjKu4cmUeSTwAAACMAARAD.jpg,760,760,13.91468110204802
5523,3T-sriyOSliWIozUkbcadQAAACMAARAD.jpg,588,588,22.696617370166425
5523,VlkApD5zRXmMkx3o056X5QAAACMAARAD.jpg,167,167,400.4838129672769
5523,5Kqaxb7vTP-RT9bpPOBBLAAAACMAARAD.jpg,401,401,91.6580058562775
5523,rf-HuovDQn2ATB9Gh2ZvcwAAACMAARAD.jpg,381,381,91.45464129342464
5534,UPA1fFbKQluMY6zDcxKfuQAAACMAARAD.jpg,242,242,373.2325557764038
5534,ilh4pYpzQzmZmqO-lDFiNAAAACMAARAD.jpg,231,231,106.35696465451744
5534,XrcSNjcLRYSe5myDNKc5mgAAACMAARAD.jpg,227,227,102.74519574384146
5534,ZzdYDLPlRfODKc1bvFMuXAAAACMAARAD.jpg,211,211,129.92517924352472
5534,yBbehdeoSEOqPAQ_4jk01AAAACMAARAD.jpg,307,307,119.61348389613389
5538,O1CN01SEpLS425MXpmdp836_!!0-mtopupload.jpg,343,343,870.805870519412
5538,O1CN01zjRFNX1N8wyvRIbwS_!!0-mtopupload.jpg,506,506,163.16379654122727
5538,O1CN01yaSPyQ1eNT0RGF37a_!!0-mtopupload.jpg,343,343,870.805870519412
5538,O1CN010NwVvS1YUtjlWAYhm_!!0-mtopupload.jpg,506,506,163.16379654122727
5538,O1CN01ay4BRW25UmxmDjon2_!!0-mtopupload.jpg,481,381,231.12824208788956
5569,gXY9cDrjStOlgjwqh6GD0AAAACMAARAD.jpg,190,190,286.2100705880096
5569,U-uXmc82RFe0uB8wtYZ_9AAAACMAARAD.jpg,313,313,66.04264614150071
5569,F466TxvFRfqm3Vv-bZBHAgAAACMAARAD.jpg,449,449,115.6585801649015
5569,sCLq_RhFS1iTt9PXEPXfdQAAACMAARAD.jpg,332,332,199.43619720554375
5569,yaIgrjwuS4O6slCG796pUAAAACMAARAD.jpg,305,305,424.7753793577725
5571,HFm4UepBTJ6ciYrnDTnaiwAAACMAARAD.jpg,200,200,972.769760649375
5571,5XLMPSSFS8ey6aeWTJPROgAAACMAARAD.jpg,213,213,288.4443793193442
5571,Ich_aoBiRNaZvyqiKz5x1QAAACMAARAD.jpg,192,192,182.234904712365
5571,El33Yi4bT62TsnZrydTVywAAACMAARAD.jpg,197,197,300.7938578418142
5571,vj5dKlk-SlGcDDVRAhy1LwAAACMAARAD.jpg,168,168,293.39735601079764
5582,QvcLbsDpSvKcLiWGzlaEsAAAACMAARED.jpg,545,545,6.67916698604199
5582,rzL2DfumQwGQPSX2ijqbAgAAACMAARAD.jpg,1467,1467,2.1914250689162937
5582,Rgvr6lyiRqWVL8JieIh8kAAAACMAARAD.jpg,545,545,6.67916698604199
5582,JFv4UXpRRaKtzSKP2kc8EAAAACMAARED.jpg,545,545,6.67916698604199
5582,ZXx8NQ-MQH-DfzmKhDYWmwAAACMAARAD.jpg,1206,1206,2.016523534893702
5584,8fs2CGxZSHWmR6HKmPb5sAAAACMAARAD.jpg,198,198,13.498092123946048
5584,UpZNm85ASyWzTUKdpSvc0gAAACMAARAD.jpg,300,300,159.3117567328395
5584,FtGxgcSDRMGCD4Rija8SwgAAACMAARAD.jpg,216,216,375.2555034165804
5584,8YOY346kShKHirgD61-n-gAAACMAARAD.jpg,187,187,47.25321447597858
5584,UPRHoV_JQ3O_dsd2q-p8-AAAACMAARAD.jpg,221,221,304.98087514913334
5588,AXFWEPoeRAiHJEyMgSYpKAAAACMAARAD.jpg,221,221,254.19862356140425
5588,gVTs-mkXSzyJBDbal4FbcAAAACMAARAD.jpg,208,208,63.02253017663947
5588,wOdCCZv2RqaAJtVz5xU3nwAAACMAARAD.jpg,215,215,59.16355096421231
5588,9J8kZFgORGyv8BM07KbPVQAAACMAARAD.jpg,150,150,241.6791623032099
5588,PCTkH_mRQrO5XThWj_HB_gAAACMAARAD.jpg,312,312,92.74588972491357
5591,sdCQ0E61RLyy_u1yQZRi7gAAACMAARAD.jpg,233,233,39.997773185636376
5591,_vkpe8yMQj-suZbVnRxJ7wAAACMAARAD.jpg,371,371,53.984479381608914
5591,B6vyySR2SYuM3honl_wTkQAAACMAARAD.jpg,300,300,14.144098740617284
5591,om3lbjtDSqaxjq6humSENAAAACMAARAD.jpg,319,319,19.683207619588448
5591,SmETf96iTw63WbnvK3W_YAAAACMAARAD.jpg,251,251,35.73372948812062
5594,25CQt5_uTDeOO3DQjTJ-oAAAACMAARAD.jpg,222,222,43.67011288857148
5610,O1CN01iXL1IF1g5itIgXOee_!!0-mtopupload.jpg,361,361,301.0568521796439
5610,O1CN01YEMR1H1bgIRWQod02_!!0-mtopupload.jpg,361,361,301.0568521796439
5610,O1CN01TU5ZpO28dtgk7zbkH_!!0-mtopupload.jpg,1073,1073,12.729894006528186
5610,O1CN01YkqTMI27OUkekfQ7j_!!0-mtopupload.jpg,323,236,256.6127928613526
5610,O1CN014VSXna1N7ZnRJgrXx_!!6000000001523-0-antinsbiocamera.jpg,325,281,53.65940774075495
5622,GwOYXAEDRLeyg7wC_0LgDwAAACMAARAD.jpg,335,335,29.89093051242162
5622,Y1vUQQVTRxOOQHWY8wHIwgAAACMAARAD.jpg,173,173,32.89665503824988
5622,n9xD4oOsRXWSqDZAC7smVAAAACMAARAD.jpg,278,278,16.216299495097044
5622,onsSjDDzRqG31NT0rRs_swAAACMAARAD.jpg,261,261,100.59502436619339
5622,m_5zhRkbSMu5vw7llt8mkwAAACMAARAD.jpg,220,220,12.68630919848371
5625,VBelDTUsSOa_WDtLCujT-QAAACMAARAD.jpg,298,298,189.18413324910134
5625,kXvo9eWdTUmjYfBJIhdYpgAAACMAARAD.jpg,295,295,68.61896386000218
5625,Rkc6HMMeQl-M61il9DO3NwAAACMAARAD.jpg,246,246,406.5971112734688
5625,iHeFsL3kRaCAcO0AHdSHKgAAACMAARAD.jpg,383,383,139.87965699288182
5625,nlrpVOlBQiWK-z93mS_eEAAAACMAARAD.jpg,277,277,55.86150960239834
5628,Rf7tyWImSdOeNPLdNNw81AAAACMAARAD.jpg,218,218,126.98582904639854
5628,JuZecnM8SX-aFwF6_S36uQAAACMAARAD.jpg,219,219,34.3651819486867
5628,yppK_1ImSAq3JjoqR695RAAAACMAARAD.jpg,297,297,58.46618763847676
5628,4KQpBzyZSamVwTWTXe2TfwAAACMAARAD.jpg,244,244,492.13140914029697
5628,tjAEi3wKTxKGmCTKTlhASAAAACMAARAD.jpg,319,319,81.99480247523746
5631,BieKW3AnT7yzHj1qpyQpNwAAACMAARAD.jpg,367,367,112.43401315525158
5631,iXA77hbXRxmp6xoyhGjMqAAAACMAARED.jpg,367,367,112.43401315525158
5631,Nw0bGokPTOe7Hhg_2q8cHwAAACMAARAD.jpg,211,211,205.6603312302611
5631,PZsDikb1SfKGwli6OvdsrQAAACMAARED.jpg,211,211,205.6603312302611
5636,niyuB9PYTUmGSkyv6erpDgAAACMAARAD.jpg,319,319,140.52140158870424
5636,jn5DUfy6SdGNumPJVEJ_pAAAACMAARAD.jpg,268,268,195.33541517057537
5636,NGtELFtjTbKCiQNq0VSqZQAAACMAARAD.jpg,252,252,318.9511306157676
5636,QEqh4Jk4SsqmL6upthIf2AAAACMAARAD.jpg,243,243,384.92255635968706
5636,H_R9uwtCTDuerXsDoBJ_7AAAACMAARAD.jpg,243,243,226.7571907741823
5649,_j4Fy_LZRVOy7heP3qZFtwAAACMAARED.jpg,339,339,89.69155909533019
5649,NYbUe8k4QKa9GWHArdbD3AAAACMAARED.jpg,1047,1047,72.32314410972718
5649,nemBfspqTmSwG-8dIHJOtwAAACMAARAD.jpg,1055,1055,64.50654386804413
5649,87Ud4sAjRnikKgOBK4lZ0AAAACMAARED.jpg,339,339,89.69155909533019
5649,crnZHu4lQMmj6VWzCaw6TgAAACMAARAD.jpg,1047,1047,72.32314410972718
5654,FqkFbyh3S-iRdiuoyQkTsQAAACMAARAD.jpg,172,172,517.4973966738905
5654,O4evSscSQOaRanT5DclZ5wAAACMAARAD.jpg,188,188,498.75907105915326
5654,cOr4Q-vIToudfDTJK_hYsQAAACMAARAD.jpg,206,206,66.93628776215444
5654,Fv9FYvAkQc6AGTP11upBrwAAACMAARAD.jpg,256,256,274.07046035840176
5656,NHtoXmJsQbC2oYEEvNh-agAAACMAARAD.jpg,303,303,220.28729549053554
5656,7B--srC_TKKKH1ccdVhHJQAAACMAARAD.jpg,215,215,543.1593977018258
5656,eQT1_8OmRpKNZ41LUV90mQAAACMAARAD.jpg,170,170,363.9019535494067
5656,2iEC5ZrsSa2JpfKnTQbADQAAACMAARAD.jpg,259,259,189.44974709984132
5656,dRX2p0mwRrumfcxLhB9tHAAAACMAARAD.jpg,178,178,275.2115396029606
5670,z7SRCrsfQqCFkfL-WxvKkAAAACMAARAD.jpg,140,140,28.54025006247397
5670,WmmQfVkFSa6ES7uWWRqn-gAAACMAARAD.jpg,195,195,129.0148916326805
5670,WpudhUmPQtCbPSRoq9BnHgAAACMAARAD.jpg,236,236,14.022904466368542
5670,8Qwjp3LcQ3iDOb7i9kMsegAAACMAARAD.jpg,176,176,75.8022158690289
5670,ejYUJjUrTHmLuE2JKdcsRgAAACMAARAD.jpg,243,243,145.8906774517258
5672,O1CN01fjcDg01yHK0TN1bE3_!!0-mtopupload.jpg,189,189,95.4548610892898
5672,O1CN01FwhDIF1wj8peOpsqy_!!0-mtopupload.jpg,194,194,423.1955714820219
5672,O1CN018y9zNy1b2RyzTX0bZ_!!0-mtopupload.jpg,168,168,712.1334254281568
5672,O1CN017Zqu3U1WkLrs8drP0_!!0-mtopupload.jpg,168,168,25.75235668180431
5672,O1CN01i3vtpY1iOA4ELUKNq_!!0-mtopupload.jpg,168,168,712.1334254281568
5672,O1CN01ukFKMv1kRwZQAdP64_!!0-mtopupload.jpg,213,213,150.77677579713958
5677,vGAKq-TMTNeV5LTAlBj5ggAAACMAARAD.jpg,207,207,19.592619636168177
5677,ydJW6409RSKvBzpK1xzS0QAAACMAARAD.jpg,197,197,29.160089698285848
5677,fcg3fFELSXuinicx0-hYRQAAACMAARAD.jpg,272,272,16.999226850324966
5677,FjU3DCiVRJi-p0oNR-tAGgAAACMAARAD.jpg,199,199,39.31316879509633
5677,5H_5JzzcTemv0Pp6LV4d1AAAACMAARAD.jpg,253,253,20.88440340518568
5677,xwiaT4SHTLGOVAZCtHq9yQAAACMAARAD.jpg,319,319,20.795769846739546
5702,4AGq8NKSRuOp1uokfOiJnwAAACMAARAD.jpg,217,217,243.64456852291087
5702,gpZWgwFPRP-Iq02OHwMZPgAAACMAARAD.jpg,181,181,228.5828489517446
5704,EIpoK14ATmCiS-H_pM6kvAAAACMAARAD.jpg,155,155,208.16188448513893
5704,Sz6t1kxuSjqrB9PpBED6oAAAACMAARED.jpg,155,155,208.16188448513893
5704,4zN2JMNhQYWDS2AtX0u64wAAACMAARAD.jpg,137,137,315.2610117572203
5704,2G8MIAaDRluIS-ucQOWdigAAACMAARAD.jpg,206,206,179.66788085603702
5704,P-Bqr9U1Tqa9eJtGWudTxgAAACMAARAD.jpg,158,158,86.16342801700463
5704,IlaouobwQyib5LO0My4xMAAAACMAARAD.jpg,213,213,77.86345746535487
5706,55fo6TlLS8mFijkrYINs0AAAACMAARAD.jpg,278,252,81.85651084651944
5706,BmtxLNdXTdqX4SH1-mkYHQAAACMAARAD.jpg,241,241,845.5618370421935
5706,I-4jbqVlSyeXyWm3u8uXGQAAACMAARAD.jpg,288,288,449.8905644240203
5706,dE5D0FnIS42ZuBi1OUZO3AAAACMAARAD.jpg,216,216,890.8990477544007
5706,VH_MJsWWTsmHaQP-fiUEjwAAACMAARAD.jpg,245,245,1052.2248057822637
5706,dNTm6a6ZQU-tMrEpqKmLXwAAACMAARAD.jpg,234,234,85.57715308909921
5718,8quPjI33SE-iyYx4UOnjkQAAACMAARAD.jpg,444,444,269.8054845290976
5720,32mJ2Fl5TkCqbcWzhvZbowAAACMAARAD.jpg,343,343,30.50126461139385
5720,unXpdCHiSwq1IsIo2bI8PAAAACMAARAD.jpg,243,243,57.15250213831618
5720,1yv1XFmYQIqGC3ETpIuU2QAAACMAARAD.jpg,238,238,24.370292503718108
5720,bLTeDYoJSBixVjfTNNJNCwAAACMAARAD.jpg,328,328,16.077302887303937
5720,PXhnsQ6BSAW7VRUKjS1fswAAACMAARAD.jpg,274,274,38.51526520382304
5720,bFGitjnDRq-tq8QMMSegPgAAACMAARAD.jpg,271,271,58.55250000115833
5721,nJgaXjMbQz6gOoKCxrXfQAAAACMAARAD.jpg,161,161,222.19835928696827
5721,VhTnM3vfTZ-8xD9trXiLSAAAACMAARAD.jpg,228,228,760.7602677495955
5721,YogXrvTpT3CF9S-8BEORggAAACMAARAD.jpg,269,269,65.39571079964584
5721,5Ex230jYRSyT4TtBSWJ8EwAAACMAARAD.jpg,257,257,496.56594919416165
5721,Nr4fpTnSRWGdwsellE27SQAAACMAARAD.jpg,221,221,287.27782411524043
5721,B4vLF17OQ7iz0JDSOsJBYwAAACMAARAD.jpg,243,243,477.7850018562131
5722,spShQhU4QW2E7C_-GrtwBwAAACMAARAD.jpg,228,228,60.281045400369294
5722,tZ9Ffj0eTdiamVFL64HrAwAAACMAARAD.jpg,230,230,253.28125095715066
5722,dyxtW91GQ3m1hwcxGe6xNQAAACMAARAD.jpg,328,328,275.96999010530647
5722,qgavx9MpTKmRS4fnYbYGyQAAACMAARAD.jpg,193,193,1337.0280377408467
5722,_Gk8A1x2SNG4u7FHq0Ix4wAAACMAARAD.jpg,168,168,60.41670932828914
5722,bMTOZCIyTXCpPa4ub3bHTQAAACMAARAD.jpg,228,228,375.7319451854329
5749,CsysDwi5QjeJ03Wvg2F9SAAAACMAARAD.jpg,169,169,260.59889294766424
5749,yzkrh0IDQUS0CKZZtweE0gAAACMAARAD.jpg,254,254,20.198563264609014
5757,tJDuEYiaTTSKF7b-QNnRbgAAACMAARAD.jpg,188,188,839.8207813294752
5757,x22XN24XQiaxAuBA2h4LVQAAACMAARAD.jpg,165,165,290.86042956858006
5757,YKrsyS6qRZ-rCTySE0CuoAAAACMAARAD.jpg,187,187,690.0576699431476
5757,CKbkmQ4qQU2iTWtu0-Ek3gAAACMAARAD.jpg,165,165,692.2332887995069
5757,HqCc8PT8QMalF5QdbcP9UwAAACMAARAD.jpg,211,211,659.109203925113
5757,PYuk0PscTpKyg5nsQBOYZgAAACMAARAD.jpg,288,288,1334.118494568284
5759,uI5fw6x6QLSNO_eB4fXEZwAAACMAARAD.jpg,159,159,120.71722019493966
5759,lYGQmBMSTy-dsdIl44yVLQAAACMAARAD.jpg,260,260,85.95734148642379
5759,tQd1XCVwSy27_2CRPo0NAAAAACMAARAD.jpg,150,150,102.50396494024692
5759,crE-yGuKTyaiQLaA4borcAAAACMAARAD.jpg,185,185,12.514445045863189
5759,ZHZk4AZQS--WR22W_HmhtwAAACMAARAD.jpg,162,162,93.16901008557653
5759,x8Wo4mizQyiMb9ZQPKg2hgAAACMAARAD.jpg,158,158,125.91314736129817
5770,jV3ehro-TYitsrnBzUlcVgAAACMAARAD.jpg,160,160,287.4202917724609
5770,6s492Y5LR5Kto8OzVdvpHQAAACMAARAD.jpg,206,206,21.90343862068481
5770,AG7rU6obTP2cA80UVvA9VgAAACMAARAD.jpg,281,281,19.033232506835517
5770,C5W99xn9Rpmnq-8QffgzswAAACMAARAD.jpg,222,222,78.46665724277901
5770,5tv9hCixSeCiHja6EI7b6AAAACMAARAD.jpg,250,250,313.85328892825606
5770,gssR255rQKW-hXQD0Y7E_AAAACMAARAD.jpg,178,178,85.19906187583418
5778,hc_8dM3TTzeQxx1wn6w2ogAAACMAARAD.jpg,187,187,152.19140140335392
5778,KtjlPeKCRb-0vismjLY7MgAAACMAARED.jpg,669,669,172.17486023062474
5778,hL3x2UFYTb-fOuBIwUKJMAAAACMAARED.jpg,669,669,172.17486023062474
5778,imqELfCBQ0anyzmOWFa77wAAACMAARAD.jpg,669,669,172.17486023062474
5778,gO5e4wDlTpSBMkBADWucyQAAACMAARED.jpg,669,669,172.17486023062474
5778,40cC6HWzRva34jaC_YZZAwAAACMAARED.jpg,669,669,172.17486023062474
5779,jljP-9JORDyajV3g_xwG_wAAACMAARAD.jpg,264,264,240.4173345759511
5779,t7OjT-JkTe-fdqtZnMC8oAAAACMAARAD.jpg,263,263,21.988683682495733
5779,kI8JptLQRmKD74_JZNiHXQAAACMAARAD.jpg,249,249,49.565288662497544
5779,nAi--2AISa2-kG4iYClrZAAAACMAARAD.jpg,249,249,254.496327971081
5779,J4N-el7oSxaafAyjuSBgGAAAACMAARAD.jpg,251,251,66.64260567574762
5779,8QdADX6zQ3mS9dmE-VCOBgAAACMAARAD.jpg,228,228,44.69395359768284
5782,MfYoqfAzSxyKWkDANp68IQAAACMAARAD.jpg,194,194,760.8432715859004
5782,YoSHu2JrTOO6hQ5gU0XFegAAACMAARAD.jpg,189,189,1510.2368971776164
5782,wOtJM1xTQZ6YLMlLIsR6RQAAACMAARAD.jpg,212,212,1797.4386352756687
5782,uKy0yW2aSKGHTpR2lfUysQAAACMAARAD.jpg,208,208,2063.4070991875933
5782,3TWmN3cgR6O-z4Ry4M-TngAAACMAARAD.jpg,281,281,964.6576397439244
5782,ysnTdNgkTQ2KcesYGinCrgAAACMAARAD.jpg,305,305,405.3452876138041
5784,LNlPtwVGSl-ipHGlshPDWAAAACMAARAD.jpg,221,221,201.01131304408491
5784,8Qw6qRpuSFiqsPEqj_LOpwAAACMAARAD.jpg,194,194,896.5650849540675
5784,HuSWm8MwS8C21fYeSVVyagAAACMAARAD.jpg,216,216,276.63915011849855
5784,lFnXbsgySbe-RMVrti88KQAAACMAARAD.jpg,223,223,281.2971372190325
5784,PKvgCxspT06mVkCupz9C2QAAACMAARAD.jpg,311,311,229.24044690953315
5800,FzycvDuPSGu-ef2sruqE3wAAACMAARAD.jpg,258,258,358.060982883128
5800,0RdU88SNSb2s-y4NxFgNfwAAACMAARAD.jpg,257,257,693.5820185861704
5800,f4a1-1TxSRStvQAki3vjjQAAACMAARAD.jpg,161,161,3235.916113791404
5800,Xep9PWi-TnyRkBu-1lOpugAAACMAARAD.jpg,252,252,814.0276237231587
5800,qt9ydc-FTHqABlnv0E338AAAACMAARAD.jpg,220,220,342.6742118639437
5800,_QZZGgcwSouH-KhMhR6KcAAAACMAARAD.jpg,203,203,215.9949205046218
5805,zGfOrLgJRWq4z48tv9EHeQAAACMAARAD.jpg,235,288,41.72915152426905
5805,WONvMSM7TiuLnaBmvKNEiAAAACMAARAD.jpg,266,266,9.010585669719502
5805,WNf53_8ITqK97-33UL-ISgAAACMAARAD.jpg,269,269,105.8388585855324
5805,ee9SWo2zTeyS2Xh3WfHGaQAAACMAARAD.jpg,351,351,1162.4349110211388
5805,oUwFV4MkS2S9joIua_wkvwAAACMAARAD.jpg,186,186,46.22787858026074
5805,8uu1FfYMQXe3pxQOcXQR9gAAACMAARAD.jpg,331,331,308.415646175861
5814,RIZCEXosSOm6gQj1pn6RSAAAACMAARAD.jpg,270,270,60.57880626805234
5814,HqDGqYKiSIyabK5pfkisgQAAACMAARAD.jpg,903,477,117.14382750724975
5814,HekMXIAUTl2HXeAFu4VTAgAAACMAARAD.jpg,231,231,64.51127468883178
5814,A2fZWAEeTfWyTqA6MlIezgAAACMAARAD.jpg,244,244,99.27424313621506
5814,FqQ7Yv3sQqamD1XqNUNQeQAAACMAARAD.jpg,341,341,65.62772895251352
5814,8Sk3KFu_QmSMZX_JxB-X2QAAACMAARAD.jpg,286,286,67.66040343814353
5816,w9YQq4_NScePMhUzHiU7ugAAACMAARAD.jpg,159,159,58.11874358796269
5816,YDkF-IExTl-pKxGA-asCwwAAACMAARAD.jpg,207,207,42.53401874159929
5816,_YxN02DfQ7OUYkwftQP0QQAAACMAARAD.jpg,275,275,124.07912682440818
5816,aa7CED-ZTiSSG_-WFIoMkwAAACMAARAD.jpg,184,184,69.92592823636905
5816,pb5VFO7UQBWHMuwgRE5PHgAAACMAARAD.jpg,190,190,43.77898290835705
5816,hoWp7-3lQi-3jCssfpyVaAAAACMAARAD.jpg,209,209,42.030705379547804
5824,frdTcr-kQKe_ugKUa32pmwAAACMAARAD.jpg,196,196,335.3294814289502
5824,a_y5GjiXSBqOEP8KG75kswAAACMAARED.jpg,303,303,260.9625785034379
5824,95yWrxU0SHOjvzfmAl1GjwAAACMAARAD.jpg,287,287,348.999379177753
5824,uxwfx91iR5GKZanJd9Z42wAAACMAARAD.jpg,207,207,476.14180480906384
5824,s-goRr4zRqihodt8c49wvwAAACMAARAD.jpg,198,198,344.09137602172115
5824,9EtIyANfQc61eEfskXaVGQAAACMAARED.jpg,303,303,260.9625785034379
5827,8bqSm5suQB-TkC66R2F-lgAAACMAARAD.jpg,303,303,60.44363067157743
5827,Ej2g9nnhTLyYvf0RFPPZMgAAACMAARAD.jpg,230,230,921.9117808794994
5827,ZAn-g8hsST-RLZKUI_1_YgAAACMAARAD.jpg,278,278,313.034907291318
5827,gioGl7mwSCab39gMX8ARnAAAACMAARAD.jpg,200,200,247.3918358775
5827,omt8M0kmRMSuRUW91x_fLgAAACMAARAD.jpg,313,313,376.85410004571924
5827,1u5RC96DSSGhP-caETvXfQAAACMAARAD.jpg,288,288,957.687437762467
5836,NpL0Hs0eTzGvq6-Kp2J-RwAAACMAARAD.jpg,357,357,670.4089272651112
5836,BnMTwNDZTDic7PE_4wP9cwAAACMAARAD.jpg,285,285,579.4633248632697
5836,wIszWZIYQC224vOq0XhO2gAAACMAARAD.jpg,175,175,2936.8631374196752
5836,Kaf40bOpT5G9tQ2a92m9aQAAACMAARAD.jpg,270,270,229.44883715483
5836,4mdzWDyRQ82GuQWRmzSQBQAAACMAARAD.jpg,258,258,2000.3658241396365
5836,5-dDbF_HS_O0O2_34lIV9AAAACMAARAD.jpg,189,189,2903.5696440533025
5838,elfhVqTdQpWv6R3PsHqMjQAAACMAARAD.jpg,252,252,134.8035803465377
5838,frarTD7lTOqgeRc7RMPqNQAAACMAARAD.jpg,234,234,960.6866254249502
5838,jjWLPK10Q3S11BG3fnopQgAAACMAARAD.jpg,154,154,128.51572313473534
5838,KhYwboiXREiuD9ad__7GDwAAACMAARAD.jpg,221,221,205.145975303531
5838,YFn8FC0cQFGTffeP-0YugAAAACMAARAD.jpg,229,229,205.02267378145984
5838,8HPPNmXFR0O3msRIxa8WnQAAACMAARAD.jpg,222,222,171.28472297276383
5840,36L3Z5XgRFWtMVjSmPOSTwAAACMAARAD.jpg,273,273,1322.6445210875795
5840,VExaZWAxSUuI3YKpQvrnIgAAACMAARAD.jpg,226,226,370.53676801115165
5840,6RjEAJmWRo2IAW2PEigq5wAAACMAARAD.jpg,173,173,487.4212716830436
5840,8fDO2NZcTqetpeRD2liw8gAAACMAARAD.jpg,172,172,1302.2991560023072
5840,nkgYYoZXQzq6kUQOjL6cQgAAACMAARAD.jpg,227,227,507.401812232609
5840,xW1Mn56mRh-OB69ayDWmoQAAACMAARAD.jpg,336,336,516.352620812721
5842,QQxyNEuVSAWRtd0Fk3TSiAAAACMAARAD.jpg,204,204,61.5411456363233
5842,j00zrtFURoqtClI52lMJUAAAACMAARAD.jpg,194,194,124.86051034558274
5842,UGSrDzPcQN2snR0B29V38AAAACMAARAD.jpg,167,167,245.37910578777343
5842,4PnTMDonSgyab2bzQ-yK9wAAACMAARAD.jpg,270,270,54.39266704582447
5842,uwbM_KZaT4WXCQZJ66Ib_QAAACMAARAD.jpg,159,159,44.0985194066335
5842,J1O8TQTwTPSajGqg9HcALwAAACMAARAD.jpg,155,155,125.3907284421253
5857,dsoIAzfXQvGCsWjUbb4X8AAAACMAARAD.jpg,254,254,137.24303275768804
5857,25_WUrUGSRSwEQtlCIA78gAAACMAARAD.jpg,324,324,94.97618258911272
5857,9Z0hAJwqQ_Sp0MUIGh4b1wAAACMAARAD.jpg,205,205,134.9977171600854
5857,otcaKuZmTvi_QxerP6VRdAAAACMAARAD.jpg,357,357,34.245475615957155
5857,LkTAGmb3TGuGGZHU52brUQAAACMAARAD.jpg,231,231,342.9428273767865
5857,X7bAJ7tFSBG_4F661zvLggAAACMAARAD.jpg,248,248,167.28815484835854
5858,-6WHQxGYR3ej96FqYNv-hAAAACMAARAD.jpg,206,206,43.19125221018927
5858,g1oOHJOvS4qxd5DGYu64FgAAACMAARAD.jpg,220,220,79.12623679905744
5858,HMN8oNTtTIaofpt7eRl3dwAAACMAARAD.jpg,215,215,102.01825769256534
5858,XDjg9OcHR_imQ2hoka747gAAACMAARAD.jpg,207,207,52.52502923224359
5858,qHnFLmDMQMiYxAn70xvcRwAAACMAARAD.jpg,186,186,147.63616395051864
5858,MkS_FJIUSj-AkfBJ2KVoEwAAACMAARAD.jpg,272,272,72.68559418234325
5859,QiREoZZIR4-HVb2IYPQWXwAAACMAARED.jpg,1097,1097,318.3224155674151
5859,qvyQGoFhTm69RSHS-41E9QAAACMAARAD.jpg,628,628,292.1767724334411
5859,rPNyWMgLSMewMHD2BSt6gAAAACMAARAD.jpg,1097,1097,318.3224155674151
5859,wsFUWtimSpau8CNMYn1IEAAAACMAARAD.jpg,203,203,370.12062364132873
5859,W2GbcBOXQ8S9PGJqLQppPQAAACMAARED.jpg,1097,1097,318.3224155674151
5859,NEaQDqOzRj2kGdWgt4KrigAAACMAARAD.jpg,284,284,138.28388375910055
5861,5xr55tW6SGCb4W78k-0IXwAAACMAARAD.jpg,547,547,84.23915606505633
5861,oO24Om4hRGmWxTCA3nJ4iwAAACMAARAD.jpg,235,235,138.69188788496626
5861,Z_Hv1amYSOKoJUJcV5cxjwAAACMAARAD.jpg,336,336,329.12661751496415
5861,UB-NZRT8SxapdoqCNWuvvAAAACMAARAD.jpg,174,174,84.28852436978224
5861,tk4mOGEERLCxkiRM1WOXuwAAACMAARAD.jpg,168,168,244.60442730502717
5869,nLPicZeITKm4SZnyM0IhZAAAACMAARAD.jpg,267,267,779.7879453697542
5869,CGF0IrWnSRGBFZV0QP-bbAAAACMAARAD.jpg,168,168,995.532695172504
5869,P5hxM2vbRp-Tj8clXHs-NQAAACMAARAD.jpg,227,227,422.0861917883461
5869,qOv8xeZkRVeDHmMZ8t0QaAAAACMAARAD.jpg,330,330,410.93347041455536
5869,eVAexCuGQ-2ZHt6vXBAIlwAAACMAARAD.jpg,189,189,1047.3663564222688
5869,XX6adT1pTv6LJ-Njrj_c1wAAACMAARAD.jpg,275,275,480.7590706626487
5876,eHBYLvENTQGKAnE0v0CurwAAACMAARAD.jpg,243,243,453.28138390796937
5876,dsoua9awQ96zA43Lqf2KVgAAACMAARAD.jpg,340,340,139.07012442312413
5876,do9fiCurQMewDq6x14MTlgAAACMAARAD.jpg,306,306,78.835706651173
5876,5Oscl8XJRRC2rytTlGL-0AAAACMAARAD.jpg,215,215,433.8688085063741
5888,rMWpilyUToW_ESjYFAiCGwAAACMAARAD.jpg,261,261,473.6535797800772
5888,ZyHG3kTpSISXJaNBidsZFQAAACMAARAD.jpg,285,285,772.5128493025342
5888,njtY4KL6SaGt4JXiaTK7hgAAACMAARAD.jpg,225,225,2194.5098016869138
5932,JikNLX13RouEBv1bQPnkMAAAACMAARAD.jpg,236,236,99.96378693470002
5932,wlvKhmPsRnuzCvy0hg9dSQAAACMAARAD.jpg,219,219,115.11179776553377
5932,T3Ow5yM2ThqSP6KFh8RfwAAAACMAARAD.jpg,203,203,126.76050472246263
5932,rXxlFn69QMONIxtgsZJajQAAACMAARAD.jpg,262,262,40.446717757141606
5932,dGG2aRuKRkqEOETt9YkP4gAAACMAARAD.jpg,292,292,13.369011357599357
5932,7YkNrZhwSFKUwj4wGuhjBwAAACMAARAD.jpg,226,226,79.92547316474199
5941,xBdVq70UQVmGuGbRAbLiKAAAACMAARAD.jpg,173,173,69.55561447534713
5941,Gy5X3mM5RdSB0CqW4GSoGwAAACMAARAD.jpg,203,203,103.63614768613205
5941,OjXGrQwIRLe0jn5ENTl1XwAAACMAARAD.jpg,212,212,192.3668297355502
5941,f6GMYs9cRVe3Vy5EDVVBpgAAACMAARAD.jpg,216,216,175.91013514545534
5941,qyqNN_HDShqToEUCAcDKYQAAACMAARAD.jpg,354,354,332.7570288702321
5941,GkKIt_19Rh2gdu0uxH4mbgAAACMAARAD.jpg,190,190,39.23856053514015
5956,igBDl6ziSdODf-fpbtEL1wAAACMAARAD.jpg,207,207,8.824514951538816
5956,sXCLxmKsRfaVAGlXbY1y3wAAACMAARAD.jpg,279,279,41.45871569003687
5956,obyrOEluQJ2NMnX7G7GA0wAAACMAARAD.jpg,176,176,211.42337690319133
5956,IJnfoTCGRzy_PnKxNA20FAAAACMAARAD.jpg,238,238,107.82167129314496
5956,U1EDgPaORkycuNu19c1crAAAACMAARAD.jpg,187,187,99.51618064076807
5956,yUud5fmzR3q6UJMUV6hLQwAAACMAARAD.jpg,209,209,85.97028495930259
5957,bcn92ETmR3OJk3KR9IsmiQAAACMAARAD.jpg,290,290,638.0631426235118
5957,8iDXzLM4RtOtrlot95uL0AAAACMAARAD.jpg,160,160,15.57780121459961
5957,J1CtsgliQ_Wz7dWKjUh9SwAAACMAARAD.jpg,1505,1505,24.793484729602397
5957,AxQOGcN4RkCPWfcMhYgBuQAAACMAARAD.jpg,219,219,477.21828305414334
5957,0GdWO5icQbKwpuwrEKLdgwAAACMAARAD.jpg,175,175,19.240230313635983
5957,p_poUnC6T06GTFnucmRJSwAAACMAARAD.jpg,481,481,153.2162299375621
5960,kD-WZuK9Rae4NoG1n7HHwAAAACMAARAD.jpg,245,245,447.3401303115234
5960,7ACCezYsSqiEz-zehRjeGAAAACMAARAD.jpg,189,189,867.4851746002262
5960,VjekR6ueSNOq94VvNYUcgAAAACMAARAD.jpg,160,160,446.93642407073975
5960,1DUlr4dURtqhdRrCS69ZgAAAACMAARAD.jpg,226,226,331.9180889023251
5960,C7LFRq-yQ3al5ElDQWDhUAAAACMAARAD.jpg,191,191,291.2891092957213
5960,IsIe7tHGSEe9XWBTYTZTqwAAACMAARAD.jpg,193,193,576.8948392282349
5965,Z1qDRVboSz625P_djDkBSwAAACMAARAD.jpg,216,216,265.3356696624719
5965,IvmXxLWaQd-LKBYjjNz-zwAAACMAARAD.jpg,175,175,101.49809340081634
5965,Tt0AYk7ASkeS8q4TGaZ2FAAAACMAARAD.jpg,259,259,91.50530804814419
5965,32oZCggVTXitEpu5VNf6FAAAACMAARAD.jpg,152,152,69.10262968908263
5965,RZ0pi9gnRguCbwW_2IFLegAAACMAARAD.jpg,208,208,77.06553106727705
5965,bSowLH_QSz-W1UMpKjz0owAAACMAARAD.jpg,348,348,208.53466691020057
5966,kVx_E1ohTniMFhLQU_YaagAAACMAARAD.jpg,247,247,688.1900510761957
5966,zQs0kBsAS2mS20h_2hp37AAAACMAARAD.jpg,208,208,639.6926730820988
5966,8qks6YhlRy-wDJtrkIZaIgAAACMAARAD.jpg,254,254,217.24553662125027
5966,shv8oNWbQzuuIU83B0uJKAAAACMAARAD.jpg,195,195,2090.9434244514555
5966,HO658TQUQEWkFzwQclWO6QAAACMAARAD.jpg,173,173,1360.71695764822
5966,2d-0eWw0TDKv5kSoh012ogAAACMAARAD.jpg,165,165,271.4053065592059
5971,QdzTTlrGTCCQ1F9xM9w-rwAAACMAARED.jpg,349,349,258.35073471549316
5971,PWdM972oTLS4wJJ319jekgAAACMAARED.jpg,249,249,262.73217946384347
5971,6g8v5a03RwKTmcG_80RgNwAAACMAARED.jpg,1026,1026,147.5436132223433
5971,K36qV-IBRmOVon1zVvZi5gAAACMAARAD.jpg,314,314,210.20337430007876
5971,T9sfxIkpSdiBNdMd91kAeAAAACMAARAD.jpg,1026,1026,147.5436132223433
5971,6FeS5IF9S-6wW1rE2DkkNgAAACMAARAD.jpg,347,347,69.85443245561399
5973,lk6TjulLSlK2EtPG2bOT1wAAACMAARAD.jpg,242,242,280.5019174304702
5973,pJMeyxnvRPOCrS-s9zDN6AAAACMAARAD.jpg,301,301,12.522134486146927
5973,eub05Tg8Ri20vTxIGswtRwAAACMAARAD.jpg,285,285,12.754110363725811
5973,i_qZgpvUQ6CuKFZzKixaaQAAACMAARAD.jpg,261,261,71.04653214117813
5973,9OMvA3NtSGCRN6ymcLH-cAAAACMAARAD.jpg,260,260,64.70414598381534
5973,M00cOfTlQD-7SbSDoVEZiwAAACMAARAD.jpg,178,178,319.1001180638017
5977,oAlUaNt0SoOd1pDlZebq6QAAACMAARAD.jpg,185,185,5097.232624325445
5977,46wgkuZZT6eVVCnVPQgrpgAAACMAARAD.jpg,175,175,2172.366904580158
5977,i9DxLNTFRVa_ErPFgVJ3uAAAACMAARAD.jpg,304,304,364.9796250231849
5977,xEkROLFrT8eZz88qyGMUDgAAACMAARAD.jpg,241,241,52.13424337113971
5977,w3FwASvhSDy_zI6aKPh33gAAACMAARAD.jpg,282,282,390.2345910078857
5977,elFmGazMSCiTA9cBKwcuMwAAACMAARAD.jpg,203,203,3095.4625050015484
5998,8BujMxsVRvWOAhf1DW4HXgAAACMAARAD.jpg,201,201,131.5987457024731
5998,RJaJONp-R9-6Wg29qPh_MQAAACMAARAD.jpg,279,279,20.46874196473169
5998,ORZnfTwMTGmDKW-_9Zm_cAAAACMAARAD.jpg,161,161,785.0697409639446
5998,zusOFo_RSsqRAqtrfJ1fEgAAACMAARAD.jpg,184,184,23.937259174594626
5998,s5_LPbJATXy82lMu1uSeJQAAACMAARAD.jpg,170,170,75.33919663198478
5998,xPWXoOz0RJ2uGy381aUq9wAAACMAARAD.jpg,177,177,186.84130457200015
5999,J9zK50Y5RvujoRzPnQkXBAAAACMAARAD.jpg,315,315,54.611399104562
5999,2A23mcKTRe6iwvdle-DnoQAAACMAARAD.jpg,264,264,376.35512389157054
5999,dTUY37UVRheaLCsCQ6X01AAAACMAARAD.jpg,329,329,354.09836224263717
