dog ID,nose print image
0,x1FVNAVSRniPE0kHchH0IAAAACMAARAD.jpg
0,--1WCesjS6CGTNbuCcv8NwAAACMAARAD.jpg
1,EJoldD9BQa-1oWZ57aRkpwAAACMAARAD.jpg
1,-27kQ7i7TMOodSpjIF219QAAACMAARAD.jpg
2,BFA2N6-BR2aFcqHRAosZggAAACMAARAD.jpg
2,-4oePjYiRX-aV_Lrg7G2bAAAACMAARAD.jpg
3,-6-Ry_lpQjqzZxDu3PCnKgAAACMAARAD.jpg
3,vFGEdTYzTli7XP9jMfG_nAAAACMAARAD.jpg
4,-7WUbGMHQoGn3fpAl7WSsQAAACMAARAD.jpg
4,Gs_VXfglQ1uqNELmSMQ2AQAAACMAARAD.jpg
5,bVawogFLRMGgpEn-gggk4wAAACMAARAD.jpg
5,Nn2K7XlPRN6-6s7i9tRnFgAAACMAARAD.jpg
6,aRf1VxctTU-hDMezmgAeKQAAACMAARAD.jpg
6,PlKKBn3jQUOWl-hlh6NR4gAAACMAARAD.jpg
7,GaHS4xtJRXi4HDSd5y7nmAAAACMAARED.jpg
7,-AmS43fuRgusYi5axPxikAAAACMAARED.jpg
8,8f-IUpl5S2-IQZux0VQReAAAACMAARAD.jpg
8,-As8_KWaRZ2NO_sEkUNJfgAAACMAARAD.jpg
9,-DuiPyToQ4eFeDUBzzCF8gAAACMAARAD.jpg
9,ZIcebtM1ToeiKA-KiwDZagAAACMAARAD.jpg
10,-Q7Iddl8ScWwzEwmvqvfaAAAACMAARAD.jpg
10,BFrYDvJtTs2QjfYVjHjaJAAAACMAARAD.jpg
11,pQLLS2bSSeCwQZOwh-RTfAAAACMAARAD.jpg
11,aKeb2TpgRXCFb3aPc7y1cwAAACMAARAD.jpg
12,-Yj1zKInQ-m82GtqixWWDwAAACMAARAD.jpg
12,9Jk3jsLBRT-kgaJa0QWJNAAAACMAARAD.jpg
13,-cw63sDVSW-EsXazEFxPjAAAACMAARAD.jpg
13,Cj5Y0AZMSrOgo-jlMzzcPgAAACMAARAD.jpg
14,-hBG_IPDTwSmrMs1wOIb9QAAACMAARAD.jpg
14,BnhIj1knTS6mWBEEEUtseQAAACMAARAD.jpg
15,-tvD7MC7TnOavsCMNRMa1wAAACMAARAD.jpg
15,3_yX8wYSSMOThYbeUUxO_AAAACMAARAD.jpg
16,xWeAM_byQl2YIleXvUvoIgAAACMAARAD.jpg
16,0BIGWyjLRf-C897Kili9dgAAACMAARAD.jpg
17,MWSUcvwnTUKsblBW4G47AwAAACMAARAD.jpg
17,y9fE5oRMTkGfsPxYpIl-8gAAACMAARAD.jpg
18,r5q809uJQU6HYDf4JvEHqQAAACMAARAD.jpg
18,0H3KfrmYR4ComBTewWhrbAAAACMAARAD.jpg
19,0_8uT774TpSSHKSU0SHhyQAAACMAARAD.jpg
19,0HFSLHuCQp6ZBreVp4Fa_wAAACMAARAD.jpg
20,2Ms3dlCkTvOiO2ZioSbdvgAAACMAARAD.jpg
20,0JzDsyJjS5mf_hnGozDvfQAAACMAARAD.jpg
21,0Mvkkz39TH2tkudI1XlPMQAAACMAARAD.jpg
21,DjO8wTNMR_ieqYCe-ePJoAAAACMAARAD.jpg
22,0Ny63zPCS9ysyd3gLgUvjAAAACMAARAD.jpg
22,ZRKfyt9VShO381lRRdDkIAAAACMAARAD.jpg
23,0O2iPDQeTK--bGSHHxHfBwAAACMAARAD.jpg
23,kd_uZtDlRaifqsuyJyohOAAAACMAARAD.jpg
24,aAo2mqHzQMC2yv7xSV4f4QAAACMAARAD.jpg
24,0V1yIHp_RXywGzQoL3mLMAAAACMAARAD.jpg
25,p0G8Z8h1SIOFChHiqu5LiwAAACMAARAD.jpg
25,XKYWXD9QTm6gAkEEoKzFWwAAACMAARAD.jpg
26,0aDUq2lvTm--83ctWLYX6AAAACMAARAD.jpg
26,kE3l861gSMWXBi25FmbHSAAAACMAARAD.jpg
27,U6vyZMADQ8e3KzJ1339Q5wAAACMAARAD.jpg
27,cvremTAXQcSBaCd8ATRaVAAAACMAARAD.jpg
28,0e__s4eGS6SpKGXgxChF-QAAACMAARAD.jpg
28,bRTtheSZSmmYF1ioTxt0agAAACMAARAD.jpg
29,0exEUosxQFWZh7qo5ZflXQAAACMAARAD.jpg
29,YCnN_3VFTO2VYWpj0ptDGAAAACMAARAD.jpg
30,5xyaF3KWROmlAB-9CGFaaQAAACMAARAD.jpg
30,HidaYynLQNu5b-d8L-sbZgAAACMAARAD.jpg
31,RKJAj1YoRjC2dsRPBILjswAAACMAARAD.jpg
31,0p4VZIC7SIWzl8HefrOwEQAAACMAARAD.jpg
32,Z0Fb1S4jSIK3hwO5vYm8eAAAACMAARAD.jpg
32,12IrQN56T9KopgJSKGAR8QAAACMAARAD.jpg
33,chNJGYMLS8O7edkLMidvpQAAACMAARAD.jpg
33,14Sk1sFPS9WFfhgKnPJImAAAACMAARAD.jpg
34,Lo3UGSr8RD6LqcVOA3XY6gAAACMAARAD.jpg
34,194nygddRhu_YkApbn3okAAAACMAARAD.jpg
35,QVFc13xcSWGlCOzzDsvE5wAAACMAARAD.jpg
35,Dzn0BHWiThaVsOIXPZvCWAAAACMAARAD.jpg
36,Yh4KHqgtR2eecVl-P4N5LwAAACMAARAD.jpg
36,1Cxhvj2kRTaTE7bL8MnjgQAAACMAARAD.jpg
37,Rk_wd_64R8aBVjwjgJ4YpwAAACMAARAD.jpg
37,X7ytu22nRqmm4gf4B5h4iAAAACMAARAD.jpg
38,q6MLjJ9iQvqIZJhmpHccBQAAACMAARAD.jpg
38,1E6zXUBURMC1mYhRyNeVcwAAACMAARAD.jpg
39,1Fww4v8WRKub50mxQN6STQAAACMAARAD.jpg
39,cvPmlgBJTHymCPZD9SWipQAAACMAARAD.jpg
40,1INpPwenQf-cISW2D6KG4AAAACMAARAD.jpg
40,9cN_Vmy-SdmC6I9HkOHGaQAAACMAARAD.jpg
41,1Kb5iBYBRye4d0-Oz4znSQAAACMAARAD.jpg
41,WCW0-NaOSaSzjrpM2C2qagAAACMAARAD.jpg
42,1MZpvttoRh-drL4qedF50gAAACMAARAD.jpg
42,hE-Z3_geTWGpLPjokd6nigAAACMAARAD.jpg
43,on_ZpPM-S9WHmlUxYg2zfAAAACMAARED.jpg
43,1OWb1h0MTvaTz2XnfN7jZQAAACMAARAD.jpg
44,1PLAbwAaTceWI_L_43eI0AAAACMAARAD.jpg
44,NxPlQIBFTHmptNX-I0AXUQAAACMAARAD.jpg
45,1Xy4-13hSkOJ4A0ByMDxugAAACMAARAD.jpg
45,T7QboMPLQXSd73r7eNNf-QAAACMAARAD.jpg
46,1_JpMmcORJaT6rJy4uyj3AAAACMAARAD.jpg
46,bI1IQ9OSSreYcDKtspUqCQAAACMAARAD.jpg
47,dFbCm0MjTAWJCZ7E8aABZgAAACMAARAD.jpg
47,9bjBn2ezRO2d0EfshswHVQAAACMAARAD.jpg
48,1gTbWOPKRxWWXV1Twp18pgAAACMAARAD.jpg
48,PpgUGHaeQpajhCRFvoc6QgAAACMAARAD.jpg
49,6RWnbX2cQ6K6fNqRw__MlwAAACMAARAD.jpg
49,1jTIRxj1SO-w03azEEkYjQAAACMAARAD.jpg
50,1nB5kcEdTOG6RcPXk-WWgwAAACMAARAD.jpg
50,26Tl-eY4SwOHp7DPB8T-HgAAACMAARAD.jpg
51,wsBor-5SSH-1_67f6HOEcAAAACMAARAD.jpg
51,1oEY9xsZRbK1y_egWyUWfgAAACMAARAD.jpg
52,81QKOyOpRhylU0vjkjQEBQAAACMAARAD.jpg
52,1pRUK2iNST67MzgulFB1PQAAACMAARAD.jpg
53,1slKLwaqQp6OKwaa5HhGOAAAACMAARAD.jpg
53,FAS-i0c-Ry6CnQfZRFGJygAAACMAARAD.jpg
54,YOBroeTpR4u94j0Q2MDmOgAAACMAARAD.jpg
54,1xB4LZXbT8SCNlWnwZg0MgAAACMAARED.jpg
55,O1CN01HaM3oo1vSMlMsjdIo_!!0-mtopupload.jpg
55,1y81tC3tQMKcui6uNqa_MQAAACMAARAD.jpg
56,gJA2I1mQSFOVPDlsXYN6VQAAACMAARAD.jpg
56,26CHml4kShuqPfrGb7dUxAAAACMAARAD.jpg
57,AdmM6jNdSXy9L7GsHCmKCwAAACMAARAD.jpg
57,29cI8st5TyidxBakfetUeAAAACMAARAD.jpg
58,yuEJFg1XQ7CVeptFZ56LQwAAACMAARAD.jpg
58,2O7tVC6uS4GzCDEyF6t6kwAAACMAARAD.jpg
59,2RmlvX0TSv-QwI77cgDNdwAAACMAARAD.jpg
59,V-iR_1iIReymXFdIZuNSmAAAACMAARAD.jpg
60,wtnqwGsnRDSPKz95VZc5XQAAACMAARAD.jpg
60,2TTLGgKSTV-DprvrzanF9QAAACMAARAD.jpg
61,8FUNnya8RdGpxExJaWm5TgAAACMAARAD.jpg
61,W4tNaYTIRLmlrWM251lH2QAAACMAARAD.jpg
62,2de_YM5xQRC37gWNMrZQKgAAACMAARAD.jpg
63,2fbw6YsuQL-0GD4brd4TDAAAACMAARAD.jpg
63,lMGZ8QDKRwuvo00qlLpysgAAACMAARAD.jpg
64,2tGoIs2xTPSgXzzRCi-LpwAAACMAARAD.jpg
64,R4EK3Ty6QRebnlwzwXmG3gAAACMAARAD.jpg
65,KyU_NncnTYW9p18jCzDUKAAAACMAARAD.jpg
65,31b_Ux2HRZCuWOaS96efxwAAACMAARAD.jpg
66,3K-HhmgPQdS4uYPkY8WsOgAAACMAARAD.jpg
67,SOAXBQXMSK-BIhjtvfHKIAAAACMAARAD.jpg
67,3NUALQdsSVmMyu7c7u8l0wAAACMAARAD.jpg
68,3V35QfPWSoqzef15kCx-cwAAACMAARAD.jpg
68,P34F0ulcRLaUrOaH-GwJ0AAAACMAARAD.jpg
69,NKncZu8VRpWkCw3WaZobNwAAACMAARAD.jpg
69,4tfSMnLASTaEY3XqHy050gAAACMAARAD.jpg
70,Q1Xej0F4R0uuyDUCymeEXwAAACMAARAD.jpg
70,3bB4QurLSeu7J6SbDp1JowAAACMAARAD.jpg
71,Q-sE2K2bSY6l-K5cdnLP-gAAACMAARED.jpg
71,c9vEZwXtRyO1Dr4tu5XrvQAAACMAARAD.jpg
72,MStjIU5rRQWb4MVuPu0QaQAAACMAARAD.jpg
72,3gB2zqGmT7CWJIjmzYCmiAAAACMAARAD.jpg
73,uoNkLPGnRNOqH_yV42o3QQAAACMAARAD.jpg
73,lLTl5XePR4SzC-RVord1CwAAACMAARAD.jpg
74,3pG665G9SOCFGIDOP7VbZQAAACMAARAD.jpg
74,3qNCVcwwRiCeOIi8rJoYYwAAACMAARAD.jpg
75,Em6Xu5WRQiCBPAow6O_RnwAAACMAARAD.jpg
75,3qqQP4gyQVaY8lxdzMP3LwAAACMAARAD.jpg
76,_1ZT1j2QQ5aPmkwcF9EoEQAAACMAARAD.jpg
76,3zqb_KCtQAiqxLWHdfbJyAAAACMAARAD.jpg
77,OuN9OzXCRwiYPj0wLisEZAAAACMAARAD.jpg
77,47ymwyd1QsqbViNjyNjN1wAAACMAARAD.jpg
78,YLRFU4XmSUWPc1ZuI2MFfgAAACMAARAD.jpg
78,4AwrU-mNQX-oaQn9fjtY3AAAACMAARAD.jpg
79,5dO2KH9RS-eNA_vrdB6VCAAAACMAARAD.jpg
79,4EvdwbH3Sm2P6OuejmZ8nwAAACMAARAD.jpg
80,4Jr3oK0pTGecuoM12qlLngAAACMAARAD.jpg
81,4Ke-2XvdThmYKxN8eRLK4QAAACMAARAD.jpg
81,qGLKtLD7TMeM-UqPEGqLwAAAACMAARAD.jpg
82,Dnf0Jn0CRdWiIIaixMDIsgAAACMAARAD.jpg
82,4Sur526FQg2TfGd-CTbX5wAAACMAARAD.jpg
83,4TKEDc2OT8GQpE_7fCwL0QAAACMAARAD.jpg
84,cfVYgviqQsCzfjXKlhxUPgAAACMAARAD.jpg
84,4W3Wk2rOQrWE8ZHS3mnxhAAAACMAARAD.jpg
85,4XLT9us-QKC9CLt1PyczfwAAACMAARAD.jpg
85,QBVPgfagSrmRib_t9X9NfAAAACMAARAD.jpg
86,4XryRPFfR2GrA0zsgnlshQAAACMAARAD.jpg
86,mWVr7Q4PSYyuR3vZB4QPzgAAACMAARAD.jpg
87,ZspH4PJHTMyC9mHZMCggDQAAACMAARAD.jpg
87,4_SXKLB7Toqtwvygy8UB-wAAACMAARAD.jpg
88,4izpQY_ORsWeQ-ha7MGRFgAAACMAARAD.jpg
88,J3HIb9m0Tr29yxmuQ2xGoAAAACMAARAD.jpg
89,4mw6SVoISymW8c1gMoCXHgAAACMAARAD.jpg
89,IYyXaJ7DRaeEifuqKLBw2AAAACMAARAD.jpg
90,4oOeoXTiSS-xAMxYrQjtywAAACMAARAD.jpg
90,G7PidNTjRp2iTxVjoAJZnAAAACMAARAD.jpg
91,Lgvj6lJ9TMih61uTWQfJFQAAACMAARAD.jpg
91,4qj8yk7XTWq2gJ_KWt96OAAAACMAARAD.jpg
92,4rPGYMJvQ3GQauzM9Luh6AAAACMAARAD.jpg
92,zr27bALRTeKqO58Vjh6G4QAAACMAARAD.jpg
93,wjXYmNU2Tr26fAWzSKyOLgAAACMAARAD.jpg
93,5249-aaOSPOBubU1PG33kAAAACMAARAD.jpg
94,673NfuzZTmiVu038Ac2gZwAAACMAARAD.jpg
94,588egRH4RkKOqPcnfgHmpQAAACMAARAD.jpg
95,lgHanubVQAKWsiCtVVolIAAAACMAARAD.jpg
95,5MLvZOmWQQ20wEB_mybxoQAAACMAARAD.jpg
96,PUcVMuFfRI663YVRjPHnJAAAACMAARAD.jpg
96,5cm0SI-BT3WYpFEhiHAzRwAAACMAARAD.jpg
97,bOapbbGVSLeCKkXGt3S4yQAAACMAARAD.jpg
97,5hf0-w5vSOKIy7eIDvTvRwAAACMAARED.jpg
98,5k-EFqClRSK9zhxI9tfGVwAAACMAARAD.jpg
98,BBbW-C1LRW65XyRXxv2UTgAAACMAARAD.jpg
99,7PcrW92GR_69VQoRRS27_gAAACMAARAD.jpg
99,5o3iuoWfSz-WdQ7lp72YJwAAACMAARAD.jpg
100,LTeNv9IfQseoaoYM_1zBvAAAACMAARAD.jpg
100,6-CEG_PITNiy5JJQFrPeGgAAACMAARAD.jpg
101,621wi4EwS42dYynnR_l34wAAACMAARAD.jpg
101,9AYQMl-wRh6scZ-7eWYOYAAAACMAARAD.jpg
102,6H1QjZy-TG2uuqDZRNXLEgAAACMAARAD.jpg
102,J-uirbPTSd6Whut6AjOGHAAAACMAARAD.jpg
103,VLGLNWLySveBFjBPNYJQWgAAACMAARAD.jpg
103,6J14ivvYSRqWNkrZHC2xJgAAACMAARAD.jpg
104,6Kd5QDnARGmypFb30qCpogAAACMAARAD.jpg
104,FjzZQoP8T7m1GmjO-7SkLQAAACMAARAD.jpg
105,6LQuaL7aS6eSyWnGj2BOGQAAACMAARAD.jpg
105,gz78UdEIQWO5X35p2Y4C1AAAACMAARAD.jpg
106,KS3E64lsTLGLY4H8AipyxwAAACMAARAD.jpg
106,6OR6TfihQsK5cRm1KR_3lQAAACMAARAD.jpg
107,br9YoFyoQiaHGx-Vo7q_OgAAACMAARAD.jpg
107,6awDKm3ZSdWj9ZmfR6BsMgAAACMAARAD.jpg
108,ylvevxq1TxSeoCNmPRdk1wAAACMAARAD.jpg
108,6ekJxaktSuSvUiMbeWBbrAAAACMAARAD.jpg
109,vEVzuVj1QVKjWZ73RiuHngAAACMAARAD.jpg
109,6rEULL0tS9KKsUmJy-Fp6QAAACMAARAD.jpg
110,LDfT0mNhSGi7xnzpKXvDuQAAACMAARAD.jpg
110,6rtjaCu-QMSM8SfgzE_CbAAAACMAARAD.jpg
111,JmJmVhI3QKSzut9bU7jmBQAAACMAARAD.jpg
111,6tXLIt0ARzSHnUrSSjNbkwAAACMAARAD.jpg
112,zCy7-GLQSeqoZ3bEA-Q8zAAAACMAARAD.jpg
112,6w5JvhZrR1SYbUt7RnMZVwAAACMAARAD.jpg
113,6xedCjWaRHiWGPtjcs2AdgAAACMAARAD.jpg
114,70ioJ8o2SxOX-FFrW5vuqQAAACMAARAD.jpg
114,kh9msp5cRq2RQPAwJXRqwwAAACMAARAD.jpg
115,yJLvDvAuR5qo6WdqdDXJsAAAACMAARAD.jpg
115,71YSaELuSuyRTAz7UL9K8gAAACMAARAD.jpg
116,75595eQcSGmjkaicsOP74gAAACMAARAD.jpg
116,RYR1C9XvRIGuAIjASCYziwAAACMAARAD.jpg
117,9dNV6nFySi2v1hfNLGT7OAAAACMAARAD.jpg
117,76z1U1-FQTq8dVUd9rWdiwAAACMAARAD.jpg
118,79TX8q5RR_OzcEWDiZfrvAAAACMAARED.jpg
118,dPN9I7M_RRK5o__siqgkgwAAACMAARAD.jpg
119,79rNIVn4T6-caEkiNSPDawAAACMAARAD.jpg
119,xVVi-4MTR5Kq4Zuy4G9jzgAAACMAARAD.jpg
120,7UWUNnUWR2a90eSuNWGQZQAAACMAARAD.jpg
120,W17BigdxQQG214W8iFsbxAAAACMAARAD.jpg
121,7ZkUDcBWTLCETyBUTSsBMgAAACMAARAD.jpg
121,W3htim7hTsKH-rNj4l8aqwAAACMAARAD.jpg
122,7blOhGwvSuaVCz6K_Ou4OQAAACMAARAD.jpg
122,ftuEBPM4TqeUFbo1F5_VjQAAACMAARAD.jpg
123,oYEHKIh7QNCZ0NdOYlyJMAAAACMAARAD.jpg
123,7cJ9a1ewQ02fhYLqSKuSvwAAACMAARAD.jpg
124,ULiY9tovSoauekIG4tHfkAAAACMAARAD.jpg
124,7uI0C9G-RMGbfitynex8QAAAACMAARAD.jpg
125,_7VVMA26Rb-o5JZdBOQGeQAAACMAARAD.jpg
125,7vXkRRmwS_emXKpX_tTrrAAAACMAARED.jpg
126,F70tpw3dRVO8KjDgI5VDcQAAACMAARAD.jpg
126,8-PkP37ZSJmYN3tWwfIMkAAAACMAARAD.jpg
127,ZSyVCWODQxKAVuVP06UprgAAACMAARAD.jpg
127,82X8GSEDTT6OLao8aea5sAAAACMAARAD.jpg
128,ViboYpfoTWa0henKg6oobAAAACMAARAD.jpg
128,8Gceror8TkyabUUoen-gAQAAACMAARAD.jpg
129,DZaYo6XVR66T0yynhsYoFQAAACMAARAD.jpg
129,8Py0vt62Q8C9zZxD726dOwAAACMAARAD.jpg
130,G91VGsjiRVaRqWf6gB_H8AAAACMAARAD.jpg
130,8Yz2MTtiSaWvbd8vwBTvkQAAACMAARAD.jpg
131,dzmOx_EpRVub9gHydlNVdwAAACMAARAD.jpg
131,8aRTtqmRQEqB_F_eofY65wAAACMAARAD.jpg
132,hZJNrwsRTxmvvl_S-a5jywAAACMAARAD.jpg
132,8nwEFnh1QF2CbWuOTHNHsAAAACMAARAD.jpg
133,SNqcO_uSToSxo2YQewjytgAAACMAARAD.jpg
133,8xBsYu54SSOuElB4WEk6PgAAACMAARAD.jpg
134,92rVAv1mR4-vlS1G-U175QAAACMAARAD.jpg
134,ue-sGy7OS_CTzRlHfpNKOAAAACMAARAD.jpg
135,94FFvmA_RqCiHMvan2sQxwAAACMAARAD.jpg
135,m2cvZeDEQFO3uG9GwNa9fAAAACMAARAD.jpg
136,9BN3zUEnRsGR2eTJDCMK3AAAACMAARAD.jpg
136,DLWO8JJrRiqesOKutnp8gQAAACMAARAD.jpg
137,9P_J45qIS2aLPMhSvxdi0QAAACMAARAD.jpg
137,PVH3f0jwQCSITn9t3UdydwAAACMAARAD.jpg
138,9R4nQX-4SQqSSylyda56eQAAACMAARAD.jpg
138,IPC4Hu3sRymuoCu2dX_NbgAAACMAARAD.jpg
139,9SCfr0lYTbmnLACb9HuP5gAAACMAARAD.jpg
139,NmQEygcyR_y8s_Soo6o_0wAAACMAARAD.jpg
140,9Uiv3OtxQbmSM5egLplCPwAAACMAARAD.jpg
140,CoKUiVwKQCyRq3CzkH2c4wAAACMAARAD.jpg
141,liA36NMaSiaCbIQ2suzNEQAAACMAARAD.jpg
141,9o9J2AVcQYmm26rquX6GiwAAACMAARAD.jpg
142,srg93w4WSJ2LKlCcJWhI-wAAACMAARAD.jpg
142,9ujomu1XTzSE8yhDFk98cgAAACMAARAD.jpg
203,jfZa22ynRtutL9wWpHmiugAAACMAARAD.jpg
268,F5Zh80AsSzC9yvUZ1MQVEgAAACMAARAD.jpg
281,z4-nBJvzQEKVGCW6TA7avQAAACMAARAD.jpg
297,O_4vmXNnTeScsXkScRsTJQAAACMAARAD.jpg
378,O1CN01rek9XL2HxREAZK0gy_!!1065539217-0-antinsbiocamera.jpg
387,O1CN01COwpky1gFni1Rcudp_!!6000000004113-0-antinsbiocamera.jpg
448,gyjQCsf8TeKQ75hQD_UzVwAAACMAARAD.jpg
452,UuilqR07TCGzQs2pHRMKvwAAACMAARAD.jpg
493,hUrTycxVRWOxMeNDfnbpBAAAACMAARAD.jpg
517,PWO2-q1nTEyGxEj7ifaBLgAAACMAARAD.jpg
519,MQIVSnBdReuOTJi9h2j2VAAAACMAARAD.jpg
566,p_xAF_EDSJW56LhW_uuQHwAAACMAARAD.jpg
577,UQ9u7m5_SKCRhyFfP10LDwAAACMAARAD.jpg
765,BRWY6k1aSz2TMGiFKvWLVAAAACMAARAD.jpg
814,ZtGhH7maQu2iJpScugopQgAAACMAARAD.jpg
916,HOjBtvmpSaSUtxFELLRHUwAAACMAARAD.jpg
997,O1CN01DjtYD02GKg6p9E7cd_!!173768997-0-antinsbiocamera.jpg
1008,O1CN01HXz2BU25LAfjySmUf_!!0-mtopupload.jpg
1017,O2hmsS0jTmSzvq6lWLEk9gAAACMAARAD.jpg
1039,i810dUL4SaK1Lx3xzTTGFAAAACMAARAD.jpg
1076,hdBC0fY1SIWPHoyYjpNL2wAAACMAARAD.jpg
1098,Fc2iiqpERjqMa6_BkqAA8QAAACMAARAD.jpg
1225,fG5ktDozQlO-MvDutSW2gQAAACMAARAD.jpg
1241,N95gyrCBTVmdAWn-1IUScQAAACMAARAD.jpg
1313,N2gPBfkUSwyODfkDa0MjfgAAACMAARAD.jpg
1379,O1CN01It6HIR25MXrSmb4N4_!!0-mtopupload.jpg
1385,oPSG9-PeShagweLNMN6iZAAAACMAARAD.jpg
1396,VAtWzrPpTretoKqZprDRSwAAACMAARAD.jpg
1440,O1CN01NsJWqz1CMGqHy4s3W_!!6000000000066-0-antinsbiocamera.jpg
1445,O1CN012CYTzZ1xlGHiOzz3Y_!!0-mtopupload.jpg
1455,A4t664kFT1aBdPMoWGwprQAAACMAARAD.jpg
1455,HKF1kVrhQm6QbuwJoEPNOwAAACMAARAD.jpg
1456,A6zlGF_DQPanGDBaHNzEjwAAACMAARAD.jpg
1456,HSCimDw8QqCuv_toBL3IIwAAACMAARAD.jpg
1457,ljqXvzTfTX-BCaXVWKKpCgAAACMAARAD.jpg
1457,A8vwHHBgR4eNRwwr7eqMRQAAACMAARAD.jpg
1458,ACQZrcGXRya75kOh4EqHVAAAACMAARAD.jpg
1458,DAizUGVvTWCdPU3KweaAdAAAACMAARAD.jpg
1459,SOtiKj0eRiyqX7JglCEiRgAAACMAARAD.jpg
1459,AI47oan4TeSxp_QpnNg9QwAAACMAARAD.jpg
1460,AJAf_1nnRVeOUlb7tp-5GAAAACMAARED.jpg
1460,dvvTH-NvR3qO2QCA2y2R6gAAACMAARAD.jpg
1461,sPZASvyQShKhTzSOSJCIygAAACMAARAD.jpg
1461,ALIbTbFCQgOFFOSMOyt0QwAAACMAARED.jpg
1462,ndJe23SBTRiyXdRD8sQ71wAAACMAARAD.jpg
1462,AMEWyYNuSVGHSWJheOiexgAAACMAARAD.jpg
1463,h5KqKZzRT1Gmoomh5vfKDwAAACMAARAD.jpg
1463,AMhBKyaeS6eo5aVQyBEwnQAAACMAARAD.jpg
1464,Smz1ajB8RQu7r0vCE2PMmwAAACMAARAD.jpg
1464,AuClH1R2R8C1RuoYf9NGUQAAACMAARAD.jpg
1465,Ax7ZEOHtS0ak1yD9srjZBAAAACMAARAD.jpg
1465,EikOxJ15S-atlgQUk6A-GgAAACMAARAD.jpg
1466,fNQTxuFnQ_ii-6hJHdwyggAAACMAARAD.jpg
1466,B6uYe7L2RtuObAMMplrGGAAAACMAARAD.jpg
1467,dkORxcBaR_yee-k6FCfVmAAAACMAARAD.jpg
1467,BLfubprlShi9jLAO-5FnCAAAACMAARAD.jpg
1468,QIOkXKeKQzigfSvTq3omCgAAACMAARAD.jpg
1468,BR6D2IbVStqt4llT_hVFIAAAACMAARAD.jpg
1469,rbjqpI2QTFGGuUNfTmnJgwAAACMAARAD.jpg
1469,BRBd98gzSTiYvpO3SQAnKgAAACMAARAD.jpg
1470,rER2wk1ZSkaDeS9sxJbG4QAAACMAARAD.jpg
1470,BUm2rigfR1OWAJ3v7bAQDQAAACMAARAD.jpg
1471,BfLpdt3vReqC6eeztepsSAAAACMAARAD.jpg
1471,BqnShoHOQsqv0kMYs1288QAAACMAARAD.jpg
1472,Bv4tfSpQQbCXL7WjQU1fDQAAACMAARAD.jpg
1472,ZP3uv5liTXuZE63xq4tfHAAAACMAARAD.jpg
1473,W7gQ26T0TXy6W7LeJfDkZgAAACMAARAD.jpg
1473,BzUNpMMdQFyQkLdlV53svQAAACMAARAD.jpg
1474,IzcrgHfmRxCqY0BdYB5NfgAAACMAARAD.jpg
1474,C8JSANdmTkC13ywqDCFgCQAAACMAARAD.jpg
1475,C8TazVwiSM-CR0ZKZ8Am6AAAACMAARED.jpg
1475,qpALDgiKR6mSmC54y4dfEgAAACMAARAD.jpg
1476,CGcHiPReS927jUTUlyNxCwAAACMAARAD.jpg
1476,Y5CTWn32QcC0no774I1iIAAAACMAARAD.jpg
1477,igHuIG7IS8SUynFpYHe_ywAAACMAARAD.jpg
1477,CXNW0JeDTMaJABeidHCmkAAAACMAARAD.jpg
1478,D9t9NkgYRzupJuesOGFFxgAAACMAARAD.jpg
1478,CfKv21PwT-i2xZi5qaAfAAAAACMAARAD.jpg
1479,dSsXqRt7SvCAv0k-uQUkfQAAACMAARAD.jpg
1479,Cy7Xh3ZKTqKrIhFjK6H60AAAACMAARAD.jpg
1480,Cyujg6tHS123VaL_tKCx9wAAACMAARAD.jpg
1480,WisugtDCS9addMkVSyIBvAAAACMAARAD.jpg
1481,D8YdL-SsQZ25owE4Knx0RAAAACMAARAD.jpg
1481,WZo64dcbSVeYQGiDaGAPCQAAACMAARAD.jpg
1482,J_mTkLulR8maeKKDyFtKQQAAACMAARAD.jpg
1482,DA5L_xzIR3W3CnO6wt4kPAAAACMAARAD.jpg
1483,DLZVPeVCRUWyU79R98aBYAAAACMAARAD.jpg
1483,jvz9yIoERLCm2WPaxN-DLAAAACMAARAD.jpg
1484,DVsMc-UBQB2zoLcRNMaokwAAACMAARAD.jpg
1484,gZTYCGcbTk26HuFE68NUxwAAACMAARAD.jpg
1485,O1CN01pOb8bX1dmMx74Pisg_!!0-mtopupload.jpg
1485,DZYpm-pAQQmS2LKqsQlc3AAAACMAARAD.jpg
1486,DZa0jq6jS4K8nLLOctO_ugAAACMAARAD.jpg
1486,giTIkHuBS76hQJ4_8Q0XZgAAACMAARAD.jpg
1487,TX-FAyiRSZ2wM7PLo85zwQAAACMAARAD.jpg
1487,DjSkiQDFQbCA1jFAX6o39gAAACMAARAD.jpg
1488,nDytPZ_hTEquUAUfy4YbIwAAACMAARAD.jpg
1488,DkKx3yaWSnen5aDYm0lnfAAAACMAARAD.jpg
1489,FXWpSfuvRsyZNO5l5KxOugAAACMAARAD.jpg
1489,Dkgi6XjdRdOkTGSgqsr53gAAACMAARAD.jpg
1490,DohFw64NRPKo8O8mm5WB0wAAACMAARAD.jpg
1490,KjxZdPJgQDSjHffQQJtBewAAACMAARAD.jpg
1491,a98wvHqnQyuY-r21rlx0CQAAACMAARAD.jpg
1491,DpIprnmwRc6VakcaISeOPQAAACMAARAD.jpg
1492,alAzIzqHRVyCA60240kzSwAAACMAARAD.jpg
1492,DxXl7S2QTuaayQg-Bm39VQAAACMAARAD.jpg
1493,vneyM7ZUQKmBMRbDugHaWgAAACMAARAD.jpg
1493,E6Bu9nywSc29ZzjRE59fTgAAACMAARAD.jpg
1494,EAPFqwAIRL-7oNVe9bulgAAAACMAARAD.jpg
1494,y8Nif92iQeGIpIZ6ZEnNnAAAACMAARAD.jpg
1495,EC_SSOPbRoCOSV-P4p6xoQAAACMAARAD.jpg
1495,EDAZ0ENwQgSB5nhjcC4yEgAAACMAARAD.jpg
1496,LsXe40XNSuS2vtnHs0WZWAAAACMAARAD.jpg
1496,EE9zZ8pUTRuSapotBEPMigAAACMAARAD.jpg
1497,ElPW0KggTNeHxMBZ5GxYqwAAACMAARAD.jpg
1497,IT5LC0l-Qu-eYtNt4a9ykQAAACMAARAD.jpg
1498,EnDbuQcNQxmoRlp96icb5wAAACMAARAD.jpg
1498,_60PlQV-T4mSVinlgAuVvwAAACMAARAD.jpg
1499,ZJa1nb8DQuW1rhKyGFA7XwAAACMAARAD.jpg
1499,FDCJxSn-QYqG90NxDKs-mgAAACMAARAD.jpg
1500,dj8Go5XcTmmgWHMpqd-e-wAAACMAARAD.jpg
1500,FTcM9WHqQNuP2bgRklRZqQAAACMAARAD.jpg
1501,xXNOW0qgTv60ptmrjfw5zgAAACMAARAD.jpg
1501,FY6Ss9d6T9-xM3eY_s5W7gAAACMAARAD.jpg
1502,FpCOFmiYQb2OVWMzbGFqswAAACMAARAD.jpg
1502,bn35mD0lQ4uFZy_ENqrDDAAAACMAARAD.jpg
1503,FtITz9-lQUipSiULnONSXQAAACMAARED.jpg
1503,wTa63xfNQxG8sEiMjkMamAAAACMAARED.jpg
1504,twl6wrAhQdKSzuf0qS7EmgAAACMAARAD.jpg
1504,G-ejN2KmTDG-xZupGckuuwAAACMAARAD.jpg
1505,GAHgd6CVQGGvYrFl2W7XCQAAACMAARAD.jpg
1505,oPQHfdKJRGO2HLvonw427AAAACMAARAD.jpg
1506,i1hVUvMGSEyEI1QmEGTk9gAAACMAARAD.jpg
1506,GAhJFW-TRdWLk4Cu6ZsjVQAAACMAARED.jpg
1507,r6X6XWClQ5y88xr3IFonbgAAACMAARAD.jpg
1507,GFJusJ-gSBS4XoKOyozYjQAAACMAARAD.jpg
1508,dy0iOSwgRZGlfbvpAm_22QAAACMAARAD.jpg
1508,GHhdmpfTRiKsbQi4pcQwQQAAACMAARAD.jpg
1509,GQNoS3D0T_2uxIvSPO6xXgAAACMAARAD.jpg
1509,SRPvgWLQSjuX1m92klEJ-gAAACMAARAD.jpg
1510,OREnCiSSTJqg5L9v1CUMPQAAACMAARAD.jpg
1510,GZeM55iNRPyezoZecoCghQAAACMAARAD.jpg
1511,jlol6d0aTT-9OtOVHyvH9QAAACMAARAD.jpg
1511,GcFMeDJjQYu_jeF6_BiZrAAAACMAARAD.jpg
1512,Qxp1j4zWSTGXiymlXHBHgQAAACMAARAD.jpg
1512,GjVl3Se4SyGhX2-4zE05KwAAACMAARAD.jpg
1513,H8bnWJB7TcuTlzJw5rmOnQAAACMAARAD.jpg
1513,yTlEIAxjQ-mgir62LwAHDwAAACMAARAD.jpg
1514,ZTyQ5hwuTlCNzvPldRbtIQAAACMAARAD.jpg
1514,HR5l2Hk6TzC4_G2o2jhIsAAAACMAARAD.jpg
1515,rBw0wUvyRzeC4YSKd30GZQAAACMAARAD.jpg
1515,HWNANFS7SHa0l24KI9ncRgAAACMAARAD.jpg
1516,HYcjr6YYTw-Ng0f9ExA4IAAAACMAARAD.jpg
1516,NoIzVJbVTAydK0mNzNc6sgAAACMAARAD.jpg
1517,HbtKFpPWRw-VvKoFEPqBjgAAACMAARAD.jpg
1517,dLbF22WJR8aK1EOOKz2xGQAAACMAARAD.jpg
1518,HffzVbhQQp-YMxqR1Tkn1wAAACMAARAD.jpg
1518,gNinLsvbTL6LbAxSL3nALQAAACMAARAD.jpg
1519,I_LdsF4AQ7SOYbHv_Q_UfQAAACMAARAD.jpg
1519,HksLd8AEQ9OXfGip9GdRdQAAACMAARAD.jpg
1520,nZpapD_gQ9GGZYfB9-y7qwAAACMAARAD.jpg
1520,HlGQx0VKQmi1TLpeQ750wgAAACMAARAD.jpg
1521,I2_5OMZRTNuN8UWJCzufZQAAACMAARAD.jpg
1521,et75wYjfTnm0h2pHGZ1J1wAAACMAARAD.jpg
1522,IAvyD0AiQ4OwkmalJT3MTAAAACMAARAD.jpg
1522,_SUC4mTATxmFB4YorxKAxQAAACMAARAD.jpg
1523,IMz698zuQry6ZXzk8-XW0wAAACMAARAD.jpg
1523,Jf8aLDfJQBWBpzMnsDSmEgAAACMAARAD.jpg
1524,IS7fJ2kqR1qRw9vUOW2UQwAAACMAARAD.jpg
1524,flKCvELiSti6EClhChP08gAAACMAARAD.jpg
1525,RquVxigaT0iaIzi2803OpQAAACMAARAD.jpg
1525,ITe94uS8QmCAlfB325IXMgAAACMAARAD.jpg
1526,P-1wYRu3Q3OJKaUV_x-sXQAAACMAARAD.jpg
1526,Icd67HphRdix2wfNUktcFAAAACMAARAD.jpg
1527,IhRK6Kc4Q7iuiUsttGK-SQAAACMAARAD.jpg
1527,JydQNtz6Rbi3xwUKc9JICwAAACMAARAD.jpg
1528,IhjFdR_QS1W3SBgkh4GNNAAAACMAARAD.jpg
1528,kSEY4k_dTiOeQGyIeqRpXQAAACMAARAD.jpg
1529,IuO6HPG6RbO9Sx53nWLVIQAAACMAARAD.jpg
1529,PG8g7joMRg21Wwau9Z3RMgAAACMAARAD.jpg
1530,IwYzHbxQROW8eTlE-XigkQAAACMAARAD.jpg
1530,auCRE80uTt-OMAVnFrFhLAAAACMAARAD.jpg
1531,IwvoqBI5TWeJoTAF8YTJlAAAACMAARAD.jpg
1531,ewYrSsQqQKCtkfzPKoRmqAAAACMAARAD.jpg
1532,L0XW12mxRjSBgydoODBhDAAAACMAARAD.jpg
1532,J0X_L8jNTdCUJExbqWkZVgAAACMAARAD.jpg
1533,J7TdR3nsRqGAYzYjONxzEQAAACMAARAD.jpg
1533,Ko09ZlxpRU-9KUuVMLYsMQAAACMAARAD.jpg
1534,lQENuOuzTL-61qFaoDlkBgAAACMAARAD.jpg
1534,J8iR6WWcShaPm7ZxDfSLGQAAACMAARAD.jpg
1535,JQG1KHcTRPGepTwtTm435AAAACMAARAD.jpg
1535,ZXFHV9y2TQ2dm-y4NpygKQAAACMAARAD.jpg
1536,xwFWCNqrTX6jLaMA0GD40gAAACMAARAD.jpg
1536,JQlKxS4sTqG5RsIt_oFdWAAAACMAARAD.jpg
1537,J_hsEgOaQ2mFlzhPdLthMwAAACMAARAD.jpg
1537,ME1iGYI0ST6q1_4m3W8ejAAAACMAARAD.jpg
1538,r7Bhqb5tQj2jt33AD7MfBwAAACMAARAD.jpg
1538,Jvi_uAx6SNuCSuIyOc_QEgAAACMAARAD.jpg
1539,sBRQhsFLQq6Z6RDBCYpUpwAAACMAARAD.jpg
1539,JyTOnomRSAid1Ap7bI4BugAAACMAARAD.jpg
1540,KCtj0psuQuWm6KLniTpB0AAAACMAARAD.jpg
1540,vDXsLScXQkKIhcmr3h0KbAAAACMAARAD.jpg
1541,KEi0oI2NRP2a6F09nB6TzgAAACMAARAD.jpg
1541,VpDiYePkQgGncEqIab6T_wAAACMAARAD.jpg
1542,OWkdMlbRQTOagoJopFjOAAAAACMAARAD.jpg
1542,KYK7wE_URu-jWlUdAW5VSAAAACMAARAD.jpg
1543,zwD5QGqcQA-vdV7t8OpC-QAAACMAARAD.jpg
1543,LES5N_edSlSFJJM9HG8zWQAAACMAARAD.jpg
1544,LF1_EJvXR22NlR_TqG6wVgAAACMAARAD.jpg
1544,vSQyKwb8STevTzOFPml31QAAACMAARAD.jpg
1545,Lb8wKJOjRRWWtt6C1d2sDAAAACMAARAD.jpg
1545,lDHa9-8aS7CB22rVk7E_1wAAACMAARAD.jpg
1546,LjbcuCEmR02mLZmj2xCHGQAAACMAARAD.jpg
1546,l_LodMXESX-dVBVf23SwEAAAACMAARAD.jpg
1547,OykXYO8ARJCvhvU8mIN4FwAAACMAARAD.jpg
1547,LyEYseadQv6kl-bFHQ6MSQAAACMAARAD.jpg
1548,MRCsueZCSfOPp5Mwz5zzewAAACMAARAD.jpg
1548,heBQDY-ARhqLYvmee2MuDwAAACMAARAD.jpg
1549,MdxCo5dGRuy0vH6PRSdIUwAAACMAARAD.jpg
1549,hw0E8r8tRQmorTrTZ6HWeQAAACMAARAD.jpg
1550,Q3P78v-cS2-UuDDbsdRM0wAAACMAARAD.jpg
1550,Mjh6ClhGQb2DF6OmxswK4wAAACMAARAD.jpg
1551,MsnDcdBaTFu1_3aDvJQiNQAAACMAARAD.jpg
1551,is7VrVxxTsymiLKUXw-qCQAAACMAARAD.jpg
1552,MyZGFfIORPuFfYRuDI6YJQAAACMAARAD.jpg
1552,TXUWRhIJSIaVE22TTIDOGgAAACMAARAD.jpg
1553,h9FbHKWuRVajkEODCPs61wAAACMAARAD.jpg
1553,N92qn09gQiakHbn-keRHQAAAACMAARAD.jpg
1554,gvjqEucCSaiVbyZjVkmt9AAAACMAARED.jpg
1554,NbbT5FFdRiCtects9W1lcwAAACMAARAD.jpg
1555,ObET9GMpRfiOh62451NYtgAAACMAARAD.jpg
1555,NmW3by98TDePqklrQAsFQQAAACMAARAD.jpg
1556,OV7FrkE7Q-aNE2zMG1SH2QAAACMAARAD.jpg
1556,NougR75SRraRgfYzdDG-XAAAACMAARAD.jpg
1557,Nvti5UtKQDuUSaLNto8gywAAACMAARAD.jpg
1557,lFQKKIZUTgyqEkMgsTkMvwAAACMAARAD.jpg
1558,O1CN0104FoMx1yVWHhOfdbc_!!0-mtopupload.jpg
1558,O1CN018fSwOS1SPVNUSLvkX_!!0-mtopupload.jpg
1559,O1CN01uN4vRE1w3vBfl5JIV_!!6000000006253-0-antinsbiocamera.jpg
1559,O1CN0105fKLn1ZqiDY7wYjN_!!0-mtopupload.jpg
1560,O1CN010Jp40w1n6pF7BEiki_!!0-mtopupload.jpg
1560,O1CN01q5Smhj1LwkuYLq5Om_!!0-mtopupload.jpg
1561,O1CN010YaE0k1twvuhJZ4V6_!!0-mtopupload.jpg
1561,O1CN017EIaGS1FyEP9zlveK_!!0-mtopupload.jpg
1562,O1CN010Z2gdw1StjcW7ggKN_!!2606422305-0-antinsbiocamera.jpg
1562,O1CN01Hgyejj1StjcW7mBRf_!!2606422305-0-antinsbiocamera.jpg
1563,O1CN010mg8V31Ekf3NE6mwI_!!6000000000390-0-antinsbiocamera.jpg
1563,O1CN01k8qdQF1luczcLjM2p_!!0-mtopupload.jpg
1564,O1CN011BhA0r1jsDg5p8Obg_!!0-mtopupload.jpg
1564,O1CN01qZN0Vz1DOqZZbJVFX_!!0-mtopupload.jpg
1565,O1CN012Ehlfg1m6XI5zUFoF_!!0-mtopupload.jpg
1565,O1CN011KDyuV1P9WiQ9Vr2W_!!0-mtopupload.jpg
1566,O1CN0123Urq61VtDvMrwouv_!!0-mtopupload.jpg
1566,O1CN01NuIqXi1SueJKihpNr_!!6000000002307-0-antinsbiocamera.jpg
1567,O1CN01yspsUu1u08iFH1BCF_!!0-mtopupload.jpg
1567,O1CN012cy4hu23AWEL2cY7g_!!0-mtopupload.jpg
1568,O1CN012llyHN1iZbyE1Idvs_!!0-mtopupload.jpg
1568,O1CN01DrEyy51plFOJpCSGt_!!0-mtopupload.jpg
1569,O1CN01phlRzH1cTIowouRsf_!!0-mtopupload.jpg
1569,O1CN012xoP931DesR8hnbMP_!!6000000000242-0-antinsbiocamera.jpg
1570,O1CN0134JuxX1Q9MBOyQNCG_!!0-mtopupload.jpg
1570,O1CN01thBmnc1Sl1zVJJEpt_!!0-mtopupload.jpg
1571,O1CN014XAsCh25ljcJY8ZPV_!!0-mtopupload.jpg
1571,O1CN013Nk3bw1GR5MBa8F1U_!!0-mtopupload.jpg
1572,O1CN01Dt0uMn1SdFGLqfLhV_!!0-mtopupload.jpg
1572,O1CN013PBRy41gsGsMn2muR_!!0-mtopupload.jpg
1573,O1CN013TVTJq2JKAOlfLPFR_!!0-mtopupload.jpg
1573,O1CN01Bn3ENK2JKAOpnhAqg_!!0-mtopupload.jpg
1574,O1CN013lhKx71oiD85DE5Ac_!!0-mtopupload.jpg
1574,O1CN01YjbbQt1LfLnXFyDbH_!!0-mtopupload.jpg
1575,O1CN01RFNyuB1HfZV1z5Btp_!!6000000000785-0-antinsbiocamera.jpg
1575,O1CN014Ikerx1GKfoK2nF0U_!!0-mtopupload.jpg
1576,O1CN01O2ZQVQ1FXD2FrVQhN_!!0-mtopupload.jpg
1576,O1CN014dZJHM1K7czZz5W1M_!!6000000001117-0-antinsbiocamera.jpg
1577,O1CN01V0Q8Yz1eH3SbYh367_!!0-mtopupload.jpg
1577,O1CN014pvSiY28yxuE9KagX_!!0-mtopupload.jpg
1578,O1CN014wi2vf1Vu8idsba7u_!!0-mtopupload.jpg
1578,O1CN01aYgUd41sXSGNZSrGy_!!0-mtopupload.jpg
1579,O1CN015bmR6R1yx039tBBEo_!!0-mtopupload.jpg
1579,O1CN01qZXvPX1nWTKpXkDOc_!!0-mtopupload.jpg
1580,O1CN01x7JLCo1beSrIPVREV_!!0-mtopupload.jpg
1580,O1CN0165M4S11iqYcsF6ls4_!!0-mtopupload.jpg
1581,O1CN016MAyZk1hOKbNOnbtw_!!0-mtopupload.jpg
1581,O1CN01FFmqdw1xz0AHWVHlB_!!0-mtopupload.jpg
1582,O1CN016Nj96k1PAtttvF0da_!!6000000001801-0-antinsbiocamera.jpg
1582,O1CN01jhdokc1qGqfdH2xZd_!!6000000005469-0-antinsbiocamera.jpg
1583,O1CN016hr2hX296kdYv1CGB_!!0-mtopupload.jpg
1583,O1CN01CcMIcT1OaGDVe7Eyy_!!0-mtopupload.jpg
1584,O1CN01Y91ahv21NDxUBTgZo_!!0-mtopupload.jpg
1584,O1CN016qIawe21V0gwI6weR_!!0-mtopupload.jpg
1585,O1CN01HhirUA27yDeDUDMeC_!!0-mtopupload.jpg
1585,O1CN016yXbAk1cjn6pSjC60_!!6000000003637-0-antinsbiocamera.jpg
1586,O1CN017MJfXh1n0PdYFKEj2_!!0-mtopupload.jpg
1586,O1CN01E9oIg01GIqFrfoG0C_!!0-mtopupload.jpg
1587,O1CN017QWGTa1vIkOOD6q2u_!!0-mtopupload.jpg
1587,O1CN01cXIMtw1uSXF1jxJIG_!!0-mtopupload.jpg
1588,O1CN017USeqG1YlqOJHDnvy_!!0-mtopupload.jpg
1588,O1CN01Ehiyp61StjW9pSwer_!!0-mtopupload.jpg
1589,O1CN017qSgh91rPNfMATjY9_!!0-mtopupload.jpg
1589,O1CN01aUsfGF1rPNfLJyqGZ_!!0-mtopupload.jpg
1590,O1CN01IbUgl91kjLcnXrTjY_!!0-mtopupload.jpg
1590,O1CN018W5eF023GTLwr7f5G_!!0-mtopupload.jpg
1591,O1CN01TsoyMT1b4jzaOEMTm_!!0-mtopupload.jpg
1591,O1CN018p724X1PVVkldyEBD_!!0-mtopupload.jpg
1592,O1CN01ogc0ws1hahICbAJ44_!!0-mtopupload.jpg
1592,O1CN018sLVWZ24qU6mucEyH_!!0-mtopupload.jpg
1593,O1CN018vmioG1c0Rrv2EPTG_!!0-mtopupload.jpg
1593,O1CN01kb6SRQ1YBf6Q0FUqh_!!0-mtopupload.jpg
1594,O1CN018yqW5N25z16QKHqDV_!!0-mtopupload.jpg
1594,O1CN01r5M7kk25z16Oup36G_!!0-mtopupload.jpg
1595,O1CN0190Z8rN1OHU2SPBLmK_!!0-mtopupload.jpg
1595,O1CN01P8VjaK1K9Sdk2NwjY_!!0-mtopupload.jpg
1596,O1CN01ASnUXB1omn3vpvlLG_!!6000000005268-0-antinsbiocamera.jpg
1596,O1CN01Te8Fhq1RYppbow0MG_!!6000000002124-0-antinsbiocamera.jpg
1597,O1CN01AncEon1YqQLyOUOR1_!!0-mtopupload.jpg
1597,O1CN01hvzPU222C3v4s9ZdE_!!0-mtopupload.jpg
1598,O1CN01JjIogC253JCTSV582_!!6000000007470-0-antinsbiocamera.jpg
1598,O1CN01BlzkRJ1USpU7BHcCu_!!0-mtopupload.jpg
1599,O1CN01BrdiUJ1quEjaV45Gw_!!6000000005555-0-antinsbiocamera.jpg
1599,O1CN01hvyKm61n978VZdohp_!!0-mtopupload.jpg
1600,O1CN01DT31kD1HKVHNhRNpU_!!0-mtopupload.jpg
1600,O1CN01BwRMnq27cEdFFHOWo_!!0-mtopupload.jpg
1601,O1CN01CUtqGL1HHku7Q7zkR_!!0-mtopupload.jpg
1601,O1CN01DzuzRw1TKIUUdL174_!!0-mtopupload.jpg
1602,O1CN01CxixwH24eZoOGs8hF_!!0-mtopupload.jpg
1602,O1CN01JRtI9N1fuGzQPfuHn_!!0-mtopupload.jpg
1603,O1CN01aw25wm1sB0xWLZtNZ_!!6000000005727-0-antinsbiocamera.jpg
1603,O1CN01DFFLrX1x62jrrMD61_!!6000000006393-0-antinsbiocamera.jpg
1604,O1CN01DN1h1l1i0nv9XSorI_!!0-mtopupload.jpg
1604,O1CN01seOBTn1qPYEAc2hoU_!!0-mtopupload.jpg
1605,O1CN01DnP19N25zTXpb2Snm_!!0-mtopupload.jpg
1605,O1CN01xRIObX23MQXpch9b5_!!0-mtopupload.jpg
1606,O1CN01RJLSSe1NLm6M7ON9l_!!0-mtopupload.jpg
1606,O1CN01DxdqZC1VvVvwXczit_!!0-mtopupload.jpg
1607,O1CN01nlWQ8924J3FgwdZoz_!!0-mtopupload.jpg
1607,O1CN01ELxeYw1qgUuLZosVJ_!!0-mtopupload.jpg
1608,O1CN01gIp2Hg20n2fUq2nY1_!!0-mtopupload.jpg
1608,O1CN01Eqfrxs28G55dOxWQG_!!0-mtopupload.jpg
1609,O1CN01t9fPvk1hEiHZYI8E1_!!0-mtopupload.jpg
1609,O1CN01EyyKNS1RcV08Cj4yP_!!0-mtopupload.jpg
1610,O1CN01FJVTZY1C6EtSQvXFD_!!0-mtopupload.jpg
1610,O1CN01l66khY1NKOuhF79mV_!!0-mtopupload.jpg
1611,O1CN01FqRhYh1iv8aO0oyOP_!!0-mtopupload.jpg
1611,O1CN01W8psit1tylUpqyuqB_!!0-mtopupload.jpg
1612,O1CN01GFLjqn1xAcb9x4NUL_!!0-mtopupload.jpg
1612,O1CN01Na8qAs1GYs5hUmXEI_!!0-mtopupload.jpg
1613,O1CN01GLwdL01gFLD4bqiWw_!!6000000004112-0-antinsbiocamera.jpg
1613,O1CN01Lay0dQ1p9grhU7HqL_!!6000000005318-0-antinsbiocamera.jpg
1614,O1CN01GWeItW1e4glf3jKGp_!!0-mtopupload.jpg
1614,O1CN01mYjeH61cTlDX2iYNH_!!0-mtopupload.jpg
1615,O1CN01GhtbuB1Lpsx73yNbd_!!0-mtopupload.jpg
1615,O1CN01QPBQ821d3UBIU7ewX_!!0-mtopupload.jpg
1616,O1CN01GysssP1XbToQsyRAG_!!0-mtopupload.jpg
1616,O1CN01si1sho1Z02feMopQV_!!0-mtopupload.jpg
1617,O1CN01H3k8Zg1kHrt0yJy5R_!!0-mtopupload.jpg
1617,O1CN01fg6xlw1o0hVHIllfa_!!0-mtopupload.jpg
1618,O1CN01Uuyhhb1w0iPmtbPoE_!!0-mtopupload.jpg
1618,O1CN01HCQeM91SSFkvNtI9L_!!0-mtopupload.jpg
1619,O1CN01HM8CiV1CqUru1EEme_!!0-mtopupload.jpg
1619,O1CN01XYpSDs1qLQdG1FUJk_!!0-mtopupload.jpg
1620,O1CN01I3s6BG1ZwCyCrN5vq_!!0-mtopupload.jpg
1620,O1CN01M6doUa29WOoqL5DYG_!!0-mtopupload.jpg
1621,O1CN01yKTMH71SqWkSUNkLY_!!0-mtopupload.jpg
1621,O1CN01IN9csv1OAc2RPn1ZN_!!0-mtopupload.jpg
1622,O1CN01T0HQf91LllJSbF2Sp_!!0-mtopupload.jpg
1622,O1CN01IXmmsr1mPlvJFhiWm_!!0-mtopupload.jpg
1623,O1CN01dBgYxJ1JDIHJw0iOO_!!0-mtopupload.jpg
1623,O1CN01JBnX3G1bUqXWiz6U0_!!0-mtopupload.jpg
1624,O1CN01Kk361u1wfTfFNEvU8_!!0-mtopupload.jpg
1624,O1CN01eliDmD1UUCfs1oqZJ_!!0-mtopupload.jpg
1625,O1CN01KwkPvP1SSFktMQ6xu_!!0-mtopupload.jpg
1625,O1CN01rlO9Be1FasCj4me7f_!!0-mtopupload.jpg
1626,O1CN01t38mIN1ORYgx80P49_!!6000000001702-0-antinsbiocamera.jpg
1626,O1CN01L8AinV1NAKAgFOZG5_!!6000000001529-0-antinsbiocamera.jpg
1627,O1CN01LAOCGr1p3jiUI44Xp_!!6000000005305-0-antinsbiocamera.jpg
1627,O1CN01Qj3jl425pOmolmUKz_!!6000000007575-0-antinsbiocamera.jpg
1628,O1CN01LAjGpR1N9PRH4pQ5s_!!0-mtopupload.jpg
1628,O1CN01qpzJx529RoutcZgrd_!!0-mtopupload.jpg
1629,O1CN01LHQFhG26oJSo2lXp5_!!6000000007708-0-antinsbiocamera.jpg
1629,O1CN01WcgVfr29pdSFwoaBU_!!0-mtopupload.jpg
1630,O1CN01N0p4uh273svbU4KKF_!!0-mtopupload.jpg
1630,O1CN01gzhZog28OmcJXCpjf_!!0-mtopupload.jpg
1631,O1CN01mqpa581sB0xRAC4Ld_!!6000000005727-0-antinsbiocamera.jpg
1631,O1CN01N9u1hC1WSUWgROWOS_!!6000000002787-0-antinsbiocamera.jpg
1632,O1CN01Th0IfE1NBhMQPgY9T_!!0-mtopupload.jpg
1632,O1CN01OxALCy274niqJzgcB_!!6000000007744-0-antinsbiocamera.jpg
1633,O1CN01PNOL8Y1U5vgVb5RY7_!!0-mtopupload.jpg
1633,O1CN01i8wSmF1DKj0dKOC2C_!!0-mtopupload.jpg
1634,O1CN01PaV44229QRimiFgp3_!!0-mtopupload.jpg
1634,O1CN01h0Ggre1STAbFshJT1_!!0-mtopupload.jpg
1635,O1CN01Pjq2xX1fgX6quZTjg_!!0-mtopupload.jpg
1635,O1CN01ZJzuV91fgX6nhHZfl_!!0-mtopupload.jpg
1636,O1CN01Q1JGIb1vNmkWOx1rO_!!6000000006161-0-antinsbiocamera.jpg
1636,O1CN01eIWvER229lwGKljr7_!!0-mtopupload.jpg
1637,O1CN01QopWIZ1u7T1O7Hrxo_!!6000000005990-0-antinsbiocamera.jpg
1637,O1CN01nAtwTZ1PQTMoehIj8_!!0-mtopupload.jpg
1638,O1CN01hB9qF41VsJAEYnmTi_!!0-mtopupload.jpg
1638,O1CN01QxZIMB1UeHPysT7EI_!!0-mtopupload.jpg
1639,O1CN01RBrDTv22ncOpmwjWH_!!0-mtopupload.jpg
1639,O1CN01giL0AZ223onFkt6NE_!!0-mtopupload.jpg
1640,O1CN01RT3Bwt1exeIMabKan_!!6000000003938-0-antinsbiocamera.jpg
1640,O1CN01UjtDbI1s0w91Kuguy_!!0-mtopupload.jpg
1641,O1CN01i6mico210K9YeYLWV_!!0-mtopupload.jpg
1641,O1CN01RX7ZZG21axqB3gbEB_!!0-mtopupload.jpg
1642,O1CN01TexN9x1LoVh07ftvZ_!!0-mtopupload.jpg
1642,O1CN01Ri6Web27pyW6Nq54f_!!0-mtopupload.jpg
1643,O1CN01SOhBmQ1XolKhQ8HUn_!!0-mtopupload.jpg
1643,O1CN01qqiZP11bqpaIyOhxv_!!0-mtopupload.jpg
1644,O1CN01mYz9hJ1Nbo2g0mEPr_!!0-mtopupload.jpg
1644,O1CN01Si7a1E27T4oxpHfsM_!!0-mtopupload.jpg
1645,O1CN01lW07Lu24T7ytnC2ws_!!0-mtopupload.jpg
1645,O1CN01U7SK5X1ugjagnXmxm_!!0-mtopupload.jpg
1646,O1CN01ucPT3b2723OqL6YJc_!!0-mtopupload.jpg
1646,O1CN01VPVJEb1tU511mhxqM_!!0-mtopupload.jpg
1647,O1CN01Wz6bkN1CFOnpbJOfr_!!0-mtopupload.jpg
1647,O1CN01ZRgWUr1qzjV4DxVZy_!!0-mtopupload.jpg
1648,O1CN01X9t0im1izG9IJfXFr_!!0-mtopupload.jpg
1648,O1CN01eQ7UKK1Tn9RVG0Nkc_!!0-mtopupload.jpg
1649,O1CN01XEhBqR1aWOJaU4vg9_!!0-mtopupload.jpg
1649,O1CN01jJzM9U1my7ggOT8so_!!0-mtopupload.jpg
1650,O1CN01bPAkbP1Pr2MqtuQTL_!!0-mtopupload.jpg
1650,O1CN01Xoaxte20jpvK5olK6_!!0-mtopupload.jpg
1651,O1CN01Y3hZb41KJXI9exceF_!!0-mtopupload.jpg
1651,O1CN01e2lw6R1Rnwtv2IyzK_!!0-mtopupload.jpg
1652,O1CN01wS9zHv1aikz8yI4TL_!!0-mtopupload.jpg
1652,O1CN01YR39eP1pbAf1ZHpzQ_!!0-mtopupload.jpg
1653,O1CN01gOPuCp1GuOhn9JSMn_!!0-mtopupload.jpg
1653,O1CN01ZbhfjE1MXOVR8XnvL_!!0-mtopupload.jpg
1654,O1CN01ZmFYd71nYIuxuGGPm_!!0-mtopupload.jpg
1654,O1CN01pPnoB81nYIv1UjiZV_!!0-mtopupload.jpg
1655,O1CN01baY1Vz1TS5HqKrBS8_!!0-mtopupload.jpg
1655,O1CN01deBhSW1zQJSc9PvO8_!!0-mtopupload.jpg
1656,O1CN01dg7rq51y7FIFRJMbu_!!0-mtopupload.jpg
1656,O1CN01olAEIV1y7FICeDJMd_!!0-mtopupload.jpg
1657,O1CN01xUt7VB26LSViWJCEO_!!0-mtopupload.jpg
1657,O1CN01e75Kcc26LSVj4PSnH_!!0-mtopupload.jpg
1658,O1CN01esASWS1lRm2bJZ99R_!!0-mtopupload.jpg
1658,O1CN01qUXKsV28c46S594qX_!!0-mtopupload.jpg
1659,O1CN01fDgFUe1isOD7uYy8S_!!0-mtopupload.jpg
1659,O1CN01u3wxvC1RjMwMMiAiL_!!6000000002147-0-antinsbiocamera.jpg
1660,O1CN01fMTjhm1rxGyV0pgwS_!!0-mtopupload.jpg
1660,O1CN01jJvF0d1ZlDSqpTKND_!!0-mtopupload.jpg
1661,O1CN01m5QcTS1h6vY1k9mAz_!!0-mtopupload.jpg
1661,O1CN01hIhb7T20G49a9fopr_!!0-mtopupload.jpg
1662,O1CN01iNGy6B22bFi1Eoqr6_!!0-mtopupload.jpg
1662,O1CN01tfeEDH1D3JxgmXYJN_!!0-mtopupload.jpg
1663,O1CN01sFVlR727QmjWep0nD_!!0-mtopupload.jpg
1663,O1CN01kDPvZz1tlwPH3ko2q_!!0-mtopupload.jpg
1664,O1CN01lK76ij1zrKlfNSmY8_!!0-mtopupload.jpg
1664,O1CN01q2V3Er1dE1DpeQAcv_!!0-mtopupload.jpg
1665,O1CN01zzZ5l01X3aX0eGxeB_!!0-mtopupload.jpg
1665,O1CN01m4y4zA1f7GdhFavVm_!!0-mtopupload.jpg
1666,O1CN01mLjWgj1CgQ9joDaHL_!!0-mtopupload.jpg
1666,O1CN01rAdCRT1groTkqjUhy_!!0-mtopupload.jpg
1667,O1CN01yaDYKg1IpTgJC8n6f_!!6000000000942-0-antinsbiocamera.jpg
1667,O1CN01o2i8Ch28c46Ru8CpU_!!6000000007952-0-antinsbiocamera.jpg
1668,O1CN01p1OLY41f3bXx5L42Y_!!0-mtopupload.jpg
1668,O1CN01shuFTY1XQ20pmpvve_!!0-mtopupload.jpg
1669,O1CN01ueFxXz1yb12L53456_!!0-mtopupload.jpg
1669,O1CN01uGvf6G1meszeyEXP8_!!0-mtopupload.jpg
1670,OKB1EOQeSwWb0WQf56nVYgAAACMAARAD.jpg
1670,sw3NOS9SR9CulJYFX-fNZQAAACMAARAD.jpg
1671,OT8YpytCTBOPo0S-UdLKtwAAACMAARED.jpg
1671,qCmcffAoRcO3xwuhUC01nAAAACMAARAD.jpg
1672,zRYa01sZSTS0XsPGeA5M1QAAACMAARAD.jpg
1672,OjAZWOMDTOSn_WruQKjDXwAAACMAARAD.jpg
1673,fXaYbEWlRYWti9ASCkOOXQAAACMAARAD.jpg
1673,OjF-ddutT_6nC6kRpWjXXwAAACMAARAD.jpg
1674,P-KjjiWiTnqdLgkPYcvMZAAAACMAARAD.jpg
1674,p5UGUSRRRX-dLIQ-nTfUAAAAACMAARAD.jpg
1675,fXDwsspzRv-q4W6veBFS-AAAACMAARAD.jpg
1675,P0IWpKbjTBqFI76B1PYcJQAAACMAARAD.jpg
1676,ieCfa_iHTeivCv17vvdxeQAAACMAARAD.jpg
1676,P3f82F8YQDC-PwDjJ82F0QAAACMAARAD.jpg
1677,XZQQB9qMTt2N06dxQS8JMQAAACMAARAD.jpg
1677,P5_GOwRCTxixQ3eVGD6jdwAAACMAARAD.jpg
1678,PL8j8RPtQ4GDrZEoxghrDQAAACMAARAD.jpg
1678,eNmm7WhrTbmFlugsQxlvUAAAACMAARAD.jpg
1679,ll0duvwZRIqA0rl0VAT2UwAAACMAARAD.jpg
1679,PPf1ByjVQ6-umVgvBiRAQAAAACMAARAD.jpg
1680,rEKH5mauQMCeNm4wDrFfGAAAACMAARAD.jpg
1680,Q4XHVQsgRY6CvuyAthjeZwAAACMAARAD.jpg
1681,QGcp0dRKSfG97ELTnq5gGwAAACMAARAD.jpg
1681,yugAFj4CR029cUG1DgCetwAAACMAARAD.jpg
1682,QJOeWqbBQzC7cKbmrX4GAwAAACMAARED.jpg
1682,ZXZ97omgTu-QzY6LWjEZdQAAACMAARED.jpg
1683,QdAmQzlhT8m6HpaL6Y2M1AAAACMAARAD.jpg
1683,tCklP_YvQSqi5Ou8t3jxkAAAACMAARAD.jpg
1684,iZI1e3NBRiucMTT6L1BSJQAAACMAARAD.jpg
1684,QdSRGoxIQCWzUvZIGY5SgQAAACMAARAD.jpg
1685,Qkf75wlcSfuVK7s3vQePMAAAACMAARAD.jpg
1685,pbrol11mTgmlQ7WkaWNeYAAAACMAARAD.jpg
1686,ow5HvxZ-S3yMCbSeNB4qbQAAACMAARAD.jpg
1686,QrK43iaTT8CmH_zi-wnYagAAACMAARAD.jpg
1687,erpA7q74SJaRdkcyoR2ATwAAACMAARAD.jpg
1687,R0dATBHpRSiCC5G7YxnleAAAACMAARAD.jpg
1688,REgcBt6RSROzFu5WUlLBpgAAACMAARAD.jpg
1688,THJbMa-4QLiF5QxCuAW7MAAAACMAARAD.jpg
1689,Rn8WjwfSQvGzzTt6n61sQwAAACMAARAD.jpg
1689,pAHpR9XuSBOy_8SCMirjmwAAACMAARAD.jpg
1690,Ruxe3ZsKS9yuxwfhDwKdrQAAACMAARAD.jpg
1690,jave6pCdRQG7iNjr9v1OiwAAACMAARAD.jpg
1691,SDAr2eMbRKaBf5BtobSNhQAAACMAARAD.jpg
1691,ZVKV3u5STcWyIgKpteOuPAAAACMAARAD.jpg
1692,TlYzuednQJOQjPAWQMjr4wAAACMAARAD.jpg
1692,Ss4WljOtSNuO4HwqXsyv5gAAACMAARAD.jpg
1693,UBi6qyugTg-0m9rmbLwA4QAAACMAARAD.jpg
1693,Svn49sTiQeq7PSMPZ7nwQQAAACMAARAD.jpg
1694,TEFLQnvgTku-QxWThxexbAAAACMAARAD.jpg
1694,Zip-BXc3R_GKKfgBTcEzigAAACMAARAD.jpg
1695,b7Mj3G9nTOaITwhItuRXWgAAACMAARAD.jpg
1695,TVQPBVnGRaCuWaFLQpPuIwAAACMAARAD.jpg
1696,vjaAUYByRAOLXVq2J37mOQAAACMAARAD.jpg
1696,Tr7S0JNeQT-Mh3GdzUO5jQAAACMAARAD.jpg
1697,Tye251wZTvCEZluDfObpdwAAACMAARAD.jpg
1697,ae3Y7IpgSNyk5uRNE7pGiwAAACMAARAD.jpg
1698,U5M6pNpAQ-WtBhZ4l94kpQAAACMAARAD.jpg
1698,eCODwyslSWasMbM9gQmJ_AAAACMAARAD.jpg
1699,aSABwxqbReuV8gX9vkQF3gAAACMAARAD.jpg
1699,UFau3k7dSAaft0BPU44UdgAAACMAARAD.jpg
1700,X1raug3JQTOQL546aWOJOQAAACMAARAD.jpg
1700,UHfZDB5dSHCCLA5c1jcSMwAAACMAARAD.jpg
1701,y2Bz6aleQueh2cwl6ssnAwAAACMAARAD.jpg
1701,UcG5ml3wTdmv-fwMTNfengAAACMAARAD.jpg
1702,UjMOtW4uR8y7X1xY1Q9eJgAAACMAARAD.jpg
1702,XlK5BGeQSj-p7ujrmJxnowAAACMAARAD.jpg
1703,gUB599FIQ0iKUz-ft8QknQAAACMAARAD.jpg
1703,Uo15CVIpQbS37ZW-piTR0QAAACMAARAD.jpg
1704,V1YjXZ1QT3OilkzLaVO2ZQAAACMAARAD.jpg
1704,ppmGFtg6SGGfckH2SADcvAAAACMAARAD.jpg
1705,VADjlhZMQ_acq0_NATLmJAAAACMAARAD.jpg
1705,WXTjRu-dTMW7OKHKGKjBSQAAACMAARAD.jpg
1706,V_6ckG5SRB22PKxvJ8rbVgAAACMAARAD.jpg
1706,i-FUOi6PQLu_s9IysZnt3AAAACMAARAD.jpg
1707,eLBAIrkaRVe-H0Kv0_GD8wAAACMAARAD.jpg
1707,Vd1aewJ9SQCHDabVfoJsrQAAACMAARAD.jpg
1708,oxWV6lMOQm6pN_YEXY8p4AAAACMAARAD.jpg
1708,Ve0Wpd3hQD2qA7xxEq4nNgAAACMAARAD.jpg
1709,VoYqFBh5TZiN_z_WIWQGwQAAACMAARAD.jpg
1709,i1DNiAtGSomIF8aZpCiKUwAAACMAARAD.jpg
1710,Wlav3Ov5QwCaqv4UWMTYNQAAACMAARAD.jpg
1710,gPFLw6MVST6i57FHJNY3kQAAACMAARAD.jpg
1711,e3-cwxW9QW2wMRzIgwTaIAAAACMAARAD.jpg
1711,Wt7ivRwXSzySN9LmfLTI4gAAACMAARAD.jpg
1712,n3p6Uy3oR9S8uJSLosUTIQAAACMAARAD.jpg
1712,WtTbZMy7RECA3cnsSUmElwAAACMAARAD.jpg
1713,qg1H0mtTQ2W-d08yoGMUmAAAACMAARAD.jpg
1713,X2S4TRyeS1mIOR4JMWwJnwAAACMAARAD.jpg
1714,kPeki8rJTX29CTX5FTjACwAAACMAARAD.jpg
1714,XMmcD02aS7CvRy4WUb0gnAAAACMAARAD.jpg
1715,hBRZzm-5R3imDUmUdKzq8QAAACMAARAD.jpg
1715,Y0Z4w7ciSzmHSh6Pdc0D0AAAACMAARAD.jpg
1716,Y5xQpDMqSxK4fRAog9kmzwAAACMAARAD.jpg
1716,rW0NBcyDTB-T8QCXz-m1HgAAACMAARAD.jpg
1717,Y65GtEiKQJmTql3qRiK1QwAAACMAARAD.jpg
1717,Zu4FhqGZQRSswC383USB5gAAACMAARAD.jpg
1718,YIizgCg5T_-ioyLSPq5flwAAACMAARAD.jpg
1718,oAvR26O1Tf2aRkfw3fq_yQAAACMAARAD.jpg
1719,YL5o9LNkQXGKoZsrCW7AeQAAACMAARAD.jpg
1719,xGCcz4gsRyKVguqcvjzQQwAAACMAARAD.jpg
1720,gNu7bxVaRwK78tRdLm1XsAAAACMAARAD.jpg
1720,YOPDwgXVTYGhKwtFx_A9pwAAACMAARAD.jpg
1721,YP-3tP9OS-K_7jFlSjoU5QAAACMAARAD.jpg
1721,gpt9nkriROmjxBEi7tNHbwAAACMAARAD.jpg
1722,aKup7PbHS3q9dAH9XHVVagAAACMAARAD.jpg
1722,YQFaPBujRMyRtYg__MlKUQAAACMAARAD.jpg
1723,ar15CFbjQ52ArG3ZxdZUngAAACMAARAD.jpg
1723,Yu8qgl_OSaaBImbzmuQ6kgAAACMAARAD.jpg
1724,Z01Z59h4RaGotlmU8cuauQAAACMAARAD.jpg
1724,cqbV660mSHeQSuELld4KNgAAACMAARAD.jpg
1725,Z3NNGH8jS3WyH6x092XycQAAACMAARAD.jpg
1725,uNSxLzhVRKaOlqO-1dgMTwAAACMAARAD.jpg
1726,cPXeT-9bRQuF3bv7m6np3gAAACMAARAD.jpg
1726,ZHFUC338Qre34s2wpNdrGwAAACMAARAD.jpg
1727,llH7jW1FQoKYReoV4PF4ggAAACMAARAD.jpg
1727,ZYQqgyy4S1G1kZ_mcs6YCgAAACMAARAD.jpg
1728,__p5YavdTOaSktF2o7CxiwAAACMAARAD.jpg
1728,wx6UghFgRVahKtb_7OK7EAAAACMAARAD.jpg
1729,_c3KFcG6QYi5UbPJak2WWgAAACMAARAD.jpg
1729,tDKGsrPBTDOssAzFX5EMzQAAACMAARAD.jpg
1730,luDU3aLpTpSpla5IZEQqMgAAACMAARAD.jpg
1730,_cyrQReiSfyTH-43uYWDhAAAACMAARAD.jpg
1731,jBYoOB5JTFiLI8_gghEmYgAAACMAARAD.jpg
1731,_czT0xy8TKiC4xo8LsRNxAAAACMAARAD.jpg
1732,_zSKCMl4S_eWuO0rA0lNOwAAACMAARAD.jpg
1732,w52N6NbYT2qka03wV8T94QAAACMAARAD.jpg
1733,eTw9E0VvSGWnBlYP7bRxiAAAACMAARAD.jpg
1733,a83Xk5lgToWhhSBapz-bvwAAACMAARAD.jpg
1734,thU5wSJ1Ts2QoPbM-uA5swAAACMAARAD.jpg
1734,aJcoK199Tne1C1zuSyzvbgAAACMAARAD.jpg
1735,aMIK7LIfSaewco6T6wvhhwAAACMAARAD.jpg
1735,xCWw3lwzTiadFG7PDDDmiAAAACMAARAD.jpg
1736,gB4WbmiIRqStIfpk7FBgWAAAACMAARAD.jpg
1736,acXsnzxGSJ-9RlcFxcdI-AAAACMAARAD.jpg
1737,nW_UrW01RKWj3EVfINkVFgAAACMAARAD.jpg
1737,atUYzHHgSVWkvD69h1kgLQAAACMAARAD.jpg
1738,bUABOnYPR1GKZPYKrwMxaAAAACMAARAD.jpg
1738,wGpD5NRrR8O7HfTIn6NOGAAAACMAARAD.jpg
1739,doGYJxplRXynOBArWpE-lQAAACMAARAD.jpg
1739,bk3xU5pcRf-KYWmdYBfqzwAAACMAARAD.jpg
1740,cO83HP7PSICTuooXrDSeBwAAACMAARAD.jpg
1740,i-rLZLGMSASqbyGiOqk3YAAAACMAARAD.jpg
1741,cmCMBeDVSiuJdByJ-0eFVwAAACMAARAD.jpg
1741,vDYT6BlNRUSt1DGT7A3FOgAAACMAARAD.jpg
1742,mW72QSHUSJinaauNzzpPcQAAACMAARAD.jpg
1742,d5lusY6ESHePsFBtLZAAlAAAACMAARAD.jpg
1743,rYuhNssaRWKFeGwPs20zTwAAACMAARAD.jpg
1743,dGVAR_HSRqebxOXyWPSd9AAAACMAARAD.jpg
1744,dWzmd4d7QYmj6WGXx__DhwAAACMAARAD.jpg
1744,p5MHwqueRIKa-wf_BP6L3AAAACMAARAD.jpg
1745,dwH602gNRjK1sobVYgK5dgAAACMAARAD.jpg
1745,eXxu17ujQdihem-fMsBp9QAAACMAARAD.jpg
1746,hdflO06sT_ysltJHccfSPwAAACMAARAD.jpg
1746,eW9V3EoXStib9V2uqp3ClwAAACMAARAD.jpg
1747,ezPOn2FGSBm8YdAlTiZmyQAAACMAARAD.jpg
1747,hMFjlFiZS5iVi8YaJGUSmgAAACMAARAD.jpg
1748,f9jA6bZZRaqZ8OGwr2LwLAAAACMAARAD.jpg
1748,z0Spj6kAR5m-4OXacUMMIwAAACMAARAD.jpg
1749,rDVaX7KjTjeJtGcEGrZwfgAAACMAARAD.jpg
1749,fZsX1TDoRASlOh6GjyYvuQAAACMAARAD.jpg
1750,fxGWaZccRP-nm-PKf2oTJAAAACMAARED.jpg
1750,ow09v0fySYGxX27yWn6X-AAAACMAARED.jpg
1751,gXA_TD6MTBq1j7CJZjFV7gAAACMAARAD.jpg
1751,qOtPPGC9T7uB6-mBDp696gAAACMAARAD.jpg
1752,oqomOiphQn6i5u3CHSZLcwAAACMAARAD.jpg
1752,h1GSLCc7So6WnpJHzvZ2nwAAACMAARAD.jpg
1753,h4sMVdRHQdGuWX1PKSxY7wAAACMAARAD.jpg
1753,sxr5rbjoS3yPFw_zlnvKMAAAACMAARAD.jpg
1754,hAgHbvH8Tc-eMHAcsaZvewAAACMAARAD.jpg
1754,nSld7GbDSt6YRD8z0VXEoQAAACMAARAD.jpg
1755,kAOUJ1UhSL2954PU1fu1PgAAACMAARAD.jpg
1755,hy5GeHU0SQm71dohZcj_5wAAACMAARAD.jpg
1756,iFkqo8tmRfudl3PMSZigngAAACMAARAD.jpg
1756,m0wCDn57TJC1veZt4ck3owAAACMAARAD.jpg
1757,qlPqMsmnSdW4TOkvb9FZcAAAACMAARAD.jpg
1757,iWnBj4pNSxG30JZ5ygsiOQAAACMAARAD.jpg
1758,jYY4oGUdRZ6nf0oOa4TJtwAAACMAARAD.jpg
1758,r6-dLEgxRJuWOiJAzN8tEAAAACMAARAD.jpg
1759,q1_HR22jTgyN-plxamRamwAAACMAARAD.jpg
1759,kM9YuiKgSXmA9qg48IkD6wAAACMAARAD.jpg
1760,wCbazsG4SgWiGhScSYZCWAAAACMAARAD.jpg
1760,kl5D2npMReK7rr1dFtbfIgAAACMAARAD.jpg
1761,y3T-32CvSiihDEiCmOXPrgAAACMAARAD.jpg
1761,n8pfE1DzQBiED-UYyetX7gAAACMAARAD.jpg
1762,nw6-1tyNQ6ev9LQQJxJaOgAAACMAARAD.jpg
1762,rGu7Vg3LRk2ZTAuNRy3RAgAAACMAARAD.jpg
1763,osTujBaASyqZZqO6cV9sTQAAACMAARAD.jpg
1763,xicua_HSS_i0ybE-bPQ0CgAAACMAARAD.jpg
1764,pq5GjkbWRKSaGXVZSP2cFQAAACMAARAD.jpg
1764,w41Sxc09QfWQti4jgqfzIAAAACMAARAD.jpg
1765,tMvkhFo3TWeaCb9-TgxmoQAAACMAARAD.jpg
1765,vghxe7ozR1OqCWR6imw0qQAAACMAARAD.jpg
1766,y2DNElacTlKcv4sX0P_44AAAACMAARAD.jpg
1766,uT-4WICFQBGJuay78l7FUgAAACMAARAD.jpg
1767,xEnPJidaT7qZCDbidn2vhgAAACMAARAD.jpg
1767,uY0fLay0RrqQXzZGt9dVuAAAACMAARAD.jpg
1768,wjGV-_k0R5WuMkJPBHCuWgAAACMAARAD.jpg
1768,vlHkkSjFTfOH1GtD6tj3LwAAACMAARAD.jpg
1769,xvOtcULCTo-GfmYMoqGZ9QAAACMAARAD.jpg
1769,w0w2uwTfRdaq7MYxQjl5xgAAACMAARAD.jpg
1770,yFBA3GpgRM6rNy-Ohfs-LwAAACMAARAD.jpg
1770,wYH73vzYTWumKzz-nIKmmQAAACMAARAD.jpg
1781,XMbemnrcTG2OR1Ns10Qu3QAAACMAARAD.jpg
1781,0Tolu7cpRQurgl7b87DAOwAAACMAARAD.jpg
1781,sM7cbs-uQw2yT6JFxJVDMQAAACMAARAD.jpg
1781,8lDjXIJZRCW2b_XhVJX7dgAAACMAARAD.jpg
1781,miLuamg6Tx-rWnXEs7jOuwAAACMAARAD.jpg
1781,Kpo2dxkOSMGLuUAARIF44QAAACMAARAD.jpg
1781,iAT5TIVJR0y77Yi92FyU4QAAACMAARAD.jpg
1781,d1sSMlRGTjqe1gx-bbo6swAAACMAARAD.jpg
1785,6K1t43AoQDGWw8fU2Jyu-gAAACMAARAD.jpg
1785,K3sINDG5Spi7ysmkZrO-aAAAACMAARAD.jpg
1785,Ig1gLrn2T9uc1D0bn3MMjwAAACMAARAD.jpg
1785,voZg6cYgSbWcFjaM0cswGQAAACMAARAD.jpg
1785,1XcE6m3zSCur58X-hFtdTAAAACMAARAD.jpg
1785,sPBvJuzrSGyankEK4WBGTAAAACMAARAD.jpg
1785,tpD7HMHdSwiW8lRHokXsRwAAACMAARAD.jpg
1785,_BwNKsaCRDGzPFLHiAQ2QgAAACMAARAD.jpg
1792,krGBsWt7QZq2UlEFwetRGQAAACMAARAD.jpg
1792,uYlCxpMHTeWEtno0puSPFAAAACMAARAD.jpg
1792,1oiW0N2eT0CLNKGG6LyFaQAAACMAARAD.jpg
1792,fiPk_1uwRfa8kmpZR47IDwAAACMAARAD.jpg
1792,UcKId7c0R0mFqWhve68rrwAAACMAARAD.jpg
1792,MWbaDJE0RIu14TlZUHNOLQAAACMAARAD.jpg
1792,Mh_i4FbxTIKnC43KETL1DAAAACMAARAD.jpg
1792,MvlC4_YQQyC5q87K7IILAQAAACMAARAD.jpg
1798,35EY1v2rSGSYkeZ-W59BpwAAACMAARAD.jpg
1798,R9gRcvtsSvOIGqrn6MTQ6gAAACMAARAD.jpg
1798,jSnDuSdxSOCmYPeRckbodwAAACMAARAD.jpg
1798,SpiajXWzQ8WeB3xsuedwfgAAACMAARAD.jpg
1806,9E3gq6i9QnqpQnMlI91rgAAAACMAARED.jpg
1806,OCx_Oa6wRmy8LG6zG9ofnAAAACMAARAD.jpg
1806,q7NZTbKzRFiLi1v1vuLYUAAAACMAARAD.jpg
1806,SVawHX_sScis7EtB_zm9WgAAACMAARAD.jpg
1806,O-K6M2cFRiykae-6m-gFfwAAACMAARED.jpg
1806,a0NOVEVNTsaiS5nIbfB8mAAAACMAARAD.jpg
1806,Buo77H_hQUOkyHmz8otyQAAAACMAARED.jpg
1806,13lD9vBzRDedqvhV_BCaawAAACMAARED.jpg
1821,O1CN01g47h2w1dAoRpeaHXF_!!0-mtopupload.jpg
1821,O1CN0199QeI91SnmN32gQlQ_!!0-mtopupload.jpg
1821,O1CN01l4jhKI1MWw6tuOiFl_!!0-mtopupload.jpg
1834,1AyXaRO3R2S6jKOt1OTS-AAAACMAARAD.jpg
1834,Cvl0uE1AQ3iH3TZj1wLg7gAAACMAARAD.jpg
1834,ys37OeRHQeihQEND47FlgAAAACMAARAD.jpg
1845,O1CN01jSkG6m20s51cOyVmj_!!0-mtopupload.jpg
1845,O1CN01aYKWj81VZ4UyTg53x_!!0-mtopupload.jpg
1845,O1CN01t54UnQ1dyjcNR6Z5v_!!0-mtopupload.jpg
1855,f_5OW9npQxSJA8635ecYqgAAACMAARAD.jpg
1855,J7LW_jA6SwqaYUvbBwOhXQAAACMAARAD.jpg
1855,XRkbHeIDTxyMlkfcuNLCGAAAACMAARAD.jpg
1856,d1jmD_qNQ0KW3BICmXZ4zwAAACMAARAD.jpg
1856,sboM_F5wRRSC-VSOtFl2OAAAACMAARAD.jpg
1856,vCBy5v8ZTxmhIT_ho-n6uwAAACMAARAD.jpg
1857,654js6N5R2SihWFxkIp5EwAAACMAARAD.jpg
1857,psvcekR8QHiZD4ntWITeOgAAACMAARAD.jpg
1857,0nxret1wSGaJkpuJnsHtwgAAACMAARAD.jpg
1864,Iw8qJKMGQCuUk8x1j7Ml1QAAACMAARAD.jpg
1864,hOrVPWOCSEyxUXciArACsQAAACMAARAD.jpg
1864,oBglDHOfQa2osQOgPWshWwAAACMAARAD.jpg
1866,bV-hnNDwTf-33yZYLYgAdQAAACMAARAD.jpg
1866,27lzgXLkRhmoqlW4yBxbYQAAACMAARAD.jpg
1866,VG4gHBc7TRSPX2Dec7cLLgAAACMAARAD.jpg
1869,Qj9hOr7HSnyAz-qTdaIfJwAAACMAARAD.jpg
1869,DzgeJhXBRcqlZ2GVVaojoQAAACMAARAD.jpg
1869,agDN0HDERsSZSAVM85EWFgAAACMAARAD.jpg
1874,8in1TG3UTKu8d1tW-dszLQAAACMAARAD.jpg
1884,O1CN014aLslq1ZtSauLUyCe_!!0-mtopupload.jpg
1884,O1CN01KAh8IE1PBoh4k9CRH_!!0-mtopupload.jpg
1884,O1CN01Wf7Lu41zGEgN4Rsp2_!!0-mtopupload.jpg
1885,1tBX3qJMR9yoYAgbLOn2CgAAACMAARAD.jpg
1895,CZktQs9-QEmjaNb6o24TlgAAACMAARAD.jpg
1895,unZvTxBfR4iDuKuK56Ot2wAAACMAARAD.jpg
1895,EDJnsxJeSLuEYIi_Chrb1QAAACMAARAD.jpg
1909,9czlY3sRRC6Q8gDddSRuvgAAACMAARAD.jpg
1909,C6hv_lcwQN-Nn1g2zp2_BwAAACMAARAD.jpg
1909,MCgIJ-YNR8u_tyj5l-MeZAAAACMAARAD.jpg
1910,syL3ypOCR3O0i74c_sZtnwAAACMAARAD.jpg
1910,HUf9fA0zTiapfMBydVyGtwAAACMAARAD.jpg
1910,dp_JDcuzQ5mAei7F95bCCwAAACMAARAD.jpg
1912,REp3bsFUT-i6UCUKpFoWpQAAACMAARAD.jpg
1912,aqLVZ_TATeOt4Iu_xXbF0AAAACMAARAD.jpg
1912,kAdqAUQASuS7_RGZgWn2FAAAACMAARAD.jpg
1920,gCNf02uRRESZ0GxBV6gJOgAAACMAARAD.jpg
1920,vEAFSczLTD6dXaEaDIrd6wAAACMAARAD.jpg
1920,uX6TYGtISJyOsRZHyYwNbAAAACMAARAD.jpg
1924,tkT1cBkiQHC25qHtYYbg-gAAACMAARAD.jpg
1933,Q9f-qnk2SlCXkkJu3PP9qAAAACMAARAD.jpg
1933,7sG-d5TXQhGrHUrrUWRzOAAAACMAARAD.jpg
1933,W_ysjXsiRdWvuaMtVIMckQAAACMAARAD.jpg
1934,MUx9VGjCQPCJ8p16BxarXQAAACMAARAD.jpg
1934,VGtazi9DT32TqoNzbWlBigAAACMAARAD.jpg
1934,0cuE2Cv9R6SjBy3sbxD0nwAAACMAARAD.jpg
1935,QALIxwWDRP-dS-613LOZFQAAACMAARAD.jpg
1935,p83sYDqwR-m70YRzEW2wsgAAACMAARAD.jpg
1935,2dcuj_S3RfS36BisGBY8mAAAACMAARAD.jpg
1936,or1UdU93T-O-9xiWBBxg2wAAACMAARAD.jpg
1936,Z-75bkHuQqK5rdQL0aQb2wAAACMAARAD.jpg
1936,5ur7bM9eQ7W_9xVNafI7xQAAACMAARAD.jpg
1939,MuqhkR_BRDelFDRh2Ov3tgAAACMAARAD.jpg
1939,QUm7Z13wT3aHmbD6Cr6A7QAAACMAARAD.jpg
1939,u_DNia8yRA6pjC8sVSE9zAAAACMAARAD.jpg
1950,go8mqGDnRxG_96wB-F6puwAAACMAARAD.jpg
1950,fB956fJWT32YdC0leQLnRQAAACMAARAD.jpg
1950,Q0r2kL0XSsKyoomTy1NQ6wAAACMAARAD.jpg
1952,O1CN011IUQ9f1NGjiZfhnvm_!!0-mtopupload.jpg
1952,O1CN01PLPNUZ1NAKAnQG0fv_!!0-mtopupload.jpg
1952,O1CN01ScdGkn1tU4xg8A3HV_!!0-mtopupload.jpg
1956,72Bh-1HKTZamhXTAy3pU3QAAACMAARAD.jpg
1956,vwLRsCKoR5G0QnDtr33SdQAAACMAARAD.jpg
1956,z-gZfYVtT2ipmT02DkrCrQAAACMAARAD.jpg
1967,SMu8PEhPSQKTs8ZUIWYojAAAACMAARAD.jpg
1967,H80AjugdSTmmfjhvC5SIywAAACMAARAD.jpg
1967,lCK57cWrQ2C5iUlVu6hScgAAACMAARAD.jpg
1978,x0vDI4RTRAOBsi3optHbwAAAACMAARAD.jpg
1978,faZn5WVAQ72BshpOXb_3swAAACMAARAD.jpg
1978,tQN--iWhSASSgHXUmhJT6gAAACMAARAD.jpg
1993,O1CN01YrTiMM1UXruvDxp4I_!!0-mtopupload.jpg
1993,O1CN01VVdjaH1OQBZvQZF5r_!!0-mtopupload.jpg
1993,O1CN01mXLWFj1da0Izv5N9A_!!0-mtopupload.jpg
1995,kHKJ7Ye1TsO49s4N0PVeHgAAACMAARAD.jpg
1995,xHCdqbRUSruMgOC-jOMB6wAAACMAARAD.jpg
1995,uSl82ZGqT8Sw_h0Z38JO0QAAACMAARAD.jpg
1996,O1CN01wQEsBJ1TbF9OJ2Xuj_!!0-mtopupload.jpg
1996,O1CN01GvPYX61sttfv5SV8L_!!0-mtopupload.jpg
1996,O1CN0119GW5I1ImGucpzgit_!!0-mtopupload.jpg
2008,O1CN014yujt61oZVZcCdv3j_!!0-mtopupload.jpg
2008,O1CN01P8aeqr1VXEug1pdTG_!!0-mtopupload.jpg
2008,O1CN01m2ashv1lKRherSLxR_!!0-mtopupload.jpg
2011,ETfzUaJeQTi00-oOoYnmdAAAACMAARAD.jpg
2011,oDhBy-e5QZmqg73ju9nkbAAAACMAARAD.jpg
2011,UARBndKEQTaHU-3RY-CaTgAAACMAARAD.jpg
2018,zwDCLwAoQ4SqCo-2y18vYgAAACMAARAD.jpg
2018,eskfiQDzSLmwCiUP-J_ksgAAACMAARAD.jpg
2018,Gseu-UR0Sx-thWPDEzzpCQAAACMAARAD.jpg
2030,iNkD5A2FSamluTNqsUN5awAAACMAARAD.jpg
2030,s8UvnMH6SFOvVVpaPL1ntgAAACMAARAD.jpg
2031,UNMuPviJRgensf5LRcdO1QAAACMAARAD.jpg
2031,8Vfx4vhiR-O1Ej7w-It8DgAAACMAARAD.jpg
2031,KMS3DXexR3uD8mU3G-qW2AAAACMAARAD.jpg
2033,F64c7CNlQwuApbSTfWEK7wAAACMAARAD.jpg
2033,rJ7ZQLZfR1KQTUl1EWHTIgAAACMAARAD.jpg
2033,2f7hAfWkRUiV8b9RwYjoYgAAACMAARAD.jpg
2040,w2eXdg1tQ46EFIH-SIB5igAAACMAARAD.jpg
2040,HH80M9GpR1qjAmAgkBX8wgAAACMAARAD.jpg
2040,nbI4elTeSUevKlithCiCMwAAACMAARAD.jpg
2043,s5GYV6AyS-uaeeDVYN5o_AAAACMAARAD.jpg
2043,7thc9GjbQNubXORSdVhq5wAAACMAARAD.jpg
2043,5VTlsERYSQqGUOwEFrUUawAAACMAARAD.jpg
2048,9NmD18AgRpK6nCSEXQhauwAAACMAARAD.jpg
2048,FIjI4IruTl2sDBdLpkymPQAAACMAARAD.jpg
2048,iM2-Air_SN2KvgCeJUefbQAAACMAARAD.jpg
2051,O1CN01xPdDIa247bLV9b95V_!!0-mtopupload.jpg
2067,M80BKG57TIuBahH-TExZcAAAACMAARAD.jpg
2067,I49gNzn7RnGDuB9FUHNhzQAAACMAARAD.jpg
2067,QbxJNTixTJ-96_AUONjKawAAACMAARAD.jpg
2072,sirI5LrcSOOMBzrBCLquFQAAACMAARAD.jpg
2072,7hEcrAtpQzitGygy8RDuuwAAACMAARAD.jpg
2072,QJhP0DQvQHSZi391v0tonQAAACMAARAD.jpg
2076,M5ul-_f3RVWx0pB95oVZtgAAACMAARAD.jpg
2076,Ecta9KVjT9WdGkDQ-AfF4AAAACMAARAD.jpg
2076,ToTZyCcNSaeSoUVmtMnz4QAAACMAARAD.jpg
2081,UW5Wm8GgSvejG5gToFpXNgAAACMAARAD.jpg
2081,EUoyowMnTVWJP315lnMh0wAAACMAARAD.jpg
2081,WgVR0jedQ9S1QUwVgqtXYQAAACMAARAD.jpg
2086,I9zl1ZXQQDOA_-6PxQPl9wAAACMAARAD.jpg
2086,VE9MoDYDSaOuPvlpzg2cigAAACMAARAD.jpg
2086,oRLDe9Z3RS6KiMQatbkSEgAAACMAARAD.jpg
2087,HiCl_rb_R02Yx64xad4rkAAAACMAARAD.jpg
2087,ds2tL7OcQH-4a79W7W5hUQAAACMAARAD.jpg
2087,S1dSCIzST3K2AaZm3WxJSgAAACMAARAD.jpg
2102,O1CN01FB3LiJ1Hsqz5tjU2M_!!0-mtopupload.jpg
2102,O1CN01cTG7JC1sVAHXo4jHJ_!!0-mtopupload.jpg
2102,O1CN019jFm3V1F5jGmST7Xc_!!0-mtopupload.jpg
2121,so982-zyTz6Hly-dHBrjHgAAACMAARAD.jpg
2121,NGPTO9hZQ6e9JRoFb0qwRwAAACMAARAD.jpg
2129,OGW3GyetQfy34mPRW6jbmgAAACMAARAD.jpg
2129,zcAkcASKQsK_dfPLCAhkCwAAACMAARAD.jpg
2129,5kA1dgVnQMais2cz-mDKAAAAACMAARAD.jpg
2142,O1CN01jQPpU81Ck5K45WBIC_!!0-mtopupload.jpg
2142,O1CN01A92BUE1Ck5JuvWoCb_!!0-mtopupload.jpg
2142,O1CN01sFxvxG1Ck5K45Sl5J_!!0-mtopupload.jpg
2147,ICem_kMzT1qoz8zYH64D3wAAACMAARAD.jpg
2147,WErNblhlQPqGssjWJVjGLgAAACMAARAD.jpg
2147,cgUJh_KsQiK9ereFpiG4gwAAACMAARAD.jpg
2150,KKSjZdHuTrGHYc8npw4JOwAAACMAARAD.jpg
2150,P26QKXM5TMuSc8JAFpVosgAAACMAARAD.jpg
2150,4Rw8Sf0uSZWOmoMnKHUXEQAAACMAARAD.jpg
2158,mXFaqJbpQsWE0nEoRw9OigAAACMAARAD.jpg
2158,FY1NtzPtTEWr8bunqpjYtAAAACMAARAD.jpg
2158,oKgN2w94T-Kl6KzGSMyrNgAAACMAARAD.jpg
2162,F-f5_lokQxysOJm2POJslAAAACMAARAD.jpg
2162,QyKUNnJLRDiEo8lQ0W6Y3AAAACMAARAD.jpg
2162,fDhUOumgSSSs3acksRIpXAAAACMAARAD.jpg
2167,VVHfrFMAR4Oilh6d80hUjQAAACMAARAD.jpg
2207,nAGC3bz0RKefdgUvLpWGAgAAACMAARAD.jpg
2207,Aq8RbNa-SBuIbLGNHXPR9wAAACMAARAD.jpg
2207,K0DKMcMaQJ-1fLcPxKjHLgAAACMAARAD.jpg
2212,u7iCA9bRSo-88LXL-u2q-QAAACMAARAD.jpg
2212,YTYiUXJyQxiB-I8LTR3tLwAAACMAARAD.jpg
2212,2JIvtjHsSSa_lu8WpZufXAAAACMAARAD.jpg
2213,2u2TumHuRLebvzNSPymKMQAAACMAARAD.jpg
2213,5baMxXDYSeWj892kr6TpwwAAACMAARAD.jpg
2213,xuhYLBkiRvSluav3aMxCtwAAACMAARAD.jpg
2220,YYkUIXtySqie1GX1yVIA2wAAACMAARAD.jpg
2220,L8Dv8dXoQ-asYjNetIZTcQAAACMAARAD.jpg
2220,wA6Sww1AQACFTyV6eRbKcgAAACMAARAD.jpg
2225,anG6OGtWSZ2Uq2a-1080bAAAACMAARAD.jpg
2225,RH5jZgFURN2VEzXFTCfvXQAAACMAARAD.jpg
2225,ElKl8ruPTO6OEhMUhKmlwwAAACMAARAD.jpg
2227,O1CN01ivUMAM1TGB086iEs3_!!0-mtopupload.jpg
2227,O1CN0112yERU1m3Kb3R4Cxc_!!0-mtopupload.jpg
2227,O1CN012Tukhg1cdNbqnqCt1_!!0-mtopupload.jpg
2232,O1CN01oOR4v923XQ6bSzDLy_!!0-mtopupload.jpg
2232,O1CN01N2khOX1FmmbK5Qnl3_!!0-mtopupload.jpg
2232,O1CN01BLTuIa1h2Lgd5uBsP_!!0-mtopupload.jpg
2237,IyBqjXDfR6-40lodvSOtKwAAACMAARAD.jpg
2253,N3VswzCeQxOT417wTEZcXAAAACMAARAD.jpg
2253,zg9LT-5gR62zh1VA5f_OeQAAACMAARAD.jpg
2253,OfpiFCYYQHySCWO6Bbm7XAAAACMAARAD.jpg
2262,Q-Ui1F3CTPetIHuong3QjQAAACMAARAD.jpg
2262,wBl6r18XRh2b9PKn-0zsxwAAACMAARAD.jpg
2262,DvkHFJYwRi6x3bVZpOeg6QAAACMAARAD.jpg
2263,xKkxY-coRZeDCd0gY7Td0QAAACMAARAD.jpg
2263,0B_1VvW7Tf-JbPPg_FILiQAAACMAARAD.jpg
2263,ta84pcxQSyq_HDH0Lfad3AAAACMAARAD.jpg
2274,Xu99QUXmQZeNsEz8ltmYtQAAACMAARAD.jpg
2274,ZN72N5JmTw288HI9uXAU5wAAACMAARAD.jpg
2274,4BVX-oOsSOm3rQm3fFhZpQAAACMAARAD.jpg
2276,erhtrm-lToaheyIvOkugqwAAACMAARED.jpg
2276,xg0VNA2xSJSKhWxdGGc3RwAAACMAARAD.jpg
2276,kC0DhUsBSAWyNZm652IrSAAAACMAARAD.jpg
2278,caQRZBtZSBifQYofuRIU7wAAACMAARAD.jpg
2278,qBOSIAahS96C4hlqsXygbQAAACMAARAD.jpg
2278,lhkIfBJNSUyF3e8KGhYlfQAAACMAARAD.jpg
2280,_SpTEEGUTW-gVMUw4DbY9AAAACMAARAD.jpg
2285,9G2Ke8hLTjeJ1UdoxH-EnAAAACMAARAD.jpg
2285,oSnmO-zLRMiahBm9QvnR-AAAACMAARAD.jpg
2285,hXIaNPnDQme6pDsVWvVZjgAAACMAARAD.jpg
2309,IAzIGdi1TYeMrXVN7OPx9gAAACMAARAD.jpg
2318,oU0eq4y6S7eWdPC6opBieAAAACMAARAD.jpg
2318,EpCN03zlS_yWFLpW90ncAAAAACMAARAD.jpg
2318,zYEiNIkbT020MCuR-iyZngAAACMAARAD.jpg
2319,jpAIuBDaSOChMZLptFGYhwAAACMAARED.jpg
2319,uGi_7y_KTfOKCBABLqNl8gAAACMAARAD.jpg
2319,W-Jv6btXSNeNfMtJh80YHAAAACMAARAD.jpg
2326,O1CN01NYV3nc1ia4QFMdhrl_!!0-mtopupload.jpg
2326,O1CN01lAYt211U98VXzmsAz_!!0-mtopupload.jpg
2326,O1CN017w3LUx1MrXzNQo6aD_!!0-mtopupload.jpg
2337,EHZt4dmtRGmhfe0nFajgzAAAACMAARAD.jpg
2337,7XFUIXvKShOr-p3EROGTsAAAACMAARAD.jpg
2337,U5xuFMFQRyu0S30iTwpz3wAAACMAARAD.jpg
2345,6I1N5a15SySZlloMMwdrkgAAACMAARAD.jpg
2345,W6RVmAvIQne7fUObaJX0VwAAACMAARAD.jpg
2345,dC_EKn71SiWE8B2jjV6OyQAAACMAARAD.jpg
2347,vDvfH6tPRxScDq2Um_uNCgAAACMAARAD.jpg
2347,v1aFbJ5-SIOPB50esmdG5gAAACMAARAD.jpg
2347,8fsKNw1_RXWqycQlyEaAygAAACMAARAD.jpg
2349,9TkkJCkvRD-SirBew7D-YAAAACMAARAD.jpg
2349,555YCUAfS3SwDR9pCPSoLgAAACMAARAD.jpg
2349,g5c66O_TSBCbX_ERNfkNgwAAACMAARAD.jpg
2374,0dVTXL9mS52QiCwBjwd3lAAAACMAARAD.jpg
2374,3BmbW2K1SzmqENOgcpeGZgAAACMAARAD.jpg
2374,-sRd0HOLTMi31Zl8olY0swAAACMAARAD.jpg
2379,O1CN01rJaDnj1twTd8rJlff_!!6000000005966-0-antinsbiocamera.jpg
2379,O1CN01XgLYjO1RWXxnDzMPI_!!6000000002119-0-antinsbiocamera.jpg
2379,O1CN01sKMj4E1Lvq8tXEnre_!!6000000001362-0-antinsbiocamera.jpg
2381,mSLxtW2kTJe0RLnh8P0oUAAAACMAARAD.jpg
2381,jObjxdD7Te6MIp8q54e2-AAAACMAARED.jpg
2381,t4_BdYKxQw6C8K2YMlqrGwAAACMAARAD.jpg
2382,EgbLrztHTEOIf8bXlhTp5gAAACMAARAD.jpg
2390,_1VTdCWJTdecI0_TdnN_cAAAACMAARAD.jpg
2390,3TRtBLi8QZi0CI2DqyYc_wAAACMAARAD.jpg
2390,hTWN4xH2TaasNvKHf-t_7AAAACMAARAD.jpg
2396,x_TIxvBRQ6eQ48Ptrzf7qQAAACMAARAD.jpg
2396,BuNN97MRQcCz3fGnadhcKQAAACMAARAD.jpg
2396,-AneLss4TrWlctiSmAEgWAAAACMAARAD.jpg
2398,O1CN01vR0Zcv1mACSVScrxZ_!!0-mtopupload.jpg
2398,O1CN019bTs9L23Wxbj48LsQ_!!0-mtopupload.jpg
2398,O1CN01tXcazU1ssWTx5LNu4_!!0-mtopupload.jpg
2400,O1CN01mlmsbn1dQqJ6Qdefz_!!0-mtopupload.jpg
2400,O1CN01nNbgyq1qK3RVJYV5x_!!0-mtopupload.jpg
2400,O1CN01LBpoaw29Lrhxy3V7x_!!0-mtopupload.jpg
2408,MfLV7wcIRa2ubW54lemx8AAAACMAARAD.jpg
2408,sQu5KTudRASUYHTtS971CgAAACMAARAD.jpg
2408,AgPRe07VS_OJG3W1KMPxTAAAACMAARAD.jpg
2413,uiXpGef4SmCaIwlsqceaAwAAACMAARAD.jpg
2413,2aNdjPnZTsK2-J1ZbRPiNAAAACMAARAD.jpg
2413,SuCpRr74S22M9e2GQ7QKkwAAACMAARAD.jpg
2428,7vGGp0xuSfuMp2eN2XOtrAAAACMAARAD.jpg
2428,WxDnGnPkS0yJgmntE8CmlwAAACMAARAD.jpg
2428,tML96aX4Tee9WeAOK6I00QAAACMAARAD.jpg
2437,fQTRxYJKQ7qqW6m6spSyQwAAACMAARAD.jpg
2437,1MiYCUu6Ruu3vrvdp4GapwAAACMAARAD.jpg
2437,bK9rmr2aRe6J8NlReDfN_gAAACMAARAD.jpg
2448,O1CN01owlHlL1xyXljho0VH_!!0-mtopupload.jpg
2448,O1CN01xpgcO81baLIHilcfa_!!0-mtopupload.jpg
2448,O1CN01dSFdy51OTOH8boisE_!!0-mtopupload.jpg
2454,LDuNGO_wT-e7R55RJof6lAAAACMAARAD.jpg
2454,ZzrEAMpTS4a0_WwvrRSehQAAACMAARAD.jpg
2454,NGtsN5x8SxyVeZuDBhbYvAAAACMAARAD.jpg
2458,O1CN0195pIsh24rOtwXwljk_!!0-mtopupload.jpg
2458,O1CN01dfJTts24rOtv0ODav_!!0-mtopupload.jpg
2458,O1CN017w9O5A24rOtwlYzHh_!!0-mtopupload.jpg
2472,9mg-GoQ0RGOBTm9BJsmWygAAACMAARAD.jpg
2472,AeTgejFWTI2FfYJG-3L8AQAAACMAARAD.jpg
2472,6P_eSvMxQQSoAElFUQJHpAAAACMAARAD.jpg
2485,yMO71uv6TX2dJkLiSRi_PAAAACMAARAD.jpg
2485,yymMIqycRnq-JysjQIDDkgAAACMAARAD.jpg
2485,n5A3G2vBR3WT38r8dhbf6wAAACMAARAD.jpg
2486,NKDe8KwrRAqTQCk8rXceWAAAACMAARAD.jpg
2486,5h8eC_9RTXqWYqH30VekugAAACMAARAD.jpg
2486,CFxGlTFCSMqEVNHDNFHTPwAAACMAARAD.jpg
2502,nfaVzoelQVOGzXO9KB9OEgAAACMAARAD.jpg
2502,IbNKWbyFSpmkX37kjmz9vwAAACMAARAD.jpg
2502,sddR9LryQZehnp7sNJh-pgAAACMAARAD.jpg
2514,L1LTops8SNmaGmKiShKhkgAAACMAARAD.jpg
2514,ilUXFzRaRVuStUPr_aU9qQAAACMAARAD.jpg
2514,XIYzCUmjQtef_1MKp9Q_rwAAACMAARAD.jpg
2517,OTQFjHxXR7SZRGuRmUjZwgAAACMAARAD.jpg
2517,sGW4FlZFQFK_FgDrjQqjXgAAACMAARAD.jpg
2517,bCRnpOcCSsOgyu7ZqtZ8KQAAACMAARAD.jpg
2518,V-p_GXoiTn2M5dwFlAqDogAAACMAARAD.jpg
2518,pbvpcIjdTbenA8SRyFm6kgAAACMAARAD.jpg
2518,2yWjMwbbTdqpAhULgB_0QQAAACMAARAD.jpg
2521,fskAew-_TOuFXvWQg5uZuwAAACMAARAD.jpg
2521,M3RDHjqyS6GSeaJzyDZNhgAAACMAARAD.jpg
2521,a9781G6zQ-CMwsBo0qCLRgAAACMAARAD.jpg
2523,rPmsr2dATOaBNCDgq9O9YQAAACMAARAD.jpg
2523,_pRCIEzxRHGF7ex3tkVZ9QAAACMAARAD.jpg
2523,eaIF8QDRTYW40LuVs2Wu8QAAACMAARAD.jpg
2535,8sZais4SSzaZyplF7eOj3gAAACMAARAD.jpg
2535,w8VTMBICSSGfAojXh-fofAAAACMAARAD.jpg
2535,1LKZ0le2Q2yfopXd5bQ2xAAAACMAARED.jpg
2536,zmUHRFvMRmyTdLdKuCGq_wAAACMAARAD.jpg
2536,yMNSqkGPQbiLN_ieS2XXeAAAACMAARAD.jpg
2536,T3sObvTaRQqANRzpZi83RAAAACMAARAD.jpg
2547,-eiqVCVbRUWz5IAFPHniJAAAACMAARAD.jpg
2547,SkUSir7oTPqOWyVEREsopwAAACMAARAD.jpg
2547,R3Ov-kp9QXa4fx5zgy_6LAAAACMAARAD.jpg
2559,_OjwGFJASxqg-P7O8ToZiwAAACMAARAD.jpg
2559,2MRqbXiGRxibzpyfvB2YswAAACMAARAD.jpg
2559,01BHfBWoScyoxXamUICRiQAAACMAARAD.jpg
2582,O1CN011w6cCU1Wo12H9vz0J_!!0-mtopupload.jpg
2582,O1CN01kefK1S1JqDwXdYA3t_!!0-mtopupload.jpg
2582,O1CN01ZRoFkS1V6DXz1VtVd_!!0-mtopupload.jpg
2616,TNjBPxlXQ_KrbRV5UR3xLAAAACMAARAD.jpg
2616,DXgSUP4QQdK-g3sFJRXaUQAAACMAARAD.jpg
2616,u0lgPH02SdiQOecxh39F2gAAACMAARAD.jpg
2633,7lK0Fz1JTiKhdMOhlHIp5QAAACMAARAD.jpg
2633,G24WhZl1Q2q2WoJpbMhhwAAAACMAARAD.jpg
2633,Dgf7jtnfQ9GdD-0ieQ5ENwAAACMAARAD.jpg
2641,20Uy-ycjRkKSy8-ldfiG4QAAACMAARAD.jpg
2650,eijKX-NFTGK7ZFvvwXt9sgAAACMAARAD.jpg
2650,1RvlhAkYRWWF3Cud0tGDKwAAACMAARAD.jpg
2650,JjIOCMlvTg6TWp7Mao1GHAAAACMAARAD.jpg
2653,O1CN01uzn14b1WX4NuV8kEu_!!0-mtopupload.jpg
2653,O1CN01UwxlRe26yOAwdsukP_!!0-mtopupload.jpg
2653,O1CN01eoHMvY1cdNXFyhGYY_!!0-mtopupload.jpg
2654,4Okkvm1DSZ-_nGArf76s3AAAACMAARAD.jpg
2654,hRLTxnhbSJue1HbaMYwQGgAAACMAARAD.jpg
2654,sdC5Ys0iSs2VVE6I9DrvHQAAACMAARAD.jpg
2658,p6TMDddZRZ2M6hpNW1TGuwAAACMAARAD.jpg
2658,10yEUsTlSu29vWDDI0Jh7gAAACMAARAD.jpg
2671,O1CN01rY469G1uX7CQkRRhF_!!0-mtopupload.jpg
2671,O1CN018Zo1QD1Znxq9pcel5_!!0-mtopupload.jpg
2676,tvDcjj5CQL-3nDZpnt22EQAAACMAARAD.jpg
2676,XVIycobgTQqgYVMK3oqctAAAACMAARAD.jpg
2676,ioz2Xhl7QECo6qWDSU2V0wAAACMAARAD.jpg
2685,xekH6wAoRQyBC2YUKB2HKwAAACMAARAD.jpg
2685,rX32t-FTSIKybmGPjEUIEwAAACMAARAD.jpg
2685,LxTv16HHTVetc07dY7kMTAAAACMAARAD.jpg
2695,G8c-2EIMRW2jAtyVqKjVjQAAACMAARAD.jpg
2695,Y7Zp9dheQb6S-28hJzlO5QAAACMAARAD.jpg
2695,6Q4vxoh1SPOGcjxCpAHVBwAAACMAARAD.jpg
2702,vph9BADEQAa5WNkywVtnUQAAACMAARAD.jpg
2702,jC7bkvpKSo-LkP0KBvn-eAAAACMAARAD.jpg
2702,Oy0HrE9BTPSIW-mzlHsLXQAAACMAARAD.jpg
2710,Jb8OW3r0QAuj3LtnfdErpQAAACMAARAD.jpg
2710,JH-F-aK2ThW0EThAUk4krAAAACMAARAD.jpg
2710,SJArJT6LSoeLxB2uQb_akgAAACMAARAD.jpg
2713,MC23vSxfQk6VGs2Vg-pgKQAAACMAARAD.jpg
2713,y0dJjrEzRhC6debXXXpmNQAAACMAARAD.jpg
2713,5sR1xN3XTRWZuabwkogZhwAAACMAARAD.jpg
2716,9bvPu1-OSIuZAuk0eeUGUwAAACMAARAD.jpg
2716,Af1UlajXRA22ZxkSwSKNhAAAACMAARAD.jpg
2716,j43dmrxOTXi9a5kcttwc8AAAACMAARAD.jpg
2718,E5jkZvUxQPyyl1dGMRFNBQAAACMAARAD.jpg
2718,f7EED57XSTGasuyeanCHrgAAACMAARAD.jpg
2718,244eHycdQlqC9Ljx60B7-AAAACMAARAD.jpg
2727,KhyQCK33SOqv3kZbY13vpAAAACMAARED.jpg
2727,ZKQy-axSSdGKJKfd4iSKIAAAACMAARED.jpg
2727,UatO2FYqS3Wd1qEZ4z8e1QAAACMAARED.jpg
2733,OQrU2044SO2zoLs0SnY40gAAACMAARAD.jpg
2733,lny1-uiMRpOT9IS7RmWTuQAAACMAARAD.jpg
2733,2Qawxl8BT2qzwZfWnMCFMQAAACMAARAD.jpg
2738,PvmDQFGxRHK11MwRWIX74AAAACMAARAD.jpg
2738,mETBUvDtQOKsED9FKLhWngAAACMAARAD.jpg
2738,8ro1WzkwQs-DuGa8LDHzUAAAACMAARAD.jpg
2757,WtZTbChYRSyWDiQ-IOd6EwAAACMAARAD.jpg
2757,2iPrkh4kQti6KfXjm4XiZAAAACMAARAD.jpg
2757,mYKg4ZfTRhaRadQbLCkbLwAAACMAARAD.jpg
2772,Iyl26noOTsuV-wN8Kuq41wAAACMAARAD.jpg
2772,NInbJgnyT0CKdfb6j2NzFAAAACMAARAD.jpg
2773,tXsUUvyPRaSFzv9CXIde0AAAACMAARAD.jpg
2773,NZf1jEEJTsmzM_HHqenLtAAAACMAARAD.jpg
2773,_0eUjLDEQLOYOBrGEQ5m1QAAACMAARAD.jpg
2782,_NbLDbTiR7qXPQNwZ0iXZwAAACMAARAD.jpg
2782,Fj5wkBYtSxeyoxRYga5wGwAAACMAARAD.jpg
2782,v_Ef9i9NQ5eiIBhK5eCd6AAAACMAARAD.jpg
2794,vNGJTNSgQQqb0YtBCmfeZwAAACMAARAD.jpg
2794,ic91gndkSgSprJYmzXlt3gAAACMAARAD.jpg
2794,onlXl6JsQciXX_rSReKAnQAAACMAARAD.jpg
2801,O1CN01u0WqoE1Mw7zv2mnQQ_!!6000000001498-0-antinsbiocamera.jpg
2801,O1CN01PfytEk1Sq4SJQomBG_!!6000000002297-0-antinsbiocamera.jpg
2801,O1CN01dNp3hc1VXhPoDJevK_!!6000000002663-0-antinsbiocamera.jpg
2816,upVgeWPeSVqX7NG-fhHvzAAAACMAARAD.jpg
2816,WjU9EGJZTJq1yl2dkNPW5wAAACMAARAD.jpg
2816,mIKknZGLTlSuFDDxtGrMJgAAACMAARAD.jpg
2817,-lizwZHiQZ-e9gn19oJZpgAAACMAARAD.jpg
2817,nGTS9tqxRKKXukq_Ws4tqAAAACMAARAD.jpg
2817,e9dUnbJ7QMai2qk6sx_wGgAAACMAARAD.jpg
2831,TJ1lIJI0Tfe6eK8efcqbnQAAACMAARAD.jpg
2831,9FzB-ZUVSIKi6BLWh-ZlmgAAACMAARAD.jpg
2831,q8OuXrzFROWSInNgDQG3jwAAACMAARAD.jpg
2833,FwnGx0c6SzeFUDP6b5_euwAAACMAARAD.jpg
2833,EIXHY2eCSNWsvluXDYSR0AAAACMAARAD.jpg
2855,4UCiGOSlTEOx2rSheu1rRQAAACMAARAD.jpg
2855,vm63wiASQ16Pg1IXmv3WEgAAACMAARAD.jpg
2855,NMZukpKZQla35OT2u2GCuAAAACMAARAD.jpg
2867,-klaK4SPTX2NaJwGjddxcAAAACMAARAD.jpg
2867,3N6xBEstT0Ood7MO8c2owAAAACMAARED.jpg
2867,-G70uwjFQpOupKcE5FBwqAAAACMAARAD.jpg
2869,oceYYjXSRX-tzGyBZ8trswAAACMAARAD.jpg
2869,SvpGRhmiTqGOR-GDHIrHVAAAACMAARAD.jpg
2869,9KsyFyD5R-i-ZQsq_LI5sAAAACMAARAD.jpg
2874,2xGSIEHuQu6k-3x-Ze7F7QAAACMAARAD.jpg
2874,ftTZ_FZlTqiHmA8TVjxIgwAAACMAARAD.jpg
2874,fhR941v_RB-KGh6p2nebHwAAACMAARAD.jpg
2880,jhekVEvSRfuIU1k-_oLlJQAAACMAARAD.jpg
2880,P78_rcR6Q7mGeoLCSymtFAAAACMAARAD.jpg
2880,Vbt5fUPuToeRlQBKDE2fmgAAACMAARAD.jpg
2881,v3jVzFsjTSGSr6YrVI4RvgAAACMAARAD.jpg
2881,kfV661fXTRWkcoziE6QSfAAAACMAARAD.jpg
2881,Mfx5Bz4QSGiUsEkwrlaMDQAAACMAARAD.jpg
2882,hb3BRhm_SVSS-WDviY0qXwAAACMAARAD.jpg
2882,WbuFzEGaR3erYphosg88DwAAACMAARAD.jpg
2882,qWxKyEV1SWmKiGdcpwst1gAAACMAARAD.jpg
2895,frcN6tW0QPO_7wiJWXsIzgAAACMAARAD.jpg
2895,VdJOR0iKSWSXd3i4K4WfnAAAACMAARAD.jpg
2895,BMbS2HVtQz6-vYB9nv_ZcgAAACMAARAD.jpg
2903,DIyPxdISQNeWNTJ-aBKk1AAAACMAARAD.jpg
2903,GgJ2xrptS6-rBlR7Lg6XBwAAACMAARAD.jpg
2903,I6YTZ_rzTiqnOl36TT7m2wAAACMAARAD.jpg
2910,BV6UMIXeRFGlJSDXgKdjXwAAACMAARAD.jpg
2910,LLrZ56b4TWWEUnVDqO79GAAAACMAARAD.jpg
2910,gdM3O8gURteqr7iNFJRFdwAAACMAARAD.jpg
2923,XSANg08SQEKrX-ttlfIbugAAACMAARAD.jpg
2923,Y4wMYAhHQMCeMMD1I_PpTQAAACMAARAD.jpg
2923,jKdup7lYQ4yL3W7WDLHCywAAACMAARAD.jpg
2929,cgcXZOVzTXy1Soom6I15DAAAACMAARAD.jpg
2929,HyN7szDHTluC8dKD__kT4QAAACMAARAD.jpg
2929,jiy5v5qeThOBdodbn-_RxwAAACMAARAD.jpg
2934,lQGfovacRMCmdlPpW5sQXQAAACMAARAD.jpg
2934,egD59s4ARzWOBN4myMbZWAAAACMAARAD.jpg
2934,aZQUIsOYQHG2e3qRGNQQYAAAACMAARAD.jpg
2944,O1CN01cCNdlH1IkRQYIH4MI_!!22690931-0-antinsbiocamera.jpg
2944,O1CN012vE2Of1IkRQig1l9l_!!22690931-0-antinsbiocamera.jpg
2945,O1CN016AyQdE1XJ9yG3cr7o_!!38492902-0-antinsbiocamera.jpg
2945,O1CN01jvCDDB1c5wcZHLhaZ_!!6000000003550-0-antinsbiocamera.jpg
2945,O1CN01sDhPJJ1XJ9yCQCK7d_!!38492902-0-antinsbiocamera.jpg
2955,oVeCXNVPRdqv9rqRpqge6AAAACMAARED.jpg
2955,6s3CzzcWR7yJ4ZK5RxzmqgAAACMAARED.jpg
2955,JzhtQbfUSneL-VFIa9y22QAAACMAARED.jpg
2957,Q7AAXg0vRkeEypg7Kn2lswAAACMAARAD.jpg
2957,ne2S8xu9R06BoDCh1-PwyAAAACMAARAD.jpg
2957,XADUc0NbS2eYQUmhHE8MmQAAACMAARAD.jpg
2969,Z_ztJmjCRHCao4Fzry7qZwAAACMAARAD.jpg
2969,FZwpiQ-2SV2_hpdC8ZFGYAAAACMAARAD.jpg
2969,LzyTon_fSwu7twPWvvCxEAAAACMAARAD.jpg
2973,XiXVG_XXT4OLnXzrOMcQ_gAAACMAARAD.jpg
2973,i6AYh_dYTy-P9pYFqbqH3gAAACMAARAD.jpg
2973,mqaa1X44QRuX6B1_OhvVEQAAACMAARAD.jpg
2978,O1CN01z0jzhb1uZreBz6kMh_!!0-mtopupload.jpg
2978,O1CN01JvHIz61Gou1PtN7Eq_!!0-mtopupload.jpg
2978,O1CN01ddbyVM24vWXG3B8wi_!!0-mtopupload.jpg
2979,V8wIuRLyR5SFqYmlEE3yIAAAACMAARAD.jpg
2979,nXYGd0SNTPWUlP08MWt7MwAAACMAARAD.jpg
2979,fnaMK6MbSbCl7yBMZ6dYDQAAACMAARAD.jpg
2980,mPcftR-5RuWn8HXAKsqb4QAAACMAARAD.jpg
2980,IofIcSRnT6KDWlx9v9npRAAAACMAARAD.jpg
2980,PAjjdRqiSMiZlh9xYoTDkAAAACMAARAD.jpg
2983,T1C92ERpQJShQOq8bY2ANwAAACMAARAD.jpg
2984,WZMWCMUzSA-SO45TH0MX2gAAACMAARAD.jpg
2984,HrXE1eIGS5KI6UpX5IAFXAAAACMAARAD.jpg
2984,k2VuXgchSsmzW9Rai2_KswAAACMAARAD.jpg
2993,9cz2lg0LQW-syd-thHE5uAAAACMAARAD.jpg
2993,HvPoeofURauYOi72oRbifAAAACMAARAD.jpg
2993,_5rpyjpWSs2I2safndvQAgAAACMAARAD.jpg
2994,L1qfFCg_RA6Uz5jbj-3OfAAAACMAARAD.jpg
2994,_II6tlDoQKmaG0N1DSOZKgAAACMAARAD.jpg
2994,UUyWOdpyT3m2sSmx_g9QhQAAACMAARAD.jpg
2996,6s5RFRJnSR-wHtuJMs_tYwAAACMAARAD.jpg
2996,ncZEncEZSji_QSA-z6cbDwAAACMAARAD.jpg
2996,nTRXa9M0TRaMgoKSnsdbdgAAACMAARAD.jpg
3003,nGIlZSCMRUqHo-OlMLe9OwAAACMAARAD.jpg
3003,otF9y3PHQZeT1uDTg3Ls-wAAACMAARAD.jpg
3003,bClgVSqFQQqGiFFK0oA10QAAACMAARAD.jpg
3014,O1CN01ZntaPo1qDdtsgFDbc_!!0-mtopupload.jpg
3014,O1CN01LPSteA1k3fa3GBnJA_!!0-mtopupload.jpg
3014,O1CN01EWnx2z24qU6rxqX8s_!!0-mtopupload.jpg
3019,1mdgCTLZTRayFRSpTtnSEAAAACMAARED.jpg
3019,uHAC0MwuRKqpXCp7dNyr2AAAACMAARAD.jpg
3022,CPyzlu2hSaKV8_XOkn2D_QAAACMAARED.jpg
3022,ug0SqLouRcGPncbIvBJLTAAAACMAARAD.jpg
3026,9BBPX1wMQzuEjfBEqLDxXAAAACMAARAD.jpg
3026,onPnoR4bTbKCk4Yd3n0r9wAAACMAARAD.jpg
3026,KEbmq1C5SDiw4DbimJfvcQAAACMAARAD.jpg
3046,O1CN01onSVuu1Yv0JRFD5NF_!!0-mtopupload.jpg
3046,O1CN01AKgmFg1PpCkzQu390_!!0-mtopupload.jpg
3046,O1CN01i8hyuV1F6e47WgtLg_!!0-mtopupload.jpg
3053,Yv0KlGumR4yGIznJMAx7UgAAACMAARAD.jpg
3053,4pHfMYhuT_GThbscBXt3igAAACMAARED.jpg
3053,WicRfmk8SM2QBNoa9fYNmwAAACMAARED.jpg
3067,8hpECcmUSr6yZmkbOiGx_AAAACMAARAD.jpg
3067,maRssFoBQ4SXuAgRGY33kwAAACMAARAD.jpg
3067,6hVSiiDISC6Rj-hif261ZAAAACMAARAD.jpg
3094,TpCaaafFT7uLVIquQtNJygAAACMAARAD.jpg
3094,ck9zbtoaSXybIc94A_kSRQAAACMAARAD.jpg
3094,GDwpHSD-SxGWl_LkAdqybAAAACMAARAD.jpg
3100,Jv32K8v-TKm0MJZ5YawdFAAAACMAARAD.jpg
3100,Sq4bm-79T5O5eQFIKZ1x_wAAACMAARAD.jpg
3100,CAaN-fthQWOyiwQim6VHOAAAACMAARAD.jpg
3103,YdKTIsgSRV-S27hyQj8kUwAAACMAARAD.jpg
3103,GGT8BzViQ7y2DnrFZk4xQQAAACMAARAD.jpg
3103,Lid_GZtURTmfqdtMMlnJDQAAACMAARAD.jpg
3140,NC0BMM7FTk6h7kdGHX127gAAACMAARAD.jpg
3140,c0YeO1JSSkOl2_nn_C-5EQAAACMAARAD.jpg
3140,r1rLXXX3S1OlxZzq7aniRQAAACMAARAD.jpg
3145,3aUCj_RsRGS3GtaLklKpuAAAACMAARED.jpg
3145,rdKnRZxQT3avnPqHT2hYQAAAACMAARAD.jpg
3145,OjXg0lQOSDmZTqvGwqKLoQAAACMAARAD.jpg
3156,7nF3azREShSYbcs-dXQ3zQAAACMAARAD.jpg
3156,ok7y2SN-R0SwiSRzpBD9uwAAACMAARAD.jpg
3156,Y4qJ9ooUR8qTozByMLnSZgAAACMAARAD.jpg
3158,nQ1eD8ccR7erUiZWjaaWUwAAACMAARAD.jpg
3158,wRrImVnHSHSUQnrS3ONqeQAAACMAARAD.jpg
3158,Jms_iX3JTCGOFiGG5ZOxvQAAACMAARAD.jpg
3161,VYEaLc-2TyaMSKZZVFlzYgAAACMAARAD.jpg
3182,KgU0A4jqRpWvW7vEMlX4fAAAACMAARED.jpg
3182,8xm2ittOQq6lNOdTu_JlSAAAACMAARED.jpg
3182,q22bTyI1Sc6SSM5za2drFwAAACMAARAD.jpg
3186,O1CN01z5xEdU1MGRqz2B9xV_!!0-mtopupload.jpg
3186,O1CN01syT89V1n5uMafNxDF_!!0-mtopupload.jpg
3190,MylHboYQRtexxAZq84JHbAAAACMAARAD.jpg
3190,d_BsfI4gSeyuos-kR6KSHAAAACMAARAD.jpg
3190,ucDE8m-VQ9mGhKddl3OXCwAAACMAARED.jpg
3192,O1CN01lHOKQ71C9u2Bb1Tnv_!!0-mtopupload.jpg
3192,O1CN01ERJ4OF20hXuve9rnp_!!0-mtopupload.jpg
3192,O1CN010jkWVo1yq86gnEpZC_!!6000000006629-0-antinsbiocamera.jpg
3195,O1CN016C6HhA22wJvPWDKiF_!!0-mtopupload.jpg
3195,O1CN01tlAoHt1kIKFpNswCp_!!0-mtopupload.jpg
3195,O1CN01SjfAAP25MXpn3eCfb_!!0-mtopupload.jpg
3203,2lTRptsASteCaLyYfQPYTAAAACMAARAD.jpg
3203,gGLMO4ycRAKoe8tpSN8sgQAAACMAARAD.jpg
3203,Y9b_7KZhQUaWFk5p0tAuyAAAACMAARAD.jpg
3209,BaI01fTrTVCU5SdupY6g8AAAACMAARAD.jpg
3209,BGw28a5PRVeirGp6bQKeKQAAACMAARED.jpg
3209,L5PCE_1IQje4hrxsKKf1xgAAACMAARAD.jpg
3219,zDu8Z517Tvi0vPse5VSChAAAACMAARAD.jpg
3219,XOTn5hcsRGKmbXwtQsKT9gAAACMAARAD.jpg
3219,nzNWLnknTLeFpA7rniGjowAAACMAARAD.jpg
3223,oHK2MVGkTyGHlWUYgp3dAwAAACMAARAD.jpg
3223,3kqyfiZBTOyomQKuj-DCewAAACMAARAD.jpg
3223,u2vh_mnNQ9qxEhtYUOPQxgAAACMAARAD.jpg
3226,L-B-MGhURF6i1ZAZUFdMbwAAACMAARED.jpg
3226,Uj1jzK7_TIGWhGgt7lZWoAAAACMAARED.jpg
3226,Tr71W4hAR4Cq0ok6VU9e_AAAACMAARED.jpg
3249,P0wPmWebSWKveKQ9B13kWwAAACMAARAD.jpg
3249,6OEy-bLNRH2gG17teH331QAAACMAARAD.jpg
3249,yxx4Er78TOCwQiI-v-C6uwAAACMAARAD.jpg
3251,tvKatj22Qlyw3Ib5d38N6wAAACMAARAD.jpg
3251,CsgGgwI4RWyc46RKXAtLMgAAACMAARAD.jpg
3251,J7ROJohaSwewyHiDO-6vsQAAACMAARAD.jpg
3268,HG4n8eUZQd-yysqooUwvHwAAACMAARAD.jpg
3268,8F9pVTV9RgKC6xOtN76NkAAAACMAARAD.jpg
3268,v3Fmp6cKTmedJqNJ5fgq7wAAACMAARAD.jpg
3269,MAZkSLUgRyqdZEapYd_CpwAAACMAARAD.jpg
3269,H1Ds0brSSnWDF45wlwtg5AAAACMAARAD.jpg
3269,8ccLjMRiR22wQUV1bKeH6gAAACMAARAD.jpg
3283,hHEMaiCfRNOYYFaQHDIN6wAAACMAARAD.jpg
3283,bNI1emvDQLCu-niM7VJl6gAAACMAARAD.jpg
3283,XS-rTvJuT2Ooo2oH8xqGNAAAACMAARAD.jpg
3294,2N2S_zsTRoaApegbtYFCGQAAACMAARAD.jpg
3294,3SK2sXhGSRC6YcLQdZTeBAAAACMAARAD.jpg
3294,cf_Ugc6JRYSrPlt8WTW0qAAAACMAARAD.jpg
3309,d_t8iaU5RRayYPn-na_yDwAAACMAARAD.jpg
3309,JAOjHjHcS4CauObgq-ZYAAAAACMAARAD.jpg
3321,__c53XWoTJGgRsRS4MKOxAAAACMAARAD.jpg
3321,xP076o7HQuGx5ng7MDyl7AAAACMAARAD.jpg
3321,JQ8j09WsQnSlLrOeub9apAAAACMAARAD.jpg
3323,6z5-sRnDQ6eaEbrhpPYYhgAAACMAARAD.jpg
3323,d7Zf8kW9TxSyD6KqcfA1jAAAACMAARAD.jpg
3326,ztKv9YUcQ0aUx8_pEYs4LAAAACMAARAD.jpg
3326,E9m18GFETiWO0Ao8UqyRwgAAACMAARAD.jpg
3326,VoebGDtKQl2qfSB1QsauwAAAACMAARAD.jpg
3333,frZh2SFFS8S7s3W-MfmGvwAAACMAARAD.jpg
3333,zs6NmX7DQE-VCm96OjDVJAAAACMAARAD.jpg
3333,hNX7cT-tQ1u6WQtnLBhg-gAAACMAARAD.jpg
3338,FKV9SP57S7GOsuof4IhwlgAAACMAARAD.jpg
3338,sCqU4OgkR2apaFQJwtUCOwAAACMAARAD.jpg
3338,FUGyEVr3SPuCO95k7Ebq1wAAACMAARAD.jpg
3341,M_RYoY2SQAmF8dM1QW6B7QAAACMAARAD.jpg
3341,Ebh1BCq6RpCrx-MSzDChqAAAACMAARAD.jpg
3341,BKHg6KS7Qvy-Bp7usWegbwAAACMAARAD.jpg
3342,5k4sjzVGR3KGbXsJaMWZDwAAACMAARAD.jpg
3342,weQXzgKcQ-iYRWqYydIAxQAAACMAARAD.jpg
3342,HTthGP9uSrmHKV3p4ac6zAAAACMAARAD.jpg
3348,dwoML0IOQguBEh7bwn-R9gAAACMAARAD.jpg
3348,PUcugxxsTLS0E-fgkWtGLAAAACMAARAD.jpg
3348,nO9MJBQ_S8Guwb-qTXzDvgAAACMAARAD.jpg
3355,da5HCm8xQnuCW_6EhpYyHAAAACMAARAD.jpg
3355,u1xVyKnLRjCUURSRQxeJHAAAACMAARAD.jpg
3355,wRuZfUi3SGCGXAkIeqgQMwAAACMAARAD.jpg
3360,HKf8C-aaRKGDMhedlNzr7wAAACMAARAD.jpg
3360,66MqsTM2StGpxi3pexcDpgAAACMAARAD.jpg
3360,0iWNHmtdT3WIteY42Nt7JwAAACMAARAD.jpg
3361,FnWsQyfTR3OOt-e916NEYgAAACMAARAD.jpg
3361,Ra0JrHAPQd-an2TDIJFF5wAAACMAARAD.jpg
3361,L9ogxAMxSF2b0P7SmRGcWQAAACMAARAD.jpg
3362,o5ZrvSA9RLaFj95SLJeGfgAAACMAARAD.jpg
3362,yKbHwyZPTdeeHLhFjV0VSgAAACMAARAD.jpg
3362,R_Oz5g5NSgSNKdk1AL1XtwAAACMAARAD.jpg
3377,vHq7xZb5SP2ZxpEhMnf96gAAACMAARAD.jpg
3377,kigRdq38R2STF0aShK5J1QAAACMAARAD.jpg
3377,0oUMWZG6TbOpnNBBUI0JDgAAACMAARAD.jpg
3392,O1CN01VRmUGh282LD20uTDi_!!0-mtopupload.jpg
3392,O1CN01XamdHn1kVbjxXlHfO_!!0-mtopupload.jpg
3392,O1CN01wQKt4H1RAYqAguHP4_!!0-mtopupload.jpg
3400,SPZEvy7WR0mLZ84CkIe6vgAAACMAARAD.jpg
3400,CD-mQD7yTP-C2_F5xSVBdAAAACMAARAD.jpg
3400,ZZNAIg3MQya3ti4yX_sg7gAAACMAARED.jpg
3401,0JthCVaYR66NKvppWKPhVwAAACMAARAD.jpg
3401,diXz9GjUQ8O6n2zyiq_3ogAAACMAARAD.jpg
3401,16rmbJ0XQda2W8ulca69IgAAACMAARAD.jpg
3403,4Bs3xpz1TxapOJCKkAJbpAAAACMAARAD.jpg
3403,5Q2Ts_ESTcifrZw9lNOKGQAAACMAARAD.jpg
3403,X4AwmJWmQDqcZgkOhNBD3AAAACMAARAD.jpg
3405,Fpjhf_UoTR-LpxjgzprT5wAAACMAARAD.jpg
3405,BHuTY1EPQKya8LtwZ30M0AAAACMAARAD.jpg
3408,uZH9VkjBR6yMZaDQmotlbAAAACMAARAD.jpg
3408,X4wEK_4ETKK-GwDui0qcygAAACMAARAD.jpg
3408,rcwh5_JeQaGHftks4VJ2QwAAACMAARAD.jpg
3415,UwYxRYBZTlWeneLWntuWjQAAACMAARAD.jpg
3415,r4PVI1MlTPG4PBEVkFF5-AAAACMAARAD.jpg
3415,dqSoGs7GTqOXRnsGRBuVSQAAACMAARAD.jpg
3422,Yj6eG85mQG6fWAMXaVT2ugAAACMAARAD.jpg
3422,VaOdXj0xSqKbv-hDxlVRMQAAACMAARAD.jpg
3422,l3GV1aYoRqiaTsr3ueRrYAAAACMAARAD.jpg
3428,fYo3u2RZQ8uBxtlXj_3oDwAAACMAARAD.jpg
3428,f4onmQkNQtekB3uFRteK0AAAACMAARAD.jpg
3428,gyeN5i6XTj2nDGF-eZM9xgAAACMAARAD.jpg
3429,htPZNJCyRGqTsR1Nnfos9AAAACMAARAD.jpg
3429,XepqIjwOTBeTjlqoe2d7vgAAACMAARAD.jpg
3429,3RWo5sQ3QgOgkEE0IBjj5gAAACMAARAD.jpg
3442,O1CN01HMdeA01LXZ2Odsaxj_!!0-mtopupload.jpg
3442,O1CN01UHAhfu1dihkuAJ6Ty_!!0-mtopupload.jpg
3442,O1CN01hDByVw1YlNzolfGGL_!!0-mtopupload.jpg
3445,YbfcYQGFR_-ugd9f2oDPWwAAACMAARAD.jpg
3445,75CnFUSZT428q905hhpJ6gAAACMAARAD.jpg
3445,N1dks_u2RZWUcinDHRVZSwAAACMAARAD.jpg
3473,zCkc4ZG2RLKBDtj4SVl75QAAACMAARAD.jpg
3473,TmoEBCLMSDeYgMZanW06LAAAACMAARAD.jpg
3473,HAlPMF6bRuyQ5GKm1m7UEwAAACMAARAD.jpg
3498,nLYqy-IPQEaEJ0nT-yjDUQAAACMAARAD.jpg
3498,EuNsnL3OQIaKrFW-FfZSIwAAACMAARAD.jpg
3498,XE-04TBkQjW2IID5MPshywAAACMAARAD.jpg
3502,iXrJgKA7R2ehJnmQz28hewAAACMAARAD.jpg
3502,CaZJjLndTA2kv47qCGcpCgAAACMAARAD.jpg
3502,5VqQBipoSguI0apuimaH8gAAACMAARAD.jpg
3511,q6vD56CKS-6VkOu1EjEG0QAAACMAARAD.jpg
3513,da7NxuohQO6TrY7nNQ3-EQAAACMAARAD.jpg
3513,X1qESw46RT-VRMTLaarPEwAAACMAARAD.jpg
3513,64nZ4nC0T7G-40-p0-XPMgAAACMAARAD.jpg
3520,ghryWrvfQsSTkwRRAxATyQAAACMAARAD.jpg
3520,-SJHelDESymQnkQLzxKlEAAAACMAARAD.jpg
3526,ksSppSkvQ0S5whILabI3ugAAACMAARAD.jpg
3526,5LxErIEPQm-Lsa92fDafJAAAACMAARAD.jpg
3526,1a6zORYrSb6WKnRVTUq7gwAAACMAARAD.jpg
3528,hsZNfCYXTT6IDyEi4WVmdwAAACMAARAD.jpg
3528,1nBKJQBuTJGX0hbQZNlvQAAAACMAARAD.jpg
3528,i3XvPmmLTty9catSNuCJnwAAACMAARAD.jpg
3535,x9BQE10sRPe26lBgcULfPgAAACMAARAD.jpg
3535,04DbnQwuQ9-V7aXBO2DEHwAAACMAARAD.jpg
3535,mVX_PQHxT_GtiLV6OSMxwwAAACMAARAD.jpg
3537,O1CN01gOEICO1NOWRwFzJfc_!!0-mtopupload.jpg
3537,O1CN01Qv0qVb1ZToPlVhKI8_!!0-mtopupload.jpg
3537,O1CN0109ZCMk1CDZCc5FpDP_!!0-mtopupload.jpg
3543,N3aGcFZ5Tt6UdUFS7gxTOwAAACMAARAD.jpg
3543,MMt_iAgARf6T_Obg6vz_zAAAACMAARED.jpg
3543,KybL_cK9QeWRMEd780Uy_gAAACMAARED.jpg
3544,O_9tu6PdQfCAGhHfde3WGgAAACMAARAD.jpg
3544,FWouOG6iSzWpyJ2c6nHjVAAAACMAARAD.jpg
3544,RxbCCnPDQwCPA8xpU5L2NAAAACMAARAD.jpg
3546,qDxbnKsGQGag9DBtcWtlyQAAACMAARAD.jpg
3546,Udaw4euYQu2YOAYAjoANqgAAACMAARAD.jpg
3546,SnPE8USTTWeUwRE_2qCbJwAAACMAARAD.jpg
3548,n4xabOx4QWCh4twQrVGIgQAAACMAARAD.jpg
3562,-4rOCQlwT5ednnqCt8nDGwAAACMAARAD.jpg
3562,o_D2J6FkRlCZxYTSoKUwWwAAACMAARAD.jpg
3562,bkWDAmckTlSLYpY5UgTyXAAAACMAARAD.jpg
3579,2hThfX84Qg64nsG81y9RTgAAACMAARAD.jpg
3579,ivy5nIK5SN2iWvUZBRIM9QAAACMAARAD.jpg
3579,mJqaIc3uTWu3S03N37c0ygAAACMAARAD.jpg
3584,bVHcTTL3RQGIyOssUwQtjwAAACMAARAD.jpg
3584,u2Qy5XeUQRSDPGcK9rgk6wAAACMAARAD.jpg
3584,4wqLHxcyScWES5oeXhLzawAAACMAARAD.jpg
3589,3tjIw0kWRVu4ZAkxX49UAQAAACMAARAD.jpg
3593,UsG-IrOuSYKbXID9NNRamAAAACMAARAD.jpg
3593,AUFUyIzdQh29WRYzcykyXwAAACMAARAD.jpg
3593,piUduJf9R6y1tWHDjUWb5QAAACMAARAD.jpg
3599,AhhoCSOsSzyjz74-B8gqgAAAACMAARAD.jpg
3599,cU3SujOLS9OPOo9w_8JvzgAAACMAARAD.jpg
3599,aMdbbxOtTC6mfC9Pi6DgGQAAACMAARAD.jpg
3605,IECSqrZIRyyH9hTfvlZaPwAAACMAARAD.jpg
3605,XvEISBXzQqKW48e9SphaMgAAACMAARAD.jpg
3605,SZeAtZJLTkue55fETia32wAAACMAARAD.jpg
3606,7Izx53g6QAuWvDiCyXL7EgAAACMAARAD.jpg
3606,ItMI9HNZTRCGw5ZzGwSpaQAAACMAARAD.jpg
3606,0DrBosxjRlm7IG7Uu3fvsAAAACMAARAD.jpg
3616,QhNmcgB8StyFo88OhTDcWgAAACMAARAD.jpg
3616,3SQVraSIRQKSX8F5MxE84AAAACMAARAD.jpg
3616,kBhoftcJT7e3AR8B7rwNrwAAACMAARAD.jpg
3623,MHjlGbxhSzuQ2VpANQpddwAAACMAARAD.jpg
3623,ItoYAO7yQouk1llqOd16CQAAACMAARAD.jpg
3623,Fq1HkzxoQaiBeRzbOZOi0QAAACMAARAD.jpg
3624,O1CN014cIM7h1GQAZ6Mm4Wi_!!0-mtopupload.jpg
3624,O1CN01AN0DJR1YBChpiYNqb_!!0-mtopupload.jpg
3624,O1CN01f5IDaK27k1MpBl0PF_!!0-mtopupload.jpg
3631,iY9yWc3QTcOx6n-kOIIz7gAAACMAARAD.jpg
3631,G-MSAzgASrGgCWRr-CSISgAAACMAARAD.jpg
3631,T61kZWM_QyyjVO_zDw9ungAAACMAARAD.jpg
3646,jW6uf1QPQvC1fDWuYi2m8gAAACMAARAD.jpg
3646,Ec-GWSp4TumVP3cXrrJfVgAAACMAARAD.jpg
3651,2a6qMY-eQjmydXrNH8g-8QAAACMAARAD.jpg
3651,C31ai8TvSt6Aw7nn7WL8EAAAACMAARAD.jpg
3651,M5qyXN0IQDmFV__iZ5mxEQAAACMAARAD.jpg
3660,7F5GgZ6eTpmFpOIfeUU-3AAAACMAARAD.jpg
3660,0ZtjBTLARn6qt52yuQnElAAAACMAARAD.jpg
3660,JQWS0PGVTK6mPX4AOT4KMwAAACMAARAD.jpg
3674,VrXVzGm2Tpyrp2KsKbA7PgAAACMAARAD.jpg
3674,S25MaRMMQ_iWrjC-_Sh1RgAAACMAARAD.jpg
3674,ab8HIIiZTqG5-rsdSStVDQAAACMAARAD.jpg
3676,Kn8XqtIhSryOhVcmBoV3oAAAACMAARAD.jpg
3676,cJl8B2jjSyaKRqpEJMWTEgAAACMAARAD.jpg
3676,gGtVXsUMS7CufhWjoMeSjwAAACMAARAD.jpg
3697,8kARUQ51Q2qBAaQMZXs_MAAAACMAARAD.jpg
3697,OpgTfethRwmlkvrqtsjxbwAAACMAARAD.jpg
3697,usrmMx_GRba2kYf0d-OO1QAAACMAARAD.jpg
3698,O1CN01jdoFrE1WnYdoCpaBE_!!0-mtopupload.jpg
3698,O1CN01epR0xK1WSUQEcG7FY_!!0-mtopupload.jpg
3698,O1CN01NZ3J5s1Lt5eV9suJO_!!0-mtopupload.jpg
3701,OpCSNS1aSAuTXIC0S6ogewAAACMAARAD.jpg
3701,5zxCNHTRSX6xWrbnOdarkAAAACMAARAD.jpg
3701,Lb30IMwHRPmIOGnynSRCMQAAACMAARAD.jpg
3707,VyvxA09HQ9Wn3Bw6-vPUCAAAACMAARAD.jpg
3707,l7LlQEUyRtKxBMqdL4p38AAAACMAARAD.jpg
3707,zlJ5Sr9qRIe7U5Newhi0LgAAACMAARAD.jpg
3724,6U4EIcWDTzqJ2eXd7Cxi1AAAACMAARAD.jpg
3724,VcdJgZnSTGuamfCXXXnLAgAAACMAARAD.jpg
3724,rovw_GrAQOSHEi-L201IugAAACMAARAD.jpg
3731,lY3RC9HzSNGnxSEIZsEfYgAAACMAARAD.jpg
3731,t81Jr_6LRcmtTcTh2G8BpAAAACMAARAD.jpg
3731,GIgIeD5PS5Cm0npAdSRqmwAAACMAARAD.jpg
3734,QemPmgrtQ0-aWozkhbX_kgAAACMAARAD.jpg
3734,11yV_KqvSrGfn50W16TtRwAAACMAARAD.jpg
3734,XBxcAxA1SaOzWvX7ujIr2wAAACMAARAD.jpg
3735,O1CN01G7db8j1qwWiIWPNa9_!!0-mtopupload.jpg
3735,O1CN01rqxIws21qXJ3zzfZx_!!0-mtopupload.jpg
3735,O1CN01wHKDvw1IwLch7mBxE_!!0-mtopupload.jpg
3736,R_lIr9HoSymBv2GkWbgVFgAAACMAARAD.jpg
3736,TmNZdOMjQ8WgU8JPq49y9AAAACMAARAD.jpg
3736,9rpV88xPSKCAZM9GmwDo0wAAACMAARAD.jpg
3744,AmX2Gh__Tju_71iDcpKJIwAAACMAARAD.jpg
3744,NmIJz9J3QYKeeI9BKWb3iAAAACMAARAD.jpg
3744,V4U01RoxQX-ldp1dUAWoDQAAACMAARAD.jpg
3771,D3deQkugSO6LZeXmIXHpVgAAACMAARAD.jpg
3771,hTUWuxjLQLatnweU0UusOwAAACMAARAD.jpg
3771,2gbC7vVpRb6oLhhBtMylvQAAACMAARAD.jpg
3776,zt5WH3y1SUOwGwOn6iH-7AAAACMAARAD.jpg
3776,eAYV5ef7RVuIzDE-itmdKwAAACMAARAD.jpg
3776,roYOBuvNTZmZZA74IbQtLwAAACMAARAD.jpg
3779,O1CN01MmZlKN1ruyzra3mWE_!!0-mtopupload.jpg
3779,O1CN019sVLiY1EVXzBb6C3B_!!0-mtopupload.jpg
3779,O1CN01UL5G2j1ZvIBDa7K6B_!!0-mtopupload.jpg
3787,O1CN01xfcngz1YY6ZphBmnk_!!0-mtopupload.jpg
3787,O1CN01KyOAfa1VO53vUZvqW_!!0-mtopupload.jpg
3787,O1CN011vkAuA1WtVrH7dxlo_!!0-mtopupload.jpg
3794,rQtKRQhXSmivgPXosfC3aQAAACMAARAD.jpg
3794,Z0JpU05GQxCI9Lb9v37SQwAAACMAARAD.jpg
3794,Tabk9kg9TgCBqHSd6P2Q4gAAACMAARAD.jpg
3796,O1CN01BaRoAr1dqwsysSkgD_!!0-mtopupload.jpg
3796,O1CN01hpAAVZ1lVRD2cMBJg_!!0-mtopupload.jpg
3796,O1CN01yorSiB24ihNTAwDhl_!!0-mtopupload.jpg
3813,AqXchAkcRZO7PC4XWF5gzQAAACMAARAD.jpg
3813,aLAOgZ2uRR6FUaQM_EP1IAAAACMAARAD.jpg
3813,hHJAWPJNT4WqzAAz8Be97gAAACMAARAD.jpg
3819,cPAWgG14Q_KymaXKh2gUcwAAACMAARAD.jpg
3819,RKz0EIZQQJOt8Wm4YICA-wAAACMAARAD.jpg
3819,eruPBCl2QmK-1bRDZwdWawAAACMAARAD.jpg
3823,M-Qjm4fkRJeY8XHFLqnenAAAACMAARAD.jpg
3823,HcsarOQzQrOE11zy_cnxnwAAACMAARAD.jpg
3823,5wG_HgRkS2mfjDWm3bdD0wAAACMAARAD.jpg
3829,IJ8amjRARFOaNbFGGa_vbQAAACMAARAD.jpg
3829,BLeEhoOLQo-PFKfvx47-HgAAACMAARAD.jpg
3829,T64m08sZSTyxuDsa5PYOwgAAACMAARAD.jpg
3838,G_jO4Tp5R6OYX_fKDIUv-gAAACMAARAD.jpg
3838,jIq8ly_MSJSOALumHWsq0gAAACMAARAD.jpg
3838,XkD_bxAKS5WE7JreVSqU1AAAACMAARAD.jpg
3848,tbKGX4TfRmyDcxc43kPQ9QAAACMAARAD.jpg
3848,1ocGkY01T7K_DAl3n-uQLwAAACMAARAD.jpg
3848,_HCqSj_RTTGV-Sbyvo1JBwAAACMAARAD.jpg
3851,11IMRtN8SE-xuYblvD6gaAAAACMAARAD.jpg
3851,enhtcOq4QViKY7uFFuZyhAAAACMAARAD.jpg
3851,j2aPohm2RuCcIGUorq9xDwAAACMAARAD.jpg
3854,O1CN01LtB7CE1jQHWCdl0KP_!!0-mtopupload.jpg
3854,O1CN013njqOW1jQHWEyJSr1_!!0-mtopupload.jpg
3854,O1CN018ujOTW1jQHWB98OK3_!!685284542-0-antinsbiocamera.jpg
3863,VdprWgrtRYSMl8XTAjO_OwAAACMAARAD.jpg
3863,DVC91NoRSsSznalEearShQAAACMAARAD.jpg
3863,QlbY4Ia9RGSiyNHMUlcv5QAAACMAARAD.jpg
3865,E30z9Y5nS5mcL8pF9J7eJgAAACMAARAD.jpg
3865,6Ta7H7kPToytbEYZMdO1ywAAACMAARAD.jpg
3865,5yX-40d0QcKPJmxRysxA6gAAACMAARAD.jpg
3877,O1CN01QpVgRu1Y4KlWTyAtF_!!0-mtopupload.jpg
3877,O1CN01jhKfvh1PxRsuGzzh6_!!6000000001907-0-antinsbiocamera.jpg
3877,O1CN01O2z7kH1P4wknvnDd2_!!6000000001788-0-antinsbiocamera.jpg
3880,Sa8W3pgLRuauJZnlupIBHQAAACMAARAD.jpg
3880,0HmctjqsQjOHQ3-FGaEvkwAAACMAARAD.jpg
3880,vp5rwj4ZQi-BgF7ZJBCw-AAAACMAARAD.jpg
3888,lBhkEVh_Scy3QNuwx0tSigAAACMAARED.jpg
3888,BBlM4d5fRoGEQ0WGaxbUXQAAACMAARAD.jpg
3893,59ydf7ldRfSPmONcy8lorgAAACMAARAD.jpg
3893,okwo8iVQQ1ajw9b2PYoNogAAACMAARAD.jpg
3893,UW882mh0TDmgT7-UorDYhwAAACMAARAD.jpg
3897,44Co3RMoSiWwVdn2DCVN9AAAACMAARAD.jpg
3897,IC1uwshuSxediKm1-kTg5AAAACMAARAD.jpg
3897,zENs_AgTSpm5Q3bXhRK7tgAAACMAARED.jpg
3913,OpoQQUTZR1mEw3owWKVzVAAAACMAARAD.jpg
3913,Pi-28WJMRp6YRXSH7vgHnwAAACMAARAD.jpg
3913,gX95WEvOTu2GuxB-IT8mhgAAACMAARAD.jpg
3934,LrvxzSDtSRGsQBjRTn3d5AAAACMAARAD.jpg
3934,3R5zk6EzQVm_XhQtXAmGuQAAACMAARAD.jpg
3934,40YCNGXWSb-_0lKj3kLsEwAAACMAARAD.jpg
3940,WOP1QCMWR1OuPZmg_C2VtAAAACMAARAD.jpg
3940,NeMqB8myTF6XCunDJZhZOgAAACMAARAD.jpg
3940,hlLA39mfQBymo7IsoSaOdwAAACMAARAD.jpg
3953,SWluRl2_SYqBVlONl56_ZQAAACMAARAD.jpg
3953,u2H2mrxNSM2aVJiLLVnkRwAAACMAARAD.jpg
3953,3hMkt8qNRmi3QOrBXtLV0AAAACMAARAD.jpg
3961,8ixPq5SAR7KzlFJvIyodxQAAACMAARAD.jpg
3961,n3Z_QqmbS8-wWpH565Bj3QAAACMAARAD.jpg
3961,e4zUOiGvQPigqwo5Pp3KLAAAACMAARAD.jpg
3965,bWrVKQMHQ3yT7HepRrK54QAAACMAARAD.jpg
3967,R1Iobn6STaGmiizCAlzXYgAAACMAARAD.jpg
3967,YvpyRHA1R6G35KDGlW6fwQAAACMAARAD.jpg
3967,LlbX6IOxTyyTUT4lZR7g5gAAACMAARAD.jpg
3978,O1CN016aSymJ1iXmO3c2vs4_!!0-mtopupload.jpg
3978,O1CN01Rph5sM26l6gt4h6Vp_!!0-mtopupload.jpg
3978,O1CN01HnEzYc1prCUaxMZv7_!!0-mtopupload.jpg
3978,O1CN01Fq2F5q1Bvhl2T0Yli_!!0-mtopupload.jpg
3979,7RWb871WT2K7iFu5ofZhvAAAACMAARAD.jpg
3981,p1SUI3gGSwaAsfKaUhJsuQAAACMAARED.jpg
3981,gPLUd4xsT5e_MQaftylzdwAAACMAARED.jpg
3981,uTizheh6T7uUGsHN08RqBgAAACMAARAD.jpg
3981,ltm-g4XsRROuNbdmTlPZlgAAACMAARAD.jpg
3989,AaiyEHf2Sx6oG7jjpQEQewAAACMAARAD.jpg
3989,BEskcUShT0WPfEfAYSjjCgAAACMAARAD.jpg
3989,whSkyGiXS0WYYYmGJodCoAAAACMAARAD.jpg
3989,MDL4onQXQLmBkOnpWW9CAwAAACMAARAD.jpg
3991,9Nlq5MuUTJKVUDZXPSiwBAAAACMAARAD.jpg
3995,O1CN01ZqOQMR1QPqRRO88td_!!6000000001969-0-antinsbiocamera.jpg
3995,O1CN01BSkRTk1ReKaJeF6Tj_!!0-mtopupload.jpg
3995,O1CN0189SE3s1V9QJpqgjKw_!!0-mtopupload.jpg
3995,O1CN01a4T1ZK1qDdtsGbLck_!!0-mtopupload.jpg
3997,6d4_co6OTRmCOiclIsCC1wAAACMAARAD.jpg
3997,jhBry7OiQ4W6TULmery0CQAAACMAARAD.jpg
3997,dlUgDkDmRF6zf2zibXZMdAAAACMAARAD.jpg
3997,_oSJHt2GR7SotGEECF_k3gAAACMAARAD.jpg
4004,_7iKli1TSPSXS-zm9nFL5AAAACMAARAD.jpg
4004,ob6vG33NTfmHwGU8NMEOEQAAACMAARAD.jpg
4004,Agi4UEFKShan4g7Eq2h_sQAAACMAARAD.jpg
4004,hPnFzQ7RRyONGjr_QrIv5QAAACMAARAD.jpg
4017,9KOLUNUNSWq92nYA8HIdNQAAACMAARAD.jpg
4017,7J49QT9OR2Sg364S4PDRjwAAACMAARAD.jpg
4017,D37N3EydSO-WztWFGibXpAAAACMAARAD.jpg
4017,TAN2X5RSQnaCYxQKRGkt2QAAACMAARAD.jpg
4018,82cv6kXIQR6Mt0kNK2HBlQAAACMAARAD.jpg
4018,9vyUBN7hSq67KBdVUBx8rgAAACMAARAD.jpg
4018,mWSbbshNQtSsnJsgsqABEQAAACMAARAD.jpg
4018,l8dqKRedTb2VtXBTs4nTyAAAACMAARAD.jpg
4020,isP3jzjmTiOXqUyJkphdtwAAACMAARAD.jpg
4020,JVfxk3X9QGyyl3LrwMhfrgAAACMAARAD.jpg
4020,fpo_lNwwQHmc55OfWPYp9QAAACMAARAD.jpg
4020,mVWFTj63ReWdZujcQ_y_zwAAACMAARAD.jpg
4026,Nv0uM17bRma0gXGfpusnXAAAACMAARAD.jpg
4026,6KU4O1_VSo-1wT5nVfY9qQAAACMAARAD.jpg
4026,EzVrqORCQcqgN9myhmm09gAAACMAARAD.jpg
4026,4-wKYH4cQW6iRVuQOgnWVAAAACMAARED.jpg
4040,gD3luQfDS6yDzMiEGLexBQAAACMAARAD.jpg
4040,1-dWWbXST4y5ds1thWeNHQAAACMAARED.jpg
4040,Dl7Y8UauQI2L9XJCzWgM0AAAACMAARAD.jpg
4044,9-c9gK6lRaqpP4zt7ZzZFAAAACMAARAD.jpg
4044,ClmIDy_AT2SozAhOJPWa-QAAACMAARAD.jpg
4044,dZo5CdsASoawgtya75MMmwAAACMAARAD.jpg
4044,WcUt-TDgQv-Px5iQJJORLAAAACMAARAD.jpg
4046,bh_Yb8CCTaOznldSGmU8GQAAACMAARAD.jpg
4046,_eBAyO5bSdaC-WJiuqLjiQAAACMAARAD.jpg
4046,HcWlGBuwTmW7Yz1_yxxSXwAAACMAARAD.jpg
4046,6zRQ7QkBS5meAJd65o7JOgAAACMAARAD.jpg
4050,E7m2RnQ3RyuYWBEcnv_LMgAAACMAARAD.jpg
4050,RWkjawS-SkCKoD_7xUo8xwAAACMAARAD.jpg
4050,HgQXBjV-Tzq0_7TT864AngAAACMAARAD.jpg
4050,C5EBRkvvRWKKksg7YqRYUwAAACMAARAD.jpg
4073,VV3-yNd5RLWanQAHLNoMmQAAACMAARAD.jpg
4073,-MaD9tGjT1S3ll3Xg-nx2QAAACMAARAD.jpg
4073,DH1sNPBIRAuKzt2u0qifYAAAACMAARAD.jpg
4089,UFEvwPUEQ3CUO3BHOkUV0AAAACMAARAD.jpg
4089,w7HUtZ8jTLa9ERSinI7N-AAAACMAARAD.jpg
4089,Ez-U-fYlSxurldZ3cBzjkAAAACMAARAD.jpg
4089,w4JJRGFVQRmSt_JQvLDMXgAAACMAARAD.jpg
4095,MeJoy4WORoKUQxFyjXaDvwAAACMAARAD.jpg
4097,8Z2z5ibGRvqdwbHKL-AZNAAAACMAARAD.jpg
4097,pNPJPCS_Rzy9I0o4uYgpvQAAACMAARED.jpg
4097,ZVree_E1RriDTS2j9XcAkgAAACMAARAD.jpg
4097,N3rqq7qvSrOQRJ5g5e60NwAAACMAARAD.jpg
4107,OCnjivYsTu2NJSRMjYXtnQAAACMAARAD.jpg
4107,QJi4f0MNSUyg669wn_Jg-gAAACMAARAD.jpg
4107,AsGUVzDEQUK6vtqilTO2pAAAACMAARAD.jpg
4107,8zsRZOxXSpqpiXoICobIfwAAACMAARAD.jpg
4115,GlIsDT_WRSWIVnyDx40cogAAACMAARAD.jpg
4115,APlem9R5SeCFOyNWDkoBpgAAACMAARAD.jpg
4115,BUmRHtQ7TjS-SVV1fRHKYQAAACMAARAD.jpg
4115,HipllTnrROGS-WpQZr73cwAAACMAARAD.jpg
4117,348RRBqbRuOPRSaEaSIXxAAAACMAARAD.jpg
4117,IjbfbV5lTEWz9roSXNT18wAAACMAARAD.jpg
4117,rAcvGjYHSnSwvusbwMSkBAAAACMAARAD.jpg
4117,HlegUcRFQF6iE-cQYOBNcwAAACMAARAD.jpg
4120,O1CN01zQ09ep1rfrvLv9QS0_!!0-mtopupload.jpg
4120,O1CN01gOYlsi1MTjL2z86An_!!0-mtopupload.jpg
4120,O1CN01ehKecv1iU7DTG5Te0_!!0-mtopupload.jpg
4120,O1CN01KIO5R126E8AreBdR5_!!0-mtopupload.jpg
4134,S__nPpAjSYiSeTsePk-k-QAAACMAARAD.jpg
4134,_WE5mgJLRfub1Fs6IIaE8AAAACMAARAD.jpg
4134,n_Q6nGJTTlaq2cfSB2_tMwAAACMAARAD.jpg
4139,O1CN01D0j1TT1NZyNW0hSmw_!!0-mtopupload.jpg
4139,O1CN0120hZ8L1tCDXaNb4SI_!!0-mtopupload.jpg
4139,O1CN01c5LQrM1YjYRFVjvDF_!!0-mtopupload.jpg
4139,O1CN01JG829x1FZV2n5cijU_!!0-mtopupload.jpg
4141,qucwkWUyS4iZ05Dp4O1dtQAAACMAARAD.jpg
4141,guDGJMjiR1qQUdubrZ-cKQAAACMAARAD.jpg
4141,I2wEm5ACTkaAyF52Al6aOQAAACMAARAD.jpg
4141,FVCUhDZHQYWq6_uIwR9YPAAAACMAARAD.jpg
4148,O1CN01PgZJCH1wPuCIFgP5b_!!0-mtopupload.jpg
4148,O1CN01b5HKY21M2FZUK7anC_!!6000000001376-0-antinsbiocamera.jpg
4148,O1CN01xrIM291Iap0Y6j4fS_!!0-mtopupload.jpg
4148,O1CN01nUUGQm1o8UCy2HNYZ_!!0-mtopupload.jpg
4150,XnGJ1gviT0Skf1avygeisAAAACMAARAD.jpg
4150,CXyh_lz3Rd69HiZE31su8gAAACMAARAD.jpg
4150,smw7jfsRTj2tlSvk02kdqAAAACMAARAD.jpg
4150,s6mLsTa9TpCqY7bx7vbfoQAAACMAARAD.jpg
4154,vBqnteAcRxG7D1Z7zp_trwAAACMAARAD.jpg
4154,3FCOus6zRBu_aUpwm7keVAAAACMAARAD.jpg
4154,piFSgVxrQzi1idkATzay5QAAACMAARAD.jpg
4155,sp-0zzzHSsuWxaqSCICF2gAAACMAARAD.jpg
4155,cPpssp2xQam6_5J3vRWESgAAACMAARAD.jpg
4155,1lOTGhEWSLy4j0faZhNk9wAAACMAARAD.jpg
4155,7IQAgAAUTsCFCTy_kdpmqQAAACMAARAD.jpg
4161,M8a40erBQkquDEliHgYD5wAAACMAARAD.jpg
4161,A4I7GGB4SAev6NXaBAHMPwAAACMAARAD.jpg
4161,S31wIYJgS7eahM57KOuGIgAAACMAARAD.jpg
4161,h_Wr1QgdQy2aS1qznCYqhQAAACMAARAD.jpg
4164,m3sKaWOCRBOJir2b96ywKwAAACMAARAD.jpg
4164,nLNiEc0AQ6-X0fI_AVpJnwAAACMAARAD.jpg
4164,abR7ngufRYOI0cLYqPt5BAAAACMAARAD.jpg
4164,82gmqE_ESpKi-BPQXsP2UgAAACMAARAD.jpg
4170,O1CN01mHKhWz1NPRFAWQq6u_!!0-mtopupload.jpg
4170,O1CN01gt5n0527KNBdtpmQC_!!0-mtopupload.jpg
4170,O1CN01D4KG4A1RiS9LBQpxd_!!0-mtopupload.jpg
4170,O1CN01SF9DVQ1YBChp3c5rs_!!0-mtopupload.jpg
4175,okCX6eLFQsusCkvtjHuTZgAAACMAARAD.jpg
4198,4bu9T-vETz-A4Ht7S7FCLgAAACMAARAD.jpg
4198,ovAogq-FQpmUHATM3RB10gAAACMAARAD.jpg
4198,MEkeAvD3Tyyam1Th3tA9ywAAACMAARAD.jpg
4198,74s4WPp7TCqm6KRIXmFsxQAAACMAARAD.jpg
4200,W6q7Q70-TnqGSUfy4wXKsgAAACMAARAD.jpg
4200,ZME1OPahQ6qUeEV_2uPFPAAAACMAARAD.jpg
4200,Il2Flg_LSYu7IontBB6ICAAAACMAARAD.jpg
4200,McEUxHK0SQKgmlv6VfB-WgAAACMAARAD.jpg
4204,srpElNtiSFGcyZTmajRVrwAAACMAARAD.jpg
4204,yj73hys8RFuNr7JSJ13qnAAAACMAARAD.jpg
4204,X9Wc46EvSlKIhRl0MA4puQAAACMAARAD.jpg
4204,MCF7n2CQQGqrrFqMCTfggwAAACMAARAD.jpg
4216,jarH4KeVQTy5Ce6vcrSVfgAAACMAARAD.jpg
4216,DuApSC9ISZmGZyepMCRZzQAAACMAARAD.jpg
4216,fLqMHjdRTSCx1XxpNM338gAAACMAARAD.jpg
4216,suQ8M2y1T9CR3kvadbgjmQAAACMAARAD.jpg
4217,aa7zyHXDTpG_izVQrADmtwAAACMAARAD.jpg
4217,y5Df6VSfSU-n_yCCoZv_2QAAACMAARAD.jpg
4217,A9yVYHZqRg-jAG3qhaTfvQAAACMAARAD.jpg
4217,OO-MWT1ARN2JB46UDwR3xAAAACMAARAD.jpg
4220,71D1bsrvQYaskDMKvKKGxAAAACMAARAD.jpg
4220,r128ZU43QOi1jabOJQuJ3QAAACMAARAD.jpg
4220,fVpAWVpBQM2GK7CAfHa67gAAACMAARAD.jpg
4220,27lLtp1DRTCgAWgIEDzyUwAAACMAARAD.jpg
4234,Sl5jZE8mRpWkhisthGySfAAAACMAARAD.jpg
4234,Ud0AHxCETBu5b0uVVM-chwAAACMAARAD.jpg
4234,7g6LLgGaSNSzb4XQtWoU0wAAACMAARAD.jpg
4234,nK-JvB3bQb2I_KHEnt186AAAACMAARAD.jpg
4240,39JJsePCTfmp_dbK6k7QJwAAACMAARED.jpg
4246,kq8zHbPFR4OHYihzRRUgJgAAACMAARAD.jpg
4246,T6rScEwHSjutxGtSDbm50AAAACMAARAD.jpg
4246,5wmCuKTVQz63kssWOt4DYQAAACMAARAD.jpg
4246,FQxnoa4qTr6ZAeq6LC679AAAACMAARAD.jpg
4247,UsXgPuhRRAqWIGseGT8mPwAAACMAARAD.jpg
4247,6udypm5US5G1k8xEgwNyhgAAACMAARAD.jpg
4247,lwQmkmspRIumEKk9vTOLcQAAACMAARAD.jpg
4247,ynxiOv6yT5ixv9wivAE6lQAAACMAARAD.jpg
4252,21L67gauQ-OW4SxHeogM9gAAACMAARAD.jpg
4252,R9BTB7V4RraDFEuPTSJNBgAAACMAARAD.jpg
4252,6WriP3ThSyKoISn8fSP4qgAAACMAARAD.jpg
4252,7MvEUvEdTsuGaa5jVxv9ZwAAACMAARAD.jpg
4273,uwrlCYgYQaqUFnv7RFZ34QAAACMAARAD.jpg
4273,r0bCr4b2R2qChfaguNXpsQAAACMAARAD.jpg
4273,acmQGfJjSh-_Ni_z8Lf1lQAAACMAARAD.jpg
4273,SwIWKJWKTU-ub5LLb2YzFQAAACMAARAD.jpg
4280,KsnEXz06TIyPwi04USsMjwAAACMAARAD.jpg
4280,HExH-FwqSviGrxKedMCCKQAAACMAARAD.jpg
4280,9GroXZNLSoy1p2uEkRpdWAAAACMAARAD.jpg
4280,zyPBGfO8RVuhl8k4vfrdpwAAACMAARAD.jpg
4287,OYr_X_EsQFm813JL4QXBcwAAACMAARAD.jpg
4287,9g68i2zORguCGfWcZ1BcRAAAACMAARAD.jpg
4287,99FTas6oTK21UTzGXCnnAAAAACMAARAD.jpg
4287,Wd2Bl2mES9CjkcWoz6qY5wAAACMAARAD.jpg
4288,oNF3w_TEQMG0-kv4udG4VAAAACMAARAD.jpg
4288,lpNeoCv5TZmwTjmSTu0sPwAAACMAARED.jpg
4288,3R9IpJ78RNWtmSUJwTLTHgAAACMAARAD.jpg
4288,1EzY9oLrSjqekoB6bfKyzAAAACMAARAD.jpg
4295,ebigy6WlTI6ZRBJEsKc3uwAAACMAARAD.jpg
4295,ziY_0cPbTWKJJ1rWso1BvAAAACMAARAD.jpg
4295,uPZHVyLASACxrnLsAgPuEwAAACMAARAD.jpg
4298,lkZqIT6ORkKCCJ31bE6_UwAAACMAARAD.jpg
4298,5W6m0ozARzyZYFHHsRUWdAAAACMAARAD.jpg
4298,RHxuqP3uSpynndHyGelQ2AAAACMAARAD.jpg
4298,oIxgHR0oQJ-2tlJAJBYT_gAAACMAARAD.jpg
4301,ajjExgsJT92cP-sIGlg_vQAAACMAARAD.jpg
4301,nUvEGvlSQz-4J2JjcT59IwAAACMAARAD.jpg
4301,vHmvP2dsTH-Pma4yJgt0HQAAACMAARAD.jpg
4301,fbc7WlIORUOByeAvlEWrxwAAACMAARAD.jpg
4306,LtOCkqZ-TEy7srAKO-MINgAAACMAARAD.jpg
4306,rm5ZF5cXSU25iKIjJpna4wAAACMAARED.jpg
4306,4TDlbeYtQvmmM1Q8xpZ89gAAACMAARAD.jpg
4306,j0ixfcdNQWOx5hwK2fnAzAAAACMAARAD.jpg
4312,MvuEY0FJQjCoVkqTzzqlawAAACMAARAD.jpg
4312,rLJfWGiGRAS_JVlzjgRcqgAAACMAARAD.jpg
4312,EbCdnP66QjGC2AU1ulLqZQAAACMAARAD.jpg
4320,7LCh9fS3QEaqXOT5QWAPSwAAACMAARAD.jpg
4320,4strULsDR_O_b_SlVwSVzQAAACMAARAD.jpg
4320,fvKqbGnjSHamLezBL6BxRwAAACMAARAD.jpg
4320,d-RPytZIR2ugXn8Z62sk0QAAACMAARAD.jpg
4324,LH9oz53FSE61fYjbS59VPgAAACMAARAD.jpg
4335,ZaUlE_qURlGvgKaLPg1NNQAAACMAARAD.jpg
4335,AP6TmcB0R0OsiJbb-H3LawAAACMAARAD.jpg
4335,t0SF37M2SNajWSAtaFXnWgAAACMAARAD.jpg
4335,lJEjDWEUTjyJC2WpMkKLBAAAACMAARAD.jpg
4338,qanlf7JOT92Eih6CbvnScQAAACMAARAD.jpg
4338,jNKzJ-0uRDCDNHc4R4N_LAAAACMAARAD.jpg
4338,B0dlmq6uSCOKxxmIKHa66AAAACMAARAD.jpg
4338,oR2YLR_BQLCTqYZcFl4pjAAAACMAARAD.jpg
4341,my0vKqmoShCrv6ZTaI8T_AAAACMAARAD.jpg
4341,cNRJBz7fR1OyMyI8iYg7IgAAACMAARAD.jpg
4341,cN2uBBLhRry_Q2whUeE6EgAAACMAARAD.jpg
4341,7pbeqIYxS9mOHr26K22DIwAAACMAARAD.jpg
4347,O1CN01SNa4L91QfsIwY5VkA_!!0-mtopupload.jpg
4354,O1CN01wPKvVT1kunYL3sQEr_!!0-mtopupload.jpg
4354,O1CN01nwNLCH1H0LsiV5Yvq_!!0-mtopupload.jpg
4354,O1CN01zTn0Z31JDkhaE7QBO_!!0-mtopupload.jpg
4354,O1CN01FCxsSs213WxJAWdKt_!!0-mtopupload.jpg
4357,2uNj_AE2QJapekkD9zyNggAAACMAARAD.jpg
4357,zjCWXG2bT4SrXkijWsMZeQAAACMAARAD.jpg
4357,Ga_yKGGVQTa2MvO9QE76UQAAACMAARED.jpg
4357,ZEM8gMSORZWgiQCRP806FQAAACMAARAD.jpg
4383,vVwMaAPyQQON-de7rJDgXgAAACMAARAD.jpg
4383,L3T9rgNrR9i0Hyd-_iJ3AAAAACMAARAD.jpg
4383,CMgTsPq7S72mkwFNB7n9wQAAACMAARAD.jpg
4383,IFBO8lF2S2unc-3oMuDYNQAAACMAARAD.jpg
4393,_XRBxjxaRT-BT6RfzaEyGQAAACMAARAD.jpg
4393,kcCFQJKFQWaRukukBgooTgAAACMAARAD.jpg
4393,LQQ6v0-qShWn4NjzED7hpAAAACMAARAD.jpg
4393,8OuPvTJOQemgEISdt9v07QAAACMAARAD.jpg
4401,TU-0CglSR7uWscU_KvQozQAAACMAARAD.jpg
4401,K6JJhnOqR9SrT-faJ_bPmwAAACMAARAD.jpg
4401,uRk17brsRSefgGJBw4OJ1QAAACMAARAD.jpg
4401,OgezdQ8kRgeb2xwnsT7zMwAAACMAARAD.jpg
4402,8XguVFrHQWK0qqkUjKUmOQAAACMAARAD.jpg
4402,Vc8DE7b1RsSt1TaDW3-vuQAAACMAARAD.jpg
4402,AMFtHePASOaLjuEv9xhPBAAAACMAARAD.jpg
4402,X6MeRNtDQBykdU_wXFOIwQAAACMAARAD.jpg
4403,aNPfjfF3QWGZ8onua5zHZQAAACMAARAD.jpg
4403,IjrRb8jdRm2MvWQpBK7t2gAAACMAARAD.jpg
4403,WzcQfO7oS56zBJOmpkJO3wAAACMAARAD.jpg
4403,wTutPxxyThWx34yFF-BUJgAAACMAARAD.jpg
4423,dGmB1S3YR1SOL-vjnesU4wAAACMAARAD.jpg
4423,kezb_NplTjGExhzcs2uMPQAAACMAARAD.jpg
4423,oKYI12T2SoWlHXb-OSB1wgAAACMAARAD.jpg
4423,eJewK48SQ1yDBz9xUBfwzAAAACMAARAD.jpg
4424,mxRN7-97R5aAMWoQKjZX6QAAACMAARAD.jpg
4429,A949mvUhSKiOXWNWs69J3AAAACMAARAD.jpg
4429,iOm2Jb0STsGxq8LB1X1dRAAAACMAARAD.jpg
4429,MdMjCMHtQN20l6rGiVTecAAAACMAARAD.jpg
4429,TNW45v_oQUOZI-2fDIoSvgAAACMAARAD.jpg
4445,2PjLoHaNSZ6ZYV7-8Q2pCwAAACMAARAD.jpg
4448,DMNDcOY0RR2ZYhexZOqZBAAAACMAARAD.jpg
4448,8H52fyFgSdG1mXKXQBBirAAAACMAARAD.jpg
4448,t0sxG-tJRdOTZQ5ZaGES4wAAACMAARAD.jpg
4448,GMqG44y4ROKKD-4Zp98lIQAAACMAARAD.jpg
4452,O1CN01EKi6Pp1uvqaYabLWZ_!!0-mtopupload.jpg
4452,O1CN012RedWU1rTxcpHSfaK_!!0-mtopupload.jpg
4452,O1CN013msaZ01Qpx0xfD1m8_!!0-mtopupload.jpg
4452,O1CN01J7yEYk1b9JvN4cnJi_!!0-mtopupload.jpg
4454,mrU5K4XKSMeZ3H2dA30VBAAAACMAARAD.jpg
4454,3prXZ83nTC6bBDE7aX8XegAAACMAARAD.jpg
4463,2-H43IhGQKKZmQjIeleJcgAAACMAARAD.jpg
4463,Hs1ZEyqtTYmaLgaBq_PvOAAAACMAARAD.jpg
4463,jbu4A1eCRkepxO8KQjT9ogAAACMAARAD.jpg
4465,SXvZC5YBRu6Xf9R4MeWyywAAACMAARAD.jpg
4465,TbQkTMBTRO-4ow0aWrDy-AAAACMAARAD.jpg
4465,iXyBi055SDKf3MA_L6Ed1gAAACMAARAD.jpg
4465,friCNox5QHC7u141bYB-_wAAACMAARAD.jpg
4474,qrE1dZ4pTzK89galHjUWIgAAACMAARAD.jpg
4474,UvOUwksXSHeyLeHGeFzyjwAAACMAARAD.jpg
4476,O1CN01SwC55M20W60zjWUtb_!!0-mtopupload.jpg
4476,O1CN01GXL2RH20W60vFCRdW_!!0-mtopupload.jpg
4476,O1CN01tAMELc20W60yJuVUx_!!0-mtopupload.jpg
4476,O1CN01gyzYTc20W60y1op9U_!!0-mtopupload.jpg
4483,g3EVRUubTxO9fI3OpZdbVQAAACMAARAD.jpg
4483,21BsPU1BSGyjXOZZEcyrxAAAACMAARAD.jpg
4483,D2EnM3OVQHWZCqp7imjMaAAAACMAARAD.jpg
4483,0eMsonI6RNeGHrgMlDEXgwAAACMAARAD.jpg
4484,zzY0drubSRy-926ILNH1FwAAACMAARAD.jpg
4484,0c8WDyGlRLGG6z3cakS3FAAAACMAARAD.jpg
4484,y0rWgWkwTmqe4jR1E73_4QAAACMAARAD.jpg
4484,KJE7XwW-TdCjE2jcEf2mwAAAACMAARAD.jpg
4498,cDuYO87OR8KYO3u50YiHeAAAACMAARAD.jpg
4498,VS_Gj3GTTRaGkoaBuLIusgAAACMAARAD.jpg
4498,_xMa4R5-RmmcgU6bnduXFQAAACMAARAD.jpg
4498,VPqi0zYyRIyWcV77A7jnlQAAACMAARAD.jpg
4502,5k47bF14SYuu7_a9RQ3Q5AAAACMAARAD.jpg
4502,yRXHc_gjQmCtpmlynB-MigAAACMAARAD.jpg
4502,7oV5gbU5R8GoYVjxUlOyywAAACMAARAD.jpg
4502,JdEbv0vpRiCIJpO0ubBt9wAAACMAARAD.jpg
4535,-OUnr-fzT02o1RlVapfaFgAAACMAARAD.jpg
4535,HHYjwjhPTQGZ1UdJAKY0CQAAACMAARAD.jpg
4535,ewzgEvfXQnyWaj9iWvBvxgAAACMAARAD.jpg
4549,lKUXYwhdSoK6Xmh-144tYwAAACMAARAD.jpg
4549,Rek1nQn5SxKhz9hT59uTMAAAACMAARAD.jpg
4549,jiywbtG3RwOnV4EsFl_i0AAAACMAARAD.jpg
4549,Ib5WqeaTQX2A2_pY0pOvSAAAACMAARAD.jpg
4559,C-1CJR1WRfuhJJb_Qm68TAAAACMAARAD.jpg
4559,HHmjSwSbS0KqTv80IyIDUAAAACMAARAD.jpg
4577,YoCfNKzRSWyblXfpILsS8AAAACMAARAD.jpg
4577,PmbHctUgRu6uo1DWbOKbCgAAACMAARAD.jpg
4577,GvV3gK82QgiPJQLqU62rUAAAACMAARAD.jpg
4577,MFyTb_3IRka4Su414NgZtgAAACMAARAD.jpg
4592,GKdzWeG-TqiCgxuoQc0dYwAAACMAARAD.jpg
4592,Zq5_bWUSSEqTKjlX86hgXwAAACMAARAD.jpg
4592,OauFl0mdSSeNK_ZHxXY5EwAAACMAARAD.jpg
4592,YD4NTX1HQ4-K1HH0O29-bQAAACMAARAD.jpg
4599,iE9OKE_NTWKRdk6-oiigAAAAACMAARAD.jpg
4599,4NKg6nmVQA2OeLiFOj77jAAAACMAARAD.jpg
4599,36TZKg6lRvib8U2iyVLNlwAAACMAARAD.jpg
4599,9cMtRFu3TUCvVanDcFOEDgAAACMAARAD.jpg
4605,5D329NxWSsOXjsi8wVFy9wAAACMAARAD.jpg
4605,0k8iH_gpQGiWVri8gxh-rQAAACMAARAD.jpg
4605,5hBKGAF5TI6zowS8W_eXmwAAACMAARAD.jpg
4605,JgbkZ-1qSOqUlK9wGrKX2QAAACMAARAD.jpg
4614,STvLBwXOSb2Xc0LqiGZeagAAACMAARAD.jpg
4614,tfi6MjcXSqyG8ecs-8uIPwAAACMAARAD.jpg
4614,VvxXvalIReKthFDf49q89AAAACMAARAD.jpg
4614,6CLfUeSHSySjPIF9a_7hGQAAACMAARAD.jpg
4620,gNid0qwgQqmMnKibme-woAAAACMAARAD.jpg
4620,4C-QrnWMRWyxfP1gSeZVggAAACMAARAD.jpg
4620,wRHP77vYRVmhbu7cljx89QAAACMAARAD.jpg
4620,2DnVgdE9RkSSHt-PPvhlIgAAACMAARAD.jpg
4622,NWYcyN6AR_OQmhU2Pnn-TgAAACMAARAD.jpg
4622,V8hwqSnQTSijjjAH6DxvGgAAACMAARAD.jpg
4622,5ELS4DamS2iWiH-RdH7dAwAAACMAARAD.jpg
4622,s6BJNx6SSB6vRNFSH98CCwAAACMAARAD.jpg
4641,87x_iY83T0uaNT9xWjTBtQAAACMAARAD.jpg
4641,uGDiWc0qTvefnD_Wo7SFogAAACMAARAD.jpg
4641,Z94quofmTUKouStLiUD1TAAAACMAARAD.jpg
4641,jwIf46glS7aEUQEtPygIuwAAACMAARAD.jpg
4647,O1CN01doTEx727Akrz8zgvy_!!0-mtopupload.jpg
4647,O1CN01y6C6ao27Aks1pFGAN_!!0-mtopupload.jpg
4647,O1CN01TOTsGF27Aks1HDDaW_!!0-mtopupload.jpg
4647,O1CN01cmWqZI27Aks5YStHp_!!0-mtopupload.jpg
4654,9rMuvy18RieaAYT879b_OgAAACMAARAD.jpg
4654,FCagrPuuQeaq7CdZj0lTGgAAACMAARAD.jpg
4654,Er5MymNZRfGy9Q1ppEdMFQAAACMAARAD.jpg
4654,m7XO4HTQQGSydr59Di7_8QAAACMAARAD.jpg
4656,YtMLtvUCSVS94SyMjq5vbgAAACMAARAD.jpg
4656,KM0JjnBGTbmteHIDUTq6NAAAACMAARAD.jpg
4656,pq7mA3klSgiw8QSPQHKEIAAAACMAARAD.jpg
4656,8TubuMDgRqmLoSCr65M5gAAAACMAARAD.jpg
4663,jIHRCHkASPOMbKiRwUIpswAAACMAARAD.jpg
4663,UbmCCSuXSn2oLeVfmmbu-AAAACMAARAD.jpg
4663,uQFpCO5fT3Koqi76GmyeDgAAACMAARAD.jpg
4663,dRHsw_JtQeipYQIkZAhgjAAAACMAARAD.jpg
4664,w3WdUpUnQTOcxVLAgQQ3pQAAACMAARAD.jpg
4664,T23k5XQgQyyZpsxkWYKbOgAAACMAARAD.jpg
4664,5V17-tgwS_GZj4crtUJOYwAAACMAARAD.jpg
4664,7F8yQJBzR6mJl_vR4Y-t-gAAACMAARAD.jpg
4669,QIutiZwlRDeS_ewtYKOPGAAAACMAARAD.jpg
4669,IJe9Fo_CR_m2JyqhvrbKDQAAACMAARAD.jpg
4669,rfEnBTMcRNG8gyOBmdIdmwAAACMAARAD.jpg
4669,xdgS3GGLS5eEL_kMoMpDFAAAACMAARAD.jpg
4677,dYyCLuMKQe27BKgb7C_NvAAAACMAARAD.jpg
4677,4YDtYglMS6qh24_X9VuMAQAAACMAARAD.jpg
4677,VPARy56bSpWrLZtqCZbvIAAAACMAARAD.jpg
4677,jWxDFnPVTpCtqDOVhGhbZAAAACMAARAD.jpg
4679,aiRgcQYQR5yMDC3-LqZuawAAACMAARAD.jpg
4679,Ki9JjXNzRaejgqrp7aixhgAAACMAARAD.jpg
4679,FmfSp7Y_T-OpV9DjoG2YDwAAACMAARED.jpg
4680,axqOOdqGQiS2tT5gJu_AswAAACMAARAD.jpg
4680,AsUi7oBETO6UuraNHNi8AQAAACMAARAD.jpg
4680,upQef-PDT8uPgswSbuHdGgAAACMAARAD.jpg
4680,68sUwl39RMiMuX12kslF3wAAACMAARAD.jpg
4686,fPxyWaFiQNa_h2FOg3YoWAAAACMAARAD.jpg
4686,gMtMMLGySGyBrlJIhXcxuQAAACMAARAD.jpg
4686,O_Zb9mWhRly9PM_gQ2MN2wAAACMAARAD.jpg
4686,1lNBHCqzTDeBcILBwJp-7QAAACMAARAD.jpg
4688,O1CN01OxeSZz1FhHkXSy1YQ_!!0-mtopupload.jpg
4688,O1CN01cy1PZK1e59AAkTl3K_!!0-mtopupload.jpg
4688,O1CN01CPOxF81RdPn7VyuiX_!!0-mtopupload.jpg
4688,O1CN01SVRPP021g0CDiRcR2_!!0-mtopupload.jpg
4689,nDRzJlUoTzyks4mCHlHZnQAAACMAARAD.jpg
4689,KiZUnXHUTeGlB70iDueK9gAAACMAARAD.jpg
4689,DbovyuegTlaBIELdHb9UUgAAACMAARAD.jpg
4689,NBGq_dR6TyWmrJ1sZK-rJQAAACMAARAD.jpg
4702,tP4JamvsT6O9Q6iLRSKBvwAAACMAARAD.jpg
4702,R5CTF4MATnKFeI6K2LaQXAAAACMAARED.jpg
4702,h19DSvzpSaaUkUnxiRc_QAAAACMAARAD.jpg
4702,hZROOrdCSqGp_swMeWgdkwAAACMAARAD.jpg
4710,O1CN01vHawVf24CBFynutuJ_!!0-mtopupload.jpg
4710,O1CN01erdGd01a4uUmBnUEu_!!0-mtopupload.jpg
4710,O1CN01x2kXL41Ygo2IfZtGF_!!0-mtopupload.jpg
4710,O1CN01iaKJAX1fW003XyDdO_!!0-mtopupload.jpg
4713,7UQu2zBFRI-Z7OXw6YmjBgAAACMAARAD.jpg
4713,0XDi4hvoT8yIL6eaXvcLywAAACMAARAD.jpg
4713,LTa6utJ0RO29O6VyB5Vi8QAAACMAARAD.jpg
4713,nsUzk0n4QnKNEBp16yVOCAAAACMAARAD.jpg
4716,wpmK7_u1S-urnYXJz2ZrRwAAACMAARAD.jpg
4716,FF-1wvJET2SlM2FiFmoU2QAAACMAARAD.jpg
4716,rtb-78tjQMKgTPyxZTrbpwAAACMAARAD.jpg
4716,_alXOjDWS16K4eyaLSg1LAAAACMAARAD.jpg
4729,9SF74A4US2SXI5RriZbh7QAAACMAARAD.jpg
4729,Ki-KsAEIQ2mRLGsZBFmwMQAAACMAARAD.jpg
4729,roHeIeE_SNS6Y694pQbDqAAAACMAARAD.jpg
4729,0tSR3cRoRluMGt590nifKwAAACMAARAD.jpg
4731,KmF5RCEnTCiudapQIV8DmQAAACMAARAD.jpg
4731,2g9koxhdTpyvtJj_f1gzMwAAACMAARAD.jpg
4731,AZ1pmgb6RmqQLRHupmcYtgAAACMAARAD.jpg
4731,M_HJ2YShTrS4oXXMUXfUqwAAACMAARAD.jpg
4734,6g7YRqFtSxSSDLJJl_e0IgAAACMAARAD.jpg
4734,q1IsCWr_T7algyEZ-K5ACgAAACMAARAD.jpg
4734,RlgFoW6vT8anTzkhfekzTgAAACMAARAD.jpg
4734,b67u9_t2SxWYfbvwInJBPQAAACMAARAD.jpg
4760,82_WcIX2Q9WZG7kPyE5UQgAAACMAARAD.jpg
4760,IsYRL_gtTH6NsmgRCkZ0ywAAACMAARAD.jpg
4760,0MdWp_xwRZi4UlCqbuGhrwAAACMAARAD.jpg
4760,6wHdh2AGS42n79YRUHdqqQAAACMAARAD.jpg
4762,7bCpeIgJQlaFfuvFtHjmBAAAACMAARAD.jpg
4762,S0765D_ySsCgxbOjd4gCbAAAACMAARAD.jpg
4762,3D68gUOGRaGAzGDbijKH6AAAACMAARAD.jpg
4762,B9E-kfgCQtK_yX-aIN-sRQAAACMAARAD.jpg
4772,idN1IjsTRSeO7-y7C3l1zQAAACMAARAD.jpg
4772,MgTMi07eSFi3L7iSkyS7JQAAACMAARAD.jpg
4772,H-hsann2SBy9hkRTlgJn_wAAACMAARAD.jpg
4772,el9DFII0Tcms4Hi0NOAudAAAACMAARAD.jpg
4785,sql-TCliSM285z_0yj8z1wAAACMAARAD.jpg
4785,przBOi0BRjCcw2VWJkSaEwAAACMAARAD.jpg
4785,2r-wReIqTQuDz6q1oY2dGAAAACMAARAD.jpg
4785,-3TTrXL2TLSHeHu8PYtcawAAACMAARAD.jpg
4806,hTWeLp5OTNiXXnt62-WDDgAAACMAARAD.jpg
4806,uaFaywS6TTuNeM2pZpsD4QAAACMAARAD.jpg
4806,zWABPzwwTjKIexqL31hz8gAAACMAARAD.jpg
4806,UyDYNcj6SCqcJpFG7Wk8XwAAACMAARAD.jpg
4809,Rnp1NpqNTyqkW8JvE1FumwAAACMAARAD.jpg
4809,fVez8tNRTOmgBK3N0HF3wwAAACMAARAD.jpg
4809,al2ocbzyTUWDg0FKcP2U5wAAACMAARAD.jpg
4809,Vnk2bzdMSA2QFWQxNAqmTQAAACMAARAD.jpg
4816,O1CN01Udzeh020JGvQKQrPw_!!0-mtopupload.jpg
4816,O1CN01XqWodm1E5RPIqHPnu_!!0-mtopupload.jpg
4816,O1CN01TKGy8E1qXnKKUfJl7_!!0-mtopupload.jpg
4816,O1CN012OeVTZ1uVk0rNReOe_!!0-mtopupload.jpg
4819,Y740GlJyQoKxtFZGZAippQAAACMAARAD.jpg
4819,7XXHZWeoQW2Se7ikKK6BAAAAACMAARAD.jpg
4819,R_oIfZwPTAq3nETAkv-d4AAAACMAARAD.jpg
4822,ocgSR2APTUu-qS_NlP0NLQAAACMAARAD.jpg
4822,H0Df0b8pSUmAXEFvohX2pwAAACMAARAD.jpg
4822,gtGKFEldSOS5ubFOuShbHwAAACMAARAD.jpg
4822,ECEk7_9BSYeRpQu7Q6vd0wAAACMAARAD.jpg
4824,9x09v_g5R269sDCUaaMV-AAAACMAARAD.jpg
4824,MinebCMtQW2lsPOxABOwXQAAACMAARAD.jpg
4824,ypIDbQ7US_mbiW34n5-piAAAACMAARAD.jpg
4824,rC2V-F6FRRu74PioLZZS3wAAACMAARAD.jpg
4828,O1CN01hAbVHD1heorrIKxIB_!!0-mtopupload.jpg
4828,O1CN013BNzbi1tVS9qzAqGi_!!0-mtopupload.jpg
4828,O1CN01H28OUG22wmKZvybFv_!!0-mtopupload.jpg
4828,O1CN01hUvSzI1dkzkKEig67_!!0-mtopupload.jpg
4831,O1CN01YuitcX1YRgxnV1mvO_!!0-mtopupload.jpg
4831,O1CN01MCqquW1p4eVZ7eHCi_!!0-mtopupload.jpg
4831,O1CN012PBx2n1vl8woSkjDE_!!0-mtopupload.jpg
4831,O1CN013aHIaH1j4IVScQGKg_!!0-mtopupload.jpg
4844,nE5G44ceSsq9-xCe9udf5wAAACMAARAD.jpg
4844,in2H3TBiQayktVga87nSRAAAACMAARAD.jpg
4844,aS5xiiXhQ9SUAVmz8b0eowAAACMAARAD.jpg
4844,wpQrObfGRhS7dGmiNs6wAQAAACMAARAD.jpg
4853,awqUXpyMQ2CthGYabOhphAAAACMAARAD.jpg
4853,Mke6AvcrSTS-Jrbkkk-XiAAAACMAARAD.jpg
4853,1bW6ANgtQn6Tum8EiXFZYQAAACMAARAD.jpg
4853,rbSOtQHnTiq3hlEMy173mgAAACMAARAD.jpg
4865,0Llk4EUWTBatZ7LbwTf9cwAAACMAARAD.jpg
4865,BVDlO7QURnKXCHgHcEipRQAAACMAARAD.jpg
4865,Hf_jSwzLSV6anQll88qSJAAAACMAARAD.jpg
4865,5wO3PunXR8OmxANQHHozGwAAACMAARAD.jpg
4866,iYqEYnIsQNisYyCRt8IltAAAACMAARAD.jpg
4866,KEiexuH3QDGjXll2GoPb2wAAACMAARAD.jpg
4866,-6hUXIcMQ4eHPJSZOjA2lgAAACMAARAD.jpg
4866,czHIhka9REGuUf3unZEFtQAAACMAARAD.jpg
4869,p-ZNuK_SReystWjCTxy7bgAAACMAARAD.jpg
4869,VIN5K9fRT4qSQH2-0ls7wgAAACMAARAD.jpg
4869,tmYA3zhqS86uaUN_x32mTQAAACMAARAD.jpg
4869,KpwDjE_oThagCVr4xziHhQAAACMAARAD.jpg
4883,39cfN4gEQWG4QYZMJhR3SwAAACMAARAD.jpg
4883,y2cEDANyQ4qjLBBLzsA1uwAAACMAARAD.jpg
4900,Dj4HOBGrQXO9B4NqBKDzDwAAACMAARAD.jpg
4900,DloBWfa5R-aTtPRPUD1x2wAAACMAARAD.jpg
4900,NU_e6jFUScG-1CfTxZMePwAAACMAARAD.jpg
4900,3QYP5DOhQz21SWuBePQDPwAAACMAARAD.jpg
4905,O1CN01BQ04Mc1ql4qAk6eKT_!!0-mtopupload.jpg
4905,O1CN01N4s23m1QT3F3eQWVY_!!0-mtopupload.jpg
4905,O1CN0122m3FB1tQPowKB8By_!!0-mtopupload.jpg
4905,O1CN01DkpDGF1gbme2upTGm_!!0-mtopupload.jpg
4911,5Hj-EsBZRSa6pq-apaeeugAAACMAARAD.jpg
4911,QOlmJEjCReyi8wAC154xsAAAACMAARAD.jpg
4911,cj5bR7V7REe4NTTmWWLMgAAAACMAARAD.jpg
4911,5y4H8p_wQlGXq8KM57YIzwAAACMAARAD.jpg
4912,KudGaQtcSeqVEmP7y9nQNQAAACMAARAD.jpg
4912,7IVgLDf8SkWdglkslZVOGAAAACMAARAD.jpg
4912,XGfIHN67RQWX-KCnV8qeHAAAACMAARAD.jpg
4912,sKekDS7gTa-3ZNKb0zn5pQAAACMAARAD.jpg
4913,7Poe-L_WTD-M5dr41OZcIAAAACMAARED.jpg
4913,8Gm298Y0Q42vWv2-5d39XwAAACMAARED.jpg
4913,XzybwRBMQFeJifMo7lCyXgAAACMAARAD.jpg
4913,A1AcK0R2SjuRz1S4jIoTYQAAACMAARAD.jpg
4921,JuTejs98SHCD0J1rwFM0aAAAACMAARAD.jpg
4921,dNf1G7FOQrGOjUjQwg9rlgAAACMAARAD.jpg
4921,1WoGVlkkQlCDF8mctiF2sQAAACMAARAD.jpg
4938,brqn8AxDRPe10QKPP1F0-AAAACMAARAD.jpg
4938,5X94PL_0Q6WRqdxg324CLwAAACMAARAD.jpg
4938,Ue3nY7pzQEivwLE7Vgj4BAAAACMAARAD.jpg
4938,linQkK50TleoBYRjeVshwgAAACMAARAD.jpg
4955,N7OpXM-IRQ-cIORGs4-uQAAAACMAARAD.jpg
4955,0JTF9de3QTu_LIa8mqq0BwAAACMAARAD.jpg
4955,Wo3TghAPRW-9UO4mctk1dAAAACMAARAD.jpg
4955,8B43x_87R26Tz2V4SMXqhAAAACMAARAD.jpg
4973,O1CN01Bkz5Wf1bGBrXZWQih_!!0-mtopupload.jpg
4973,O1CN01edllCi1kOHP2wen02_!!0-mtopupload.jpg
4973,O1CN01ub5RyA1crZoPQEGIK_!!0-mtopupload.jpg
4973,O1CN01ljmcT31MLUCynrIXb_!!0-mtopupload.jpg
4975,O1CN016vRRot1yzkSFh0PTm_!!0-mtopupload.jpg
4975,O1CN01YTydkx1BwcZwa3WR1_!!0-mtopupload.jpg
4980,O1CN01Z0weMO1FBE1XcEiwd_!!0-mtopupload.jpg
4980,O1CN01CWsiSs1FBE1cRSsMu_!!0-mtopupload.jpg
4980,O1CN01JItBDh1FBE1cRQKDc_!!0-mtopupload.jpg
4980,O1CN01xNTeKx1FBE1WJee1w_!!0-mtopupload.jpg
4987,fK2Z9gAPRPeB6b64eJH1NAAAACMAARAD.jpg
4987,c1bsxYH9TCiXssaRwWChowAAACMAARAD.jpg
4987,ASvW6aMbS2qhtigU73KrrAAAACMAARAD.jpg
4987,WDKII9mdSimmx4-QBo0HmwAAACMAARAD.jpg
4993,xAtWztW8RVKNCglCzZZiFAAAACMAARAD.jpg
4993,F_OJyS8mRlGqstVl--fKqwAAACMAARAD.jpg
4993,SyHDkmBsSE2NTlJYf1_N_wAAACMAARAD.jpg
4993,n0SPrklKRQaQYe-vUKzSGQAAACMAARAD.jpg
5003,lNvCLm5cQl-Q_X9HP4oIsQAAACMAARAD.jpg
5003,PQKHlBsGRvmLUNNyc9RH1AAAACMAARAD.jpg
5003,WnhV3WNNRw-Mr0X6et0RKAAAACMAARAD.jpg
5003,DrgoCAY0Rz69BEJgJWH1eAAAACMAARAD.jpg
5010,n3i1s5rGQeKmx445xauTHwAAACMAARAD.jpg
5010,wKGIHhMKRdqNXFtEmEDDrgAAACMAARAD.jpg
5010,EZUd9_DBT3Ou5kUOb-r6ngAAACMAARAD.jpg
5010,c_WjmvvyT02TIIdzb6axJgAAACMAARAD.jpg
5012,6WiNJzCPS3C9yNJTe3unUQAAACMAARAD.jpg
5012,9A5gQbyMQVihb4K_U_Xj2AAAACMAARAD.jpg
5012,5i78OFiYScSOmrXHO2a3TwAAACMAARAD.jpg
5012,jcHG94u8QjC13uxy5S9T5gAAACMAARAD.jpg
5013,1k8I6KVAT_WLGPtcrce1_gAAACMAARAD.jpg
5013,yQ2UD_TfT-GGwv3-r3c75wAAACMAARAD.jpg
5013,C9fbo4oXQqiimGkgywDZawAAACMAARAD.jpg
5018,O1CN0105KfkQ1PXnlCwgqW4_!!0-mtopupload.jpg
5020,df8OgWfVReKxuNO2cBjpFgAAACMAARAD.jpg
5020,g4I1lSczRjKaacZjI5NohwAAACMAARAD.jpg
5020,dDgdjh0VSpiNvmLk82HhAwAAACMAARAD.jpg
5020,WF6paYj4TAS2zmR9ttcjdwAAACMAARAD.jpg
5041,7PepMbOJTpeNqKW72njwJAAAACMAARAD.jpg
5041,pjxP3sinTGiFH5HdQ-ebiwAAACMAARAD.jpg
5041,AGgqZi4TSdW6Je8LWZ1fpgAAACMAARAD.jpg
5041,d3fyU1csRm-TUwVmWhhfZQAAACMAARAD.jpg
5043,Ux94kFq0Tli-xFVAblKkswAAACMAARAD.jpg
5043,Geg-rKvHTCCvl001CCNa5QAAACMAARAD.jpg
5043,SwDu2rsARMaBdCA824PDLgAAACMAARAD.jpg
5043,oF4FwuIYSQarJkheKg4RfAAAACMAARED.jpg
5060,6zkjsZK8S5CmhotEcSCHOQAAACMAARED.jpg
5060,-spB12UqSquw6JFHCMnVvAAAACMAARAD.jpg
5060,H1CX9bS-SSm5s8zFIy5K2AAAACMAARAD.jpg
5060,a9aVemGMT6iiLdH-eCZmggAAACMAARAD.jpg
5070,9bJMlcpURwyeVZpfhH_1_wAAACMAARAD.jpg
5070,P4fnic2BTga-aR9FkzNI8gAAACMAARAD.jpg
5070,Nag9X-ZXSwWR-xsdBl5ciAAAACMAARAD.jpg
5070,D0OVd8JtQC62OxbEXRtLbQAAACMAARAD.jpg
5070,jpytpmRTSxCXANg6tS5IZwAAACMAARAD.jpg
5070,4C8b2yJ8TGKGBVDc37sNWAAAACMAARAD.jpg
5071,EiVg9kUqQZu1qFK5pwJuIAAAACMAARAD.jpg
5071,XfTGIWS3TSma_v9MuOY4HAAAACMAARAD.jpg
5071,ktu8BvVLTkK_GbQopUj1NgAAACMAARAD.jpg
5071,t-FOejWKRCOI-8u8DIZo1wAAACMAARAD.jpg
5071,WFE8CF7WSLuT6ozjJIRsxgAAACMAARAD.jpg
5071,E5fuUIZLSUSrfGEBpoTDhwAAACMAARAD.jpg
5083,IdH-BDRMTx6rUpCZplSH1AAAACMAARAD.jpg
5083,MzMXTpXlQxOcZ4o_W-GHFwAAACMAARAD.jpg
5083,eJVxf5hvQRO-fSQGRtfO5AAAACMAARAD.jpg
5083,B2qHC4UNTOWzz8vgCSzaDAAAACMAARAD.jpg
5083,moIW3CE-RwqzJ88rp4q6UAAAACMAARAD.jpg
5083,xprgluVuQRyqht_KzLzkdgAAACMAARAD.jpg
5083,vGaoU0jwSIqpGZ5vQpbAlAAAACMAARAD.jpg
5086,chz-iAJxQCyq0jmc_YIVoAAAACMAARAD.jpg
5086,xpvnpG8tTF21-ntVcxXbjwAAACMAARAD.jpg
5086,bZPRXQ8ARw2B5xrV50o6xwAAACMAARAD.jpg
5086,qEeVuMw7RD2eC-faomMQsgAAACMAARAD.jpg
5086,WYQptI4EQKmluM6d1_dJlgAAACMAARAD.jpg
5086,XyNavek4S1-aF1X7oMBioQAAACMAARAD.jpg
5086,5-gI0TT6TX2ghkEtCJDuzAAAACMAARAD.jpg
5092,vYVO08HATJmoM0D42WYa0QAAACMAARAD.jpg
5092,JSlRKmZWSFaiUZf49sZwNwAAACMAARAD.jpg
5092,OwCF5UVZSYOv_gcsUfmr4QAAACMAARAD.jpg
5092,uqVh6D0YT8Org99XBvh3FAAAACMAARAD.jpg
5092,_2LdLMd-RcKETOPjkMs8lQAAACMAARAD.jpg
5092,3S66LDccSSqZ_EQoRAKDTQAAACMAARAD.jpg
5092,wyeVVhPYTb-k78HfmTLFiQAAACMAARAD.jpg
5110,mIhEIo7CQKmLLZNAp24-vgAAACMAARAD.jpg
5110,E6UkX58pTDumgBY-L8nBhAAAACMAARAD.jpg
5111,BOmsuVroQPCziVVdPOgIVwAAACMAARAD.jpg
5111,zmvThfB8SJihmIl-T0GlZwAAACMAARAD.jpg
5111,1rZgjPPPS32yESkuGv3LLgAAACMAARAD.jpg
5111,uPI36XUuRuyxfacxv9k2GQAAACMAARAD.jpg
5111,UaA09wOsRhOb1tYgDrWg4QAAACMAARAD.jpg
5111,jR9rVHswSmWHtZjdJ1qpCwAAACMAARAD.jpg
5111,GfXqmDK8SHKC2Y1gh0tJSAAAACMAARAD.jpg
5124,fjGBm6jeT4WxCV-pabsp2wAAACMAARAD.jpg
5124,EXI-rCGqSLOzTlPmvmhB4gAAACMAARAD.jpg
5124,7acgIydjTzSRdRI7JrDCNgAAACMAARAD.jpg
5124,Zsupn-6hS8-6dskxlkM1RwAAACMAARAD.jpg
5124,tDsoVEAFSH-VEcgCp32BfAAAACMAARAD.jpg
5124,REyzvWQ9Sq6vMXZgtIBBpgAAACMAARAD.jpg
5124,n4QvzvNyQf-Z2jDL90ZB7gAAACMAARAD.jpg
5129,O1CN010K8ajb1i6l1GcPevZ_!!0-mtopupload.jpg
5129,O1CN01836YjA1LVH3bdxmkY_!!0-mtopupload.jpg
5129,O1CN01Ifjvy21v5SuISB7uU_!!0-mtopupload.jpg
5129,O1CN01yytKxu23CLmqUnkkg_!!0-mtopupload.jpg
5129,O1CN016p0d871d4rIUmTwSf_!!0-mtopupload.jpg
5129,O1CN01k4Huql1oz9kx4WUuG_!!0-mtopupload.jpg
5129,O1CN01ilSkPn1HtlmEwbBVJ_!!0-mtopupload.jpg
5130,CjjKYKHuSV-SPLZkNnGsFQAAACMAARAD.jpg
5130,GFjpkrUgS2W0MVKqCQWecgAAACMAARAD.jpg
5130,LmcE2TDuT7Sqxv9zQcOygwAAACMAARAD.jpg
5130,75fUlg4TTl2mniZjrGuqswAAACMAARAD.jpg
5130,8plp7VDYRLmdvt-Ajn_wEwAAACMAARAD.jpg
5130,sQG69wNiRwqvefmAw-M4nAAAACMAARAD.jpg
5130,3AouwJmCT_6X_B2CZeQYegAAACMAARAD.jpg
5139,O1CN01byf10n1n6Ml9myelJ_!!0-mtopupload.jpg
5139,O1CN01rAKppT1q1HCo93E6R_!!0-mtopupload.jpg
5139,O1CN01mABZlo1mhAydINR4l_!!0-mtopupload.jpg
5139,O1CN019PcIcm1GoRYbhG3dZ_!!0-mtopupload.jpg
5139,O1CN01NwPfcN1hFAgBLR90n_!!0-mtopupload.jpg
5139,O1CN016B7mot1SZa5oECoTj_!!0-mtopupload.jpg
5139,O1CN01SIFsnv1SXkVevlR5p_!!0-mtopupload.jpg
5145,LLuC0S_GQ8aX3VndbIQUCQAAACMAARAD.jpg
5145,65ncEDgyRD2zG9hDS805ZAAAACMAARAD.jpg
5145,4sBWMR4tRTyY9qDXjZifzgAAACMAARAD.jpg
5145,y0nUs6-MRtKGgFNCevhouQAAACMAARAD.jpg
5145,-j4hTfnxQVK7v1vSJVYpGwAAACMAARAD.jpg
5145,Ebw7vYkeRq2K709sPCZBLwAAACMAARAD.jpg
5145,8sqQ5VfoQBeUUIi6LQ7vPAAAACMAARAD.jpg
5146,-46Y2mftRrCmlEzefbfWpQAAACMAARED.jpg
5146,KOyB17SgSU2DfluUIpZSxgAAACMAARAD.jpg
5146,nXSJSTIsTE6DgjQ5PZ6dDgAAACMAARAD.jpg
5146,n2J3AH9mTF-UDVL4SPqzggAAACMAARAD.jpg
5146,2J56vhKKQf-AaGDIbUu-nwAAACMAARAD.jpg
5146,T0lDsiOwSrWV1tyLTPOUuQAAACMAARAD.jpg
5146,qTCdQQZFS7qvINY1iLyp2wAAACMAARED.jpg
5180,Hr9V3bX4Ru-UxocyaBDhrwAAACMAARAD.jpg
5180,Jsa4sYvRQI-QUQZZDF5KiAAAACMAARAD.jpg
5180,aQ1QottZS2mx3NHjyULwlwAAACMAARAD.jpg
5180,gyzFqwINR5W8LC-Oztxt1wAAACMAARAD.jpg
5180,NbyklsTIQqCMQqUOAUibRgAAACMAARAD.jpg
5180,9TlTAiDzSFiFRkg_6bxWzwAAACMAARAD.jpg
5180,4515MOzUQ2yekvnxoJ8ndwAAACMAARAD.jpg
5193,LDVxjVgETl2AvDeRrlqk7wAAACMAARAD.jpg
5193,_469i0KeTBGd9LANTln5GQAAACMAARAD.jpg
5193,uQYaU8H2QICbR2_aYFy6TgAAACMAARAD.jpg
5193,yBuSYQgHSrapZiE07GSzVgAAACMAARAD.jpg
5195,O1CN019zV8DB1OEjd5iojHd_!!0-mtopupload.jpg
5196,5Uwa-VHdSN6GxhSLTaSKyQAAACMAARAD.jpg
5196,0W-oV3d5TIuLgT8sFEzXXgAAACMAARAD.jpg
5196,DEkqfYF3QYO_IqQ_Es8K7QAAACMAARAD.jpg
5196,7ouVXHpBRy6iL2jnRrI_IwAAACMAARAD.jpg
5202,z5bHbhngT6aCfRJXZkqNdAAAACMAARAD.jpg
5202,Izn0ps_hRziHDnUMgimERAAAACMAARAD.jpg
5202,PhnXV74QSMKJY4-XcTUElQAAACMAARAD.jpg
5202,FsHzs7xGQ8qEiIcWc5_vcQAAACMAARAD.jpg
5202,w-VtD0waSPSd2zIY40G11wAAACMAARAD.jpg
5218,OwMsZ-uATF2iIgb-Uq16FAAAACMAARAD.jpg
5218,DtOanm5ISS2lJ5aZGJenuwAAACMAARAD.jpg
5218,bt3Ul8LSTpysXSY3Lby9iQAAACMAARAD.jpg
5222,j0A_kxGNRjG4H8rMhQs5pwAAACMAARAD.jpg
5222,EZGEZUvDTVahr9QEhIfbfwAAACMAARAD.jpg
5222,rOL2L2vvSJSXJbZUdFH-pQAAACMAARAD.jpg
5222,x2jYHbDGRtiUWs3Qg1C61wAAACMAARAD.jpg
5222,NoV5D88dTNOJVS1OG3yX4wAAACMAARAD.jpg
5263,_yJVMslrSeSoHYDpvluL5gAAACMAARAD.jpg
5263,EKUWKaxOQK68sSN73yAGWwAAACMAARAD.jpg
5263,IOpkVSO7TwOt2CO3ZabTawAAACMAARAD.jpg
5263,T1vrMolrSYeGrbYHbwd_TAAAACMAARAD.jpg
5263,lrO19_mxTfe8XDmltDXGAwAAACMAARAD.jpg
5284,ACfmzqVgRFC1UJDMYqPeeAAAACMAARAD.jpg
5284,XWnO3UUsRpW_hL_pFB5cLgAAACMAARAD.jpg
5284,q98i1K1VS8OTs_cwaSlC2gAAACMAARAD.jpg
5284,QEn0Pf9QReGjfxipjrIWZQAAACMAARAD.jpg
5284,MrK_juuaSNuPsnM_DraTFQAAACMAARAD.jpg
5285,uiJsIuM1QeqBcJeipKbzSwAAACMAARAD.jpg
5285,r1vphDDPSsWKScZzGH9VXAAAACMAARAD.jpg
5285,c_SJ1XreSFC5M-eVmmFApAAAACMAARAD.jpg
5285,ZVsgTod4TTyDnXhh8IxLYAAAACMAARAD.jpg
5285,HkXODLdqR3u05ELawrh6FAAAACMAARAD.jpg
5286,7SlYt3XYTn-fzeoSIUZAMQAAACMAARAD.jpg
5286,nuFti-nzTAiCnXaIKwLffAAAACMAARAD.jpg
5286,CFSwx5f8SoWV_YtSipuafQAAACMAARAD.jpg
5286,iQ73YRcsT0SlSBurlTmMUgAAACMAARAD.jpg
5286,aMZEn9NGR4abRgwpHjpb-wAAACMAARAD.jpg
5288,O1CN01qOYj8w1es9Xd7kP4R_!!0-mtopupload.jpg
5288,O1CN01DTLoMi1Ve6r1C2Kg3_!!0-mtopupload.jpg
5288,O1CN01oWiw3a1ktQKo4fXIV_!!0-mtopupload.jpg
5288,O1CN01TJxsUi1dnHiSJRrXt_!!0-mtopupload.jpg
5288,O1CN01j0BzMu1DvMgyGaWq9_!!0-mtopupload.jpg
5295,iaSqXGVJSmGAPS6Ax7OolgAAACMAARAD.jpg
5295,PtYMxRKCQ_Kr5or4ZEtCrgAAACMAARAD.jpg
5295,Yndb2pCnTBObqPVRSMrCOgAAACMAARAD.jpg
5295,K39uT5ExSeauYakexPI9pgAAACMAARAD.jpg
5295,cCQqL-WIQSGv2ms-U9TwWAAAACMAARAD.jpg
5297,X5K7XXKZR6ChTAPfLvt8rAAAACMAARAD.jpg
5297,0sLsWmU9SKqFKOwd4cQpSwAAACMAARAD.jpg
5297,2JpLCNdHRWWnM2bmOYQyhAAAACMAARAD.jpg
5297,3snmwtodTL2RTOIHRNduNQAAACMAARAD.jpg
5297,BiMDFV31So-HbkgzkNWK4gAAACMAARAD.jpg
5302,n0KW432hT22YEjBnzEjIHwAAACMAARAD.jpg
5302,8yIj9xLqSZmSd_RgwtYGOwAAACMAARAD.jpg
5302,EUE-QNQoQHOKBzPqW0TqhwAAACMAARAD.jpg
5302,XOc3f1qEQO-cV8kMEStuyAAAACMAARAD.jpg
5302,F9LKttzFQU-_vpsteA4wTgAAACMAARAD.jpg
5319,8CjNEafYRx2e6KuvPVEGswAAACMAARAD.jpg
5319,biIb4y-MQEegyYrrq9g7uQAAACMAARAD.jpg
5319,beIzNdi0SCi-Jp_biwkjRgAAACMAARAD.jpg
5319,J-2ZF9soTBaMuymgEQLrWgAAACMAARAD.jpg
5319,xSzZ9xPuSMONwgeadakwMgAAACMAARAD.jpg
5322,r_UlzOqUT5CofgPwnAbzaAAAACMAARAD.jpg
5322,wKTHNaFfRZm8v7cEnR8e3gAAACMAARAD.jpg
5322,4ARiNX6cSNCv0ZreAa447AAAACMAARAD.jpg
5322,0QCCWEbQSyekYoFiWKnhbgAAACMAARAD.jpg
5322,iaklXLZ8QVGAL9Pqihu78AAAACMAARAD.jpg
5335,9DU7wooXQaSTTYarhxNX2wAAACMAARAD.jpg
5335,EWjT5ZloSBaxBE1qOa379AAAACMAARAD.jpg
5335,Kmik6u8rSAOP85owfOynygAAACMAARAD.jpg
5335,ilQ4Q3JiQ_KvzutCT8aeTgAAACMAARAD.jpg
5335,lhPHbdisTWq-5pSxK0yH9AAAACMAARAD.jpg
5342,d9tuz5DXQOK76K4ObeZeMgAAACMAARAD.jpg
5342,Os7PaLOmSuSeOW9xz-NGsgAAACMAARED.jpg
5342,LZ-uAe9kTJi90H16XgPwxwAAACMAARED.jpg
5342,Jtr7a7o0QDmIFQC8NLn39AAAACMAARAD.jpg
5342,Bn8w5NUwQdSCPSROnSgbggAAACMAARAD.jpg
5346,Zedm0XzERruTK_d_0DGErwAAACMAARAD.jpg
5352,1ZTF2PdKRUSqvSJZONDP8gAAACMAARAD.jpg
5352,lbwfVmF_TJ2ji2_cMMVNUwAAACMAARAD.jpg
5352,rIiEVFpcQ1idlVeV42cdpQAAACMAARAD.jpg
5352,_i6cQnrPRICsxBiZRRr8nAAAACMAARAD.jpg
5352,8oB1RGWWSm-Y_NHMnxDXIAAAACMAARAD.jpg
5359,j1tIphj2TgySgZPQSoJRUwAAACMAARAD.jpg
5359,mxI0QyXFRRSskvUEsKKMfQAAACMAARAD.jpg
5359,fDf9Z24YTeGfYDvykvQZSwAAACMAARAD.jpg
5359,qo2a8ZWiSSqUO1_B29LxlAAAACMAARAD.jpg
5359,g_5GJzXtS92ztk5Vd2XiOQAAACMAARAD.jpg
5364,g7DVx7UmRhKscCXfp35tfQAAACMAARAD.jpg
5364,tHBOHJtGRSufcK8qYJII6QAAACMAARAD.jpg
5364,Z1y2GhE5QxGiSEg2ykYdcAAAACMAARAD.jpg
5364,MSc6JTqSQlixq0vnBvKD_AAAACMAARAD.jpg
5364,_ADxA3n0SyGQ89Ir3yzutAAAACMAARAD.jpg
5366,-T3kmxHsR_at5f59vfsPOgAAACMAARAD.jpg
5366,pK-9dgmaRDqddSwAqRPQZwAAACMAARAD.jpg
5366,Ne0j1GOTQuKXOqXXIs-LlQAAACMAARAD.jpg
5366,p8_8UXyzRpybpDC8PBb50QAAACMAARAD.jpg
5375,VAjY3KrFTKGtFhrNwUKAQgAAACMAARAD.jpg
5375,tbdbr-lsTVu-9-ERy45QuQAAACMAARAD.jpg
5375,oZBpNTOsQZieIXx-GvfmzgAAACMAARAD.jpg
5375,x26VIfjiRKu4HKgfT3SbNQAAACMAARAD.jpg
5375,Y3y_ISc7QgKFc20aj23X6gAAACMAARAD.jpg
5376,bHPDNt7ZQIyQKY5Q9-C8yAAAACMAARAD.jpg
5376,-4KUPUD3S7miiE0Ezt75MgAAACMAARAD.jpg
5376,vMoJglQlSDubppf90DLAUwAAACMAARAD.jpg
5376,wg1ThWR1Sc6puyFvl13S2gAAACMAARAD.jpg
5376,pLoYre5PRHqrfFzJ4rfPtQAAACMAARAD.jpg
5380,mQwoJYB4Rpu0YodRnP95SwAAACMAARAD.jpg
5380,vdKRT3XaQD2xfgJoOrJZJwAAACMAARAD.jpg
5380,5sNWXkTPQA6_HA9MbdUqAgAAACMAARAD.jpg
5380,QeIOzBzvT9-tTtMLapx5TQAAACMAARAD.jpg
5380,v6j7wYw_StSRC9rWEl_zdQAAACMAARAD.jpg
5381,O1CN01fC8FtG1GQczHPUYDh_!!0-mtopupload.jpg
5386,fZp4p13qT5egN5BAZ6-OiQAAACMAARAD.jpg
5386,sRuzf6V9RR644n_LEjt8yAAAACMAARAD.jpg
5386,_m9FzvpnThirhOsAatjPaAAAACMAARAD.jpg
5386,WJnFkzY-Td-aWijYvo8fmwAAACMAARAD.jpg
5386,dFbelYNwQVKu1593oLTp3gAAACMAARAD.jpg
5390,Yny_Vh66T_CNF-i3LDQYXgAAACMAARAD.jpg
5390,skcerCtFSgyPDWyMer9VVAAAACMAARAD.jpg
5390,wva7S2g0SGiCZvJmX2NabgAAACMAARAD.jpg
5390,RDMhNE-ZTh2ntgFSQwBcxQAAACMAARED.jpg
5390,Gp69dCBDRDu-I50vjuqsrwAAACMAARED.jpg
5408,1mvufAu7SCa8NhvkHYYdfAAAACMAARAD.jpg
5408,V1hmBp5rTMKQP-nCgSMrdgAAACMAARAD.jpg
5408,-QANByhxRGW9D2lGrHVlIAAAACMAARAD.jpg
5408,DKmg21TITUOXhwcmBJ50-AAAACMAARAD.jpg
5408,ddr6ef_uQqK1m0qwzDdJSgAAACMAARAD.jpg
5411,H-tUXFuGQWayGvNDyHeVXwAAACMAARAD.jpg
5411,eMrS7LvuS1KQW40SedrswQAAACMAARAD.jpg
5411,Cv4q_CkHS_eCzOjxZv00_QAAACMAARAD.jpg
5411,mETAiqHWQamH60DZuz6SzAAAACMAARAD.jpg
5411,MzP5D2wKRai_eDNn05GpTgAAACMAARAD.jpg
5419,zLtYXVNnT8WNt5aQaBzxFgAAACMAARAD.jpg
5419,koDz_hE3RxuamTIi03knaAAAACMAARAD.jpg
5419,oSxgF4TFS4iR0s747WZzQgAAACMAARAD.jpg
5427,l5IvmX2vQ86d51CWneEXUgAAACMAARAD.jpg
5427,btBii8NYT82Eab4ipCZHRgAAACMAARAD.jpg
5427,gFP0utlLQh25AE96PUgLqwAAACMAARAD.jpg
5427,rFO8a7biS8aCBtQ77gqasgAAACMAARAD.jpg
5427,pKGuH49MT6uYFRXeG0g24QAAACMAARAD.jpg
5436,PYrwUO2kSf-haM-g_0mCPAAAACMAARAD.jpg
5436,I4dAJD5mSbGNrivx5X4WbgAAACMAARAD.jpg
5436,f3e9cxcBRmCJndEX2p-ZPwAAACMAARAD.jpg
5436,e-GRsAEeTMy9JZPAynxMfQAAACMAARAD.jpg
5436,NOMrcdpPTUK9uielUVjwEgAAACMAARAD.jpg
5440,dCZwJU1lTA-LcKSY52EcTgAAACMAARAD.jpg
5440,6pXevbBYTQWPPKgto-RWJwAAACMAARAD.jpg
5440,vTxMEU32QoWjRBQQdyS3hAAAACMAARAD.jpg
5440,_riFhJ_zTmaBgJlFgcol4QAAACMAARAD.jpg
5440,Dn3lmMp1Q5C_uLN0MrCibgAAACMAARAD.jpg
5442,tryK_nLnQ_epTTww_XVz9gAAACMAARAD.jpg
5442,1L0xSfSyRUiHnti6ZkebXwAAACMAARAD.jpg
5442,SFDtsDrXS5eUQ99AnPG4YQAAACMAARAD.jpg
5442,EG4FRRKzQKuXtH8yElUumAAAACMAARAD.jpg
5442,l92AhUyNRTGlK--HnTNTrgAAACMAARAD.jpg
5452,VnZmMcK4Q36JHBLR8u7ZhgAAACMAARAD.jpg
5452,iIPclheBSaCbq1bwCWOruAAAACMAARAD.jpg
5452,20vALrZ-Q5mA7tqz3YUzGwAAACMAARAD.jpg
5452,clLxQ0bwSdupR-4HynPAfQAAACMAARAD.jpg
5452,C4kD2aFjSBCiM29zADgIegAAACMAARAD.jpg
5460,XZ5FsiUDSyeMzLoZStXOGgAAACMAARAD.jpg
5460,2vYEyuJ9QXekFhtjMD7TuAAAACMAARAD.jpg
5460,DWypY0vmQR-G_oCn6-mGPAAAACMAARAD.jpg
5460,RYN9ln__SAumeIg3PaMP8wAAACMAARAD.jpg
5480,Z1KPlmWbQUmYDFZ9V4wwkgAAACMAARAD.jpg
5480,Rv-3BnEnSf6gD51tXXer2wAAACMAARAD.jpg
5480,r79fTo6bTwaH6HWPDmvSuAAAACMAARAD.jpg
5480,wdjZFdXsRV-vh2v7B2ZMLAAAACMAARAD.jpg
5480,6hmVKTJvTteOt_RWa_91fAAAACMAARAD.jpg
5487,WV-EPWueRkGkSKjSIQglMwAAACMAARAD.jpg
5499,wxuRGmwVR6yiXDP7Tk5LhwAAACMAARAD.jpg
5499,d6cq3A66Q4iBo-xvZpaImwAAACMAARAD.jpg
5499,wTdVP1GWRqmTFWBourP8EAAAACMAARAD.jpg
5499,FFVDb_hHRTmJT8V8oVlK0gAAACMAARAD.jpg
5499,i0n561GtSHy63jhtU8z7xQAAACMAARAD.jpg
5501,nknfttyXShyuLHpVirgCpQAAACMAARAD.jpg
5501,Eld30Rj1QH69xm_IP9pUugAAACMAARAD.jpg
5501,kPbuuBCzTvumWfFhfetDQAAAACMAARAD.jpg
5501,Zb-LslY_SPmzpFY-jQ6lDQAAACMAARAD.jpg
5501,wQ4druckS3SARmAGiN_I6AAAACMAARAD.jpg
5503,9HtyRDXRTWCVxgRLyC3tAAAAACMAARAD.jpg
5503,oERkookER6WAg8srnXT0hwAAACMAARAD.jpg
5503,S8VMt_6RSAemQNBbYQSn9gAAACMAARAD.jpg
5503,degcbCt2QhSBB6gzoX0KdAAAACMAARAD.jpg
5508,AEidmOH5Q9-pLlwcjqVNmAAAACMAARAD.jpg
5508,45MkrLYNRwy7G02OKvI_OgAAACMAARAD.jpg
5508,GxaU5Yq1QHiY9w4GTkaPmwAAACMAARAD.jpg
5508,qP3GUgzqRm-M1v7d6lwqSgAAACMAARAD.jpg
5508,TDH-rJm-TV6tl4NRE2F85wAAACMAARAD.jpg
5521,VWoczM38QziD3XiZNFnrCgAAACMAARAD.jpg
5521,KdsgK0tfSTqrS5d5G_UX-gAAACMAARAD.jpg
5521,xvimY3nYSX26GSXIRiyhXwAAACMAARAD.jpg
5521,iXrh0-LSRbu526oHRNcwAwAAACMAARAD.jpg
5521,kj8Gd4cGTLWqoRGrG2aqdQAAACMAARAD.jpg
5523,4WkGU5EtQmyjKu4cmUeSTwAAACMAARAD.jpg
5523,3T-sriyOSliWIozUkbcadQAAACMAARAD.jpg
5523,VlkApD5zRXmMkx3o056X5QAAACMAARAD.jpg
5523,5Kqaxb7vTP-RT9bpPOBBLAAAACMAARAD.jpg
5523,rf-HuovDQn2ATB9Gh2ZvcwAAACMAARAD.jpg
5534,UPA1fFbKQluMY6zDcxKfuQAAACMAARAD.jpg
5534,ilh4pYpzQzmZmqO-lDFiNAAAACMAARAD.jpg
5534,XrcSNjcLRYSe5myDNKc5mgAAACMAARAD.jpg
5534,ZzdYDLPlRfODKc1bvFMuXAAAACMAARAD.jpg
5534,yBbehdeoSEOqPAQ_4jk01AAAACMAARAD.jpg
5538,O1CN01SEpLS425MXpmdp836_!!0-mtopupload.jpg
5538,O1CN01zjRFNX1N8wyvRIbwS_!!0-mtopupload.jpg
5538,O1CN01yaSPyQ1eNT0RGF37a_!!0-mtopupload.jpg
5538,O1CN010NwVvS1YUtjlWAYhm_!!0-mtopupload.jpg
5538,O1CN01ay4BRW25UmxmDjon2_!!0-mtopupload.jpg
5569,gXY9cDrjStOlgjwqh6GD0AAAACMAARAD.jpg
5569,U-uXmc82RFe0uB8wtYZ_9AAAACMAARAD.jpg
5569,F466TxvFRfqm3Vv-bZBHAgAAACMAARAD.jpg
5569,sCLq_RhFS1iTt9PXEPXfdQAAACMAARAD.jpg
5569,yaIgrjwuS4O6slCG796pUAAAACMAARAD.jpg
5571,HFm4UepBTJ6ciYrnDTnaiwAAACMAARAD.jpg
5571,5XLMPSSFS8ey6aeWTJPROgAAACMAARAD.jpg
5571,Ich_aoBiRNaZvyqiKz5x1QAAACMAARAD.jpg
5571,El33Yi4bT62TsnZrydTVywAAACMAARAD.jpg
5571,vj5dKlk-SlGcDDVRAhy1LwAAACMAARAD.jpg
5582,QvcLbsDpSvKcLiWGzlaEsAAAACMAARED.jpg
5582,rzL2DfumQwGQPSX2ijqbAgAAACMAARAD.jpg
5582,Rgvr6lyiRqWVL8JieIh8kAAAACMAARAD.jpg
5582,JFv4UXpRRaKtzSKP2kc8EAAAACMAARED.jpg
5582,ZXx8NQ-MQH-DfzmKhDYWmwAAACMAARAD.jpg
5584,8fs2CGxZSHWmR6HKmPb5sAAAACMAARAD.jpg
5584,UpZNm85ASyWzTUKdpSvc0gAAACMAARAD.jpg
5584,FtGxgcSDRMGCD4Rija8SwgAAACMAARAD.jpg
5584,8YOY346kShKHirgD61-n-gAAACMAARAD.jpg
5584,UPRHoV_JQ3O_dsd2q-p8-AAAACMAARAD.jpg
5588,AXFWEPoeRAiHJEyMgSYpKAAAACMAARAD.jpg
5588,gVTs-mkXSzyJBDbal4FbcAAAACMAARAD.jpg
5588,wOdCCZv2RqaAJtVz5xU3nwAAACMAARAD.jpg
5588,9J8kZFgORGyv8BM07KbPVQAAACMAARAD.jpg
5588,PCTkH_mRQrO5XThWj_HB_gAAACMAARAD.jpg
5591,sdCQ0E61RLyy_u1yQZRi7gAAACMAARAD.jpg
5591,_vkpe8yMQj-suZbVnRxJ7wAAACMAARAD.jpg
5591,B6vyySR2SYuM3honl_wTkQAAACMAARAD.jpg
5591,om3lbjtDSqaxjq6humSENAAAACMAARAD.jpg
5591,SmETf96iTw63WbnvK3W_YAAAACMAARAD.jpg
5594,25CQt5_uTDeOO3DQjTJ-oAAAACMAARAD.jpg
5610,O1CN01iXL1IF1g5itIgXOee_!!0-mtopupload.jpg
5610,O1CN01YEMR1H1bgIRWQod02_!!0-mtopupload.jpg
5610,O1CN01TU5ZpO28dtgk7zbkH_!!0-mtopupload.jpg
5610,O1CN01YkqTMI27OUkekfQ7j_!!0-mtopupload.jpg
5610,O1CN014VSXna1N7ZnRJgrXx_!!6000000001523-0-antinsbiocamera.jpg
5622,GwOYXAEDRLeyg7wC_0LgDwAAACMAARAD.jpg
5622,Y1vUQQVTRxOOQHWY8wHIwgAAACMAARAD.jpg
5622,n9xD4oOsRXWSqDZAC7smVAAAACMAARAD.jpg
5622,onsSjDDzRqG31NT0rRs_swAAACMAARAD.jpg
5622,m_5zhRkbSMu5vw7llt8mkwAAACMAARAD.jpg
5625,VBelDTUsSOa_WDtLCujT-QAAACMAARAD.jpg
5625,kXvo9eWdTUmjYfBJIhdYpgAAACMAARAD.jpg
5625,Rkc6HMMeQl-M61il9DO3NwAAACMAARAD.jpg
5625,iHeFsL3kRaCAcO0AHdSHKgAAACMAARAD.jpg
5625,nlrpVOlBQiWK-z93mS_eEAAAACMAARAD.jpg
5628,Rf7tyWImSdOeNPLdNNw81AAAACMAARAD.jpg
5628,JuZecnM8SX-aFwF6_S36uQAAACMAARAD.jpg
5628,yppK_1ImSAq3JjoqR695RAAAACMAARAD.jpg
5628,4KQpBzyZSamVwTWTXe2TfwAAACMAARAD.jpg
5628,tjAEi3wKTxKGmCTKTlhASAAAACMAARAD.jpg
5631,BieKW3AnT7yzHj1qpyQpNwAAACMAARAD.jpg
5631,iXA77hbXRxmp6xoyhGjMqAAAACMAARED.jpg
5631,Nw0bGokPTOe7Hhg_2q8cHwAAACMAARAD.jpg
5631,PZsDikb1SfKGwli6OvdsrQAAACMAARED.jpg
5636,niyuB9PYTUmGSkyv6erpDgAAACMAARAD.jpg
5636,jn5DUfy6SdGNumPJVEJ_pAAAACMAARAD.jpg
5636,NGtELFtjTbKCiQNq0VSqZQAAACMAARAD.jpg
5636,QEqh4Jk4SsqmL6upthIf2AAAACMAARAD.jpg
5636,H_R9uwtCTDuerXsDoBJ_7AAAACMAARAD.jpg
5649,_j4Fy_LZRVOy7heP3qZFtwAAACMAARED.jpg
5649,NYbUe8k4QKa9GWHArdbD3AAAACMAARED.jpg
5649,nemBfspqTmSwG-8dIHJOtwAAACMAARAD.jpg
5649,87Ud4sAjRnikKgOBK4lZ0AAAACMAARED.jpg
5649,crnZHu4lQMmj6VWzCaw6TgAAACMAARAD.jpg
5654,FqkFbyh3S-iRdiuoyQkTsQAAACMAARAD.jpg
5654,O4evSscSQOaRanT5DclZ5wAAACMAARAD.jpg
5654,cOr4Q-vIToudfDTJK_hYsQAAACMAARAD.jpg
5654,Fv9FYvAkQc6AGTP11upBrwAAACMAARAD.jpg
5656,NHtoXmJsQbC2oYEEvNh-agAAACMAARAD.jpg
5656,7B--srC_TKKKH1ccdVhHJQAAACMAARAD.jpg
5656,eQT1_8OmRpKNZ41LUV90mQAAACMAARAD.jpg
5656,2iEC5ZrsSa2JpfKnTQbADQAAACMAARAD.jpg
5656,dRX2p0mwRrumfcxLhB9tHAAAACMAARAD.jpg
5670,z7SRCrsfQqCFkfL-WxvKkAAAACMAARAD.jpg
5670,WmmQfVkFSa6ES7uWWRqn-gAAACMAARAD.jpg
5670,WpudhUmPQtCbPSRoq9BnHgAAACMAARAD.jpg
5670,8Qwjp3LcQ3iDOb7i9kMsegAAACMAARAD.jpg
5670,ejYUJjUrTHmLuE2JKdcsRgAAACMAARAD.jpg
5672,O1CN01fjcDg01yHK0TN1bE3_!!0-mtopupload.jpg
5672,O1CN01FwhDIF1wj8peOpsqy_!!0-mtopupload.jpg
5672,O1CN018y9zNy1b2RyzTX0bZ_!!0-mtopupload.jpg
5672,O1CN017Zqu3U1WkLrs8drP0_!!0-mtopupload.jpg
5672,O1CN01i3vtpY1iOA4ELUKNq_!!0-mtopupload.jpg
5672,O1CN01ukFKMv1kRwZQAdP64_!!0-mtopupload.jpg
5677,vGAKq-TMTNeV5LTAlBj5ggAAACMAARAD.jpg
5677,ydJW6409RSKvBzpK1xzS0QAAACMAARAD.jpg
5677,fcg3fFELSXuinicx0-hYRQAAACMAARAD.jpg
5677,FjU3DCiVRJi-p0oNR-tAGgAAACMAARAD.jpg
5677,5H_5JzzcTemv0Pp6LV4d1AAAACMAARAD.jpg
5677,xwiaT4SHTLGOVAZCtHq9yQAAACMAARAD.jpg
5702,4AGq8NKSRuOp1uokfOiJnwAAACMAARAD.jpg
5702,gpZWgwFPRP-Iq02OHwMZPgAAACMAARAD.jpg
5704,EIpoK14ATmCiS-H_pM6kvAAAACMAARAD.jpg
5704,Sz6t1kxuSjqrB9PpBED6oAAAACMAARED.jpg
5704,4zN2JMNhQYWDS2AtX0u64wAAACMAARAD.jpg
5704,2G8MIAaDRluIS-ucQOWdigAAACMAARAD.jpg
5704,P-Bqr9U1Tqa9eJtGWudTxgAAACMAARAD.jpg
5704,IlaouobwQyib5LO0My4xMAAAACMAARAD.jpg
5706,55fo6TlLS8mFijkrYINs0AAAACMAARAD.jpg
5706,BmtxLNdXTdqX4SH1-mkYHQAAACMAARAD.jpg
5706,I-4jbqVlSyeXyWm3u8uXGQAAACMAARAD.jpg
5706,dE5D0FnIS42ZuBi1OUZO3AAAACMAARAD.jpg
5706,VH_MJsWWTsmHaQP-fiUEjwAAACMAARAD.jpg
5706,dNTm6a6ZQU-tMrEpqKmLXwAAACMAARAD.jpg
5718,8quPjI33SE-iyYx4UOnjkQAAACMAARAD.jpg
5720,32mJ2Fl5TkCqbcWzhvZbowAAACMAARAD.jpg
5720,unXpdCHiSwq1IsIo2bI8PAAAACMAARAD.jpg
5720,1yv1XFmYQIqGC3ETpIuU2QAAACMAARAD.jpg
5720,bLTeDYoJSBixVjfTNNJNCwAAACMAARAD.jpg
5720,PXhnsQ6BSAW7VRUKjS1fswAAACMAARAD.jpg
5720,bFGitjnDRq-tq8QMMSegPgAAACMAARAD.jpg
5721,nJgaXjMbQz6gOoKCxrXfQAAAACMAARAD.jpg
5721,VhTnM3vfTZ-8xD9trXiLSAAAACMAARAD.jpg
5721,YogXrvTpT3CF9S-8BEORggAAACMAARAD.jpg
5721,5Ex230jYRSyT4TtBSWJ8EwAAACMAARAD.jpg
5721,Nr4fpTnSRWGdwsellE27SQAAACMAARAD.jpg
5721,B4vLF17OQ7iz0JDSOsJBYwAAACMAARAD.jpg
5722,spShQhU4QW2E7C_-GrtwBwAAACMAARAD.jpg
5722,tZ9Ffj0eTdiamVFL64HrAwAAACMAARAD.jpg
5722,dyxtW91GQ3m1hwcxGe6xNQAAACMAARAD.jpg
5722,qgavx9MpTKmRS4fnYbYGyQAAACMAARAD.jpg
5722,_Gk8A1x2SNG4u7FHq0Ix4wAAACMAARAD.jpg
5722,bMTOZCIyTXCpPa4ub3bHTQAAACMAARAD.jpg
5749,CsysDwi5QjeJ03Wvg2F9SAAAACMAARAD.jpg
5749,yzkrh0IDQUS0CKZZtweE0gAAACMAARAD.jpg
5757,tJDuEYiaTTSKF7b-QNnRbgAAACMAARAD.jpg
5757,x22XN24XQiaxAuBA2h4LVQAAACMAARAD.jpg
5757,YKrsyS6qRZ-rCTySE0CuoAAAACMAARAD.jpg
5757,CKbkmQ4qQU2iTWtu0-Ek3gAAACMAARAD.jpg
5757,HqCc8PT8QMalF5QdbcP9UwAAACMAARAD.jpg
5757,PYuk0PscTpKyg5nsQBOYZgAAACMAARAD.jpg
5759,uI5fw6x6QLSNO_eB4fXEZwAAACMAARAD.jpg
5759,lYGQmBMSTy-dsdIl44yVLQAAACMAARAD.jpg
5759,tQd1XCVwSy27_2CRPo0NAAAAACMAARAD.jpg
5759,crE-yGuKTyaiQLaA4borcAAAACMAARAD.jpg
5759,ZHZk4AZQS--WR22W_HmhtwAAACMAARAD.jpg
5759,x8Wo4mizQyiMb9ZQPKg2hgAAACMAARAD.jpg
5770,jV3ehro-TYitsrnBzUlcVgAAACMAARAD.jpg
5770,6s492Y5LR5Kto8OzVdvpHQAAACMAARAD.jpg
5770,AG7rU6obTP2cA80UVvA9VgAAACMAARAD.jpg
5770,C5W99xn9Rpmnq-8QffgzswAAACMAARAD.jpg
5770,5tv9hCixSeCiHja6EI7b6AAAACMAARAD.jpg
5770,gssR255rQKW-hXQD0Y7E_AAAACMAARAD.jpg
5778,hc_8dM3TTzeQxx1wn6w2ogAAACMAARAD.jpg
5778,KtjlPeKCRb-0vismjLY7MgAAACMAARED.jpg
5778,hL3x2UFYTb-fOuBIwUKJMAAAACMAARED.jpg
5778,imqELfCBQ0anyzmOWFa77wAAACMAARAD.jpg
5778,gO5e4wDlTpSBMkBADWucyQAAACMAARED.jpg
5778,40cC6HWzRva34jaC_YZZAwAAACMAARED.jpg
5779,jljP-9JORDyajV3g_xwG_wAAACMAARAD.jpg
5779,t7OjT-JkTe-fdqtZnMC8oAAAACMAARAD.jpg
5779,kI8JptLQRmKD74_JZNiHXQAAACMAARAD.jpg
5779,nAi--2AISa2-kG4iYClrZAAAACMAARAD.jpg
5779,J4N-el7oSxaafAyjuSBgGAAAACMAARAD.jpg
5779,8QdADX6zQ3mS9dmE-VCOBgAAACMAARAD.jpg
5782,MfYoqfAzSxyKWkDANp68IQAAACMAARAD.jpg
5782,YoSHu2JrTOO6hQ5gU0XFegAAACMAARAD.jpg
5782,wOtJM1xTQZ6YLMlLIsR6RQAAACMAARAD.jpg
5782,uKy0yW2aSKGHTpR2lfUysQAAACMAARAD.jpg
5782,3TWmN3cgR6O-z4Ry4M-TngAAACMAARAD.jpg
5782,ysnTdNgkTQ2KcesYGinCrgAAACMAARAD.jpg
5784,LNlPtwVGSl-ipHGlshPDWAAAACMAARAD.jpg
5784,8Qw6qRpuSFiqsPEqj_LOpwAAACMAARAD.jpg
5784,HuSWm8MwS8C21fYeSVVyagAAACMAARAD.jpg
5784,lFnXbsgySbe-RMVrti88KQAAACMAARAD.jpg
5784,PKvgCxspT06mVkCupz9C2QAAACMAARAD.jpg
5800,FzycvDuPSGu-ef2sruqE3wAAACMAARAD.jpg
5800,0RdU88SNSb2s-y4NxFgNfwAAACMAARAD.jpg
5800,f4a1-1TxSRStvQAki3vjjQAAACMAARAD.jpg
5800,Xep9PWi-TnyRkBu-1lOpugAAACMAARAD.jpg
5800,qt9ydc-FTHqABlnv0E338AAAACMAARAD.jpg
5800,_QZZGgcwSouH-KhMhR6KcAAAACMAARAD.jpg
5805,zGfOrLgJRWq4z48tv9EHeQAAACMAARAD.jpg
5805,WONvMSM7TiuLnaBmvKNEiAAAACMAARAD.jpg
5805,WNf53_8ITqK97-33UL-ISgAAACMAARAD.jpg
5805,ee9SWo2zTeyS2Xh3WfHGaQAAACMAARAD.jpg
5805,oUwFV4MkS2S9joIua_wkvwAAACMAARAD.jpg
5805,8uu1FfYMQXe3pxQOcXQR9gAAACMAARAD.jpg
5814,RIZCEXosSOm6gQj1pn6RSAAAACMAARAD.jpg
5814,HqDGqYKiSIyabK5pfkisgQAAACMAARAD.jpg
5814,HekMXIAUTl2HXeAFu4VTAgAAACMAARAD.jpg
5814,A2fZWAEeTfWyTqA6MlIezgAAACMAARAD.jpg
5814,FqQ7Yv3sQqamD1XqNUNQeQAAACMAARAD.jpg
5814,8Sk3KFu_QmSMZX_JxB-X2QAAACMAARAD.jpg
5816,w9YQq4_NScePMhUzHiU7ugAAACMAARAD.jpg
5816,YDkF-IExTl-pKxGA-asCwwAAACMAARAD.jpg
5816,_YxN02DfQ7OUYkwftQP0QQAAACMAARAD.jpg
5816,aa7CED-ZTiSSG_-WFIoMkwAAACMAARAD.jpg
5816,pb5VFO7UQBWHMuwgRE5PHgAAACMAARAD.jpg
5816,hoWp7-3lQi-3jCssfpyVaAAAACMAARAD.jpg
5824,frdTcr-kQKe_ugKUa32pmwAAACMAARAD.jpg
5824,a_y5GjiXSBqOEP8KG75kswAAACMAARED.jpg
5824,95yWrxU0SHOjvzfmAl1GjwAAACMAARAD.jpg
5824,uxwfx91iR5GKZanJd9Z42wAAACMAARAD.jpg
5824,s-goRr4zRqihodt8c49wvwAAACMAARAD.jpg
5824,9EtIyANfQc61eEfskXaVGQAAACMAARED.jpg
5827,8bqSm5suQB-TkC66R2F-lgAAACMAARAD.jpg
5827,Ej2g9nnhTLyYvf0RFPPZMgAAACMAARAD.jpg
5827,ZAn-g8hsST-RLZKUI_1_YgAAACMAARAD.jpg
5827,gioGl7mwSCab39gMX8ARnAAAACMAARAD.jpg
5827,omt8M0kmRMSuRUW91x_fLgAAACMAARAD.jpg
5827,1u5RC96DSSGhP-caETvXfQAAACMAARAD.jpg
5836,NpL0Hs0eTzGvq6-Kp2J-RwAAACMAARAD.jpg
5836,BnMTwNDZTDic7PE_4wP9cwAAACMAARAD.jpg
5836,wIszWZIYQC224vOq0XhO2gAAACMAARAD.jpg
5836,Kaf40bOpT5G9tQ2a92m9aQAAACMAARAD.jpg
5836,4mdzWDyRQ82GuQWRmzSQBQAAACMAARAD.jpg
5836,5-dDbF_HS_O0O2_34lIV9AAAACMAARAD.jpg
5838,elfhVqTdQpWv6R3PsHqMjQAAACMAARAD.jpg
5838,frarTD7lTOqgeRc7RMPqNQAAACMAARAD.jpg
5838,jjWLPK10Q3S11BG3fnopQgAAACMAARAD.jpg
5838,KhYwboiXREiuD9ad__7GDwAAACMAARAD.jpg
5838,YFn8FC0cQFGTffeP-0YugAAAACMAARAD.jpg
5838,8HPPNmXFR0O3msRIxa8WnQAAACMAARAD.jpg
5840,36L3Z5XgRFWtMVjSmPOSTwAAACMAARAD.jpg
5840,VExaZWAxSUuI3YKpQvrnIgAAACMAARAD.jpg
5840,6RjEAJmWRo2IAW2PEigq5wAAACMAARAD.jpg
5840,8fDO2NZcTqetpeRD2liw8gAAACMAARAD.jpg
5840,nkgYYoZXQzq6kUQOjL6cQgAAACMAARAD.jpg
5840,xW1Mn56mRh-OB69ayDWmoQAAACMAARAD.jpg
5842,QQxyNEuVSAWRtd0Fk3TSiAAAACMAARAD.jpg
5842,j00zrtFURoqtClI52lMJUAAAACMAARAD.jpg
5842,UGSrDzPcQN2snR0B29V38AAAACMAARAD.jpg
5842,4PnTMDonSgyab2bzQ-yK9wAAACMAARAD.jpg
5842,uwbM_KZaT4WXCQZJ66Ib_QAAACMAARAD.jpg
5842,J1O8TQTwTPSajGqg9HcALwAAACMAARAD.jpg
5857,dsoIAzfXQvGCsWjUbb4X8AAAACMAARAD.jpg
5857,25_WUrUGSRSwEQtlCIA78gAAACMAARAD.jpg
5857,9Z0hAJwqQ_Sp0MUIGh4b1wAAACMAARAD.jpg
5857,otcaKuZmTvi_QxerP6VRdAAAACMAARAD.jpg
5857,LkTAGmb3TGuGGZHU52brUQAAACMAARAD.jpg
5857,X7bAJ7tFSBG_4F661zvLggAAACMAARAD.jpg
5858,-6WHQxGYR3ej96FqYNv-hAAAACMAARAD.jpg
5858,g1oOHJOvS4qxd5DGYu64FgAAACMAARAD.jpg
5858,HMN8oNTtTIaofpt7eRl3dwAAACMAARAD.jpg
5858,XDjg9OcHR_imQ2hoka747gAAACMAARAD.jpg
5858,qHnFLmDMQMiYxAn70xvcRwAAACMAARAD.jpg
5858,MkS_FJIUSj-AkfBJ2KVoEwAAACMAARAD.jpg
5859,QiREoZZIR4-HVb2IYPQWXwAAACMAARED.jpg
5859,qvyQGoFhTm69RSHS-41E9QAAACMAARAD.jpg
5859,rPNyWMgLSMewMHD2BSt6gAAAACMAARAD.jpg
5859,wsFUWtimSpau8CNMYn1IEAAAACMAARAD.jpg
5859,W2GbcBOXQ8S9PGJqLQppPQAAACMAARED.jpg
5859,NEaQDqOzRj2kGdWgt4KrigAAACMAARAD.jpg
5861,5xr55tW6SGCb4W78k-0IXwAAACMAARAD.jpg
5861,oO24Om4hRGmWxTCA3nJ4iwAAACMAARAD.jpg
5861,Z_Hv1amYSOKoJUJcV5cxjwAAACMAARAD.jpg
5861,UB-NZRT8SxapdoqCNWuvvAAAACMAARAD.jpg
5861,tk4mOGEERLCxkiRM1WOXuwAAACMAARAD.jpg
5869,nLPicZeITKm4SZnyM0IhZAAAACMAARAD.jpg
5869,CGF0IrWnSRGBFZV0QP-bbAAAACMAARAD.jpg
5869,P5hxM2vbRp-Tj8clXHs-NQAAACMAARAD.jpg
5869,qOv8xeZkRVeDHmMZ8t0QaAAAACMAARAD.jpg
5869,eVAexCuGQ-2ZHt6vXBAIlwAAACMAARAD.jpg
5869,XX6adT1pTv6LJ-Njrj_c1wAAACMAARAD.jpg
5876,eHBYLvENTQGKAnE0v0CurwAAACMAARAD.jpg
5876,dsoua9awQ96zA43Lqf2KVgAAACMAARAD.jpg
5876,do9fiCurQMewDq6x14MTlgAAACMAARAD.jpg
5876,5Oscl8XJRRC2rytTlGL-0AAAACMAARAD.jpg
5888,rMWpilyUToW_ESjYFAiCGwAAACMAARAD.jpg
5888,ZyHG3kTpSISXJaNBidsZFQAAACMAARAD.jpg
5888,njtY4KL6SaGt4JXiaTK7hgAAACMAARAD.jpg
5932,JikNLX13RouEBv1bQPnkMAAAACMAARAD.jpg
5932,wlvKhmPsRnuzCvy0hg9dSQAAACMAARAD.jpg
5932,T3Ow5yM2ThqSP6KFh8RfwAAAACMAARAD.jpg
5932,rXxlFn69QMONIxtgsZJajQAAACMAARAD.jpg
5932,dGG2aRuKRkqEOETt9YkP4gAAACMAARAD.jpg
5932,7YkNrZhwSFKUwj4wGuhjBwAAACMAARAD.jpg
5941,xBdVq70UQVmGuGbRAbLiKAAAACMAARAD.jpg
5941,Gy5X3mM5RdSB0CqW4GSoGwAAACMAARAD.jpg
5941,OjXGrQwIRLe0jn5ENTl1XwAAACMAARAD.jpg
5941,f6GMYs9cRVe3Vy5EDVVBpgAAACMAARAD.jpg
5941,qyqNN_HDShqToEUCAcDKYQAAACMAARAD.jpg
5941,GkKIt_19Rh2gdu0uxH4mbgAAACMAARAD.jpg
5956,igBDl6ziSdODf-fpbtEL1wAAACMAARAD.jpg
5956,sXCLxmKsRfaVAGlXbY1y3wAAACMAARAD.jpg
5956,obyrOEluQJ2NMnX7G7GA0wAAACMAARAD.jpg
5956,IJnfoTCGRzy_PnKxNA20FAAAACMAARAD.jpg
5956,U1EDgPaORkycuNu19c1crAAAACMAARAD.jpg
5956,yUud5fmzR3q6UJMUV6hLQwAAACMAARAD.jpg
5957,bcn92ETmR3OJk3KR9IsmiQAAACMAARAD.jpg
5957,8iDXzLM4RtOtrlot95uL0AAAACMAARAD.jpg
5957,J1CtsgliQ_Wz7dWKjUh9SwAAACMAARAD.jpg
5957,AxQOGcN4RkCPWfcMhYgBuQAAACMAARAD.jpg
5957,0GdWO5icQbKwpuwrEKLdgwAAACMAARAD.jpg
5957,p_poUnC6T06GTFnucmRJSwAAACMAARAD.jpg
5960,kD-WZuK9Rae4NoG1n7HHwAAAACMAARAD.jpg
5960,7ACCezYsSqiEz-zehRjeGAAAACMAARAD.jpg
5960,VjekR6ueSNOq94VvNYUcgAAAACMAARAD.jpg
5960,1DUlr4dURtqhdRrCS69ZgAAAACMAARAD.jpg
5960,C7LFRq-yQ3al5ElDQWDhUAAAACMAARAD.jpg
5960,IsIe7tHGSEe9XWBTYTZTqwAAACMAARAD.jpg
5965,Z1qDRVboSz625P_djDkBSwAAACMAARAD.jpg
5965,IvmXxLWaQd-LKBYjjNz-zwAAACMAARAD.jpg
5965,Tt0AYk7ASkeS8q4TGaZ2FAAAACMAARAD.jpg
5965,32oZCggVTXitEpu5VNf6FAAAACMAARAD.jpg
5965,RZ0pi9gnRguCbwW_2IFLegAAACMAARAD.jpg
5965,bSowLH_QSz-W1UMpKjz0owAAACMAARAD.jpg
5966,kVx_E1ohTniMFhLQU_YaagAAACMAARAD.jpg
5966,zQs0kBsAS2mS20h_2hp37AAAACMAARAD.jpg
5966,8qks6YhlRy-wDJtrkIZaIgAAACMAARAD.jpg
5966,shv8oNWbQzuuIU83B0uJKAAAACMAARAD.jpg
5966,HO658TQUQEWkFzwQclWO6QAAACMAARAD.jpg
5966,2d-0eWw0TDKv5kSoh012ogAAACMAARAD.jpg
5971,QdzTTlrGTCCQ1F9xM9w-rwAAACMAARED.jpg
5971,PWdM972oTLS4wJJ319jekgAAACMAARED.jpg
5971,6g8v5a03RwKTmcG_80RgNwAAACMAARED.jpg
5971,K36qV-IBRmOVon1zVvZi5gAAACMAARAD.jpg
5971,T9sfxIkpSdiBNdMd91kAeAAAACMAARAD.jpg
5971,6FeS5IF9S-6wW1rE2DkkNgAAACMAARAD.jpg
5973,lk6TjulLSlK2EtPG2bOT1wAAACMAARAD.jpg
5973,pJMeyxnvRPOCrS-s9zDN6AAAACMAARAD.jpg
5973,eub05Tg8Ri20vTxIGswtRwAAACMAARAD.jpg
5973,i_qZgpvUQ6CuKFZzKixaaQAAACMAARAD.jpg
5973,9OMvA3NtSGCRN6ymcLH-cAAAACMAARAD.jpg
5973,M00cOfTlQD-7SbSDoVEZiwAAACMAARAD.jpg
5977,oAlUaNt0SoOd1pDlZebq6QAAACMAARAD.jpg
5977,46wgkuZZT6eVVCnVPQgrpgAAACMAARAD.jpg
5977,i9DxLNTFRVa_ErPFgVJ3uAAAACMAARAD.jpg
5977,xEkROLFrT8eZz88qyGMUDgAAACMAARAD.jpg
5977,w3FwASvhSDy_zI6aKPh33gAAACMAARAD.jpg
5977,elFmGazMSCiTA9cBKwcuMwAAACMAARAD.jpg
5998,8BujMxsVRvWOAhf1DW4HXgAAACMAARAD.jpg
5998,RJaJONp-R9-6Wg29qPh_MQAAACMAARAD.jpg
5998,ORZnfTwMTGmDKW-_9Zm_cAAAACMAARAD.jpg
5998,zusOFo_RSsqRAqtrfJ1fEgAAACMAARAD.jpg
5998,s5_LPbJATXy82lMu1uSeJQAAACMAARAD.jpg
5998,xPWXoOz0RJ2uGy381aUq9wAAACMAARAD.jpg
5999,J9zK50Y5RvujoRzPnQkXBAAAACMAARAD.jpg
5999,2A23mcKTRe6iwvdle-DnoQAAACMAARAD.jpg
5999,dTUY37UVRheaLCsCQ6X01AAAACMAARAD.jpg
